frame,timestamp,student_id,class_name,gaze_score,posture_score,motion_score,engagement_score
1,1775027038.9078794,1,person,0.5,0.6,0.0,0.44999999999999996
1,1775027038.9078794,2,person,0.5,1.0,0.0,0.55
1,1775027038.9078794,3,person,0.5,1.0,0.0,0.55
1,1775027038.9078794,6,person,0.5,0.6,0.0,0.44999999999999996
1,1775027038.9078794,7,person,0.5,1.0,0.0,0.55
1,1775027038.9078794,9,person,0.5,1.0,0.0,0.55
1,1775027038.9078794,11,person,0.5,1.0,0.0,0.55
1,1775027038.9078794,12,person,0.5,1.0,0.0,0.55
1,1775027038.9078794,13,person,0.5049887895584106,1.0,0.0,0.5529932737350464
1,1775027038.9078794,14,person,0.5,1.0,0.0,0.55
1,1775027038.9078794,15,person,0.5,1.0,0.0,0.55
2,1775027046.4805744,1,person,0.5,0.6,0.43724289536476135,0.5155864357948303
2,1775027046.4805744,2,person,0.5,1.0,0.41919153928756714,0.6128787398338318
2,1775027046.4805744,3,person,0.5,1.0,0.36523380875587463,0.6047850847244263
2,1775027046.4805744,6,person,0.5,0.6,0.1457025408744812,0.47185537219047546
2,1775027046.4805744,7,person,0.5,1.0,0.49843207001686096,0.6247648000717163
2,1775027046.4805744,9,person,0.5,1.0,0.21966512501239777,0.5829497575759888
2,1775027046.4805744,11,person,0.5,1.0,0.09211589395999908,0.5638173818588257
2,1775027046.4805744,12,person,0.5,1.0,0.15410521626472473,0.5731158256530762
2,1775027046.4805744,13,person,0.47801071405410767,1.0,0.253062903881073,0.5747658610343933
2,1775027046.4805744,14,person,0.5,0.6,0.4682578146457672,0.5202386379241943
2,1775027046.4805744,15,person,0.4372245669364929,1.0,0.15894672274589539,0.5361768007278442
3,1775027048.99361,1,person,0.5,0.6,0.3067457973957062,0.4960118532180786
3,1775027048.99361,2,person,0.5,1.0,0.19545677304267883,0.5793185234069824
3,1775027048.99361,3,person,0.5,1.0,0.3419966399669647,0.601299524307251
3,1775027048.99361,6,person,0.5,0.6,0.18481379747390747,0.47772204875946045
3,1775027048.99361,7,person,0.5,1.0,0.14841173589229584,0.5722617506980896
3,1775027048.99361,9,person,0.5,1.0,0.3761807084083557,0.6064271330833435
3,1775027048.99361,11,person,0.5,1.0,0.060727477073669434,0.5591091513633728
3,1775027048.99361,12,person,0.5,1.0,0.17175409197807312,0.5757631063461304
3,1775027048.99361,13,person,0.5,1.0,0.18750718235969543,0.578126072883606
3,1775027048.99361,14,person,0.5,0.6,0.7621661424636841,0.5643249154090881
3,1775027048.99361,15,person,0.567083477973938,1.0,0.27037474513053894,0.6308062672615051
4,1775027051.2721326,1,person,0.5,0.6,0.23343482613563538,0.48501521348953247
4,1775027051.2721326,2,person,0.5,1.0,0.22134307026863098,0.5832014679908752
4,1775027051.2721326,3,person,0.5,1.0,0.2842840850353241,0.592642605304718
4,1775027051.2721326,6,person,0.5,0.6,0.12118043750524521,0.46817705035209656
4,1775027051.2721326,7,person,0.5,1.0,0.14571532607078552,0.5718573331832886
4,1775027051.2721326,9,person,0.5,1.0,0.3580409288406372,0.6037061810493469
4,1775027051.2721326,11,person,0.5,1.0,0.21126408874988556,0.5816895961761475
4,1775027051.2721326,12,person,0.5,0.6,0.07309667021036148,0.46096450090408325
4,1775027051.2721326,13,person,0.5,1.0,0.26527729630470276,0.5897915959358215
4,1775027051.2721326,14,person,0.5,0.6,0.33597418665885925,0.5003961324691772
4,1775027051.2721326,20,person,0.5,1.0,0.0,0.55
5,1775027053.4968705,1,person,0.5,0.6,0.20302776992321014,0.48045414686203003
5,1775027053.4968705,2,person,0.5,1.0,0.09446100145578384,0.56416916847229
5,1775027053.4968705,3,person,0.5,1.0,0.15727224946022034,0.573590874671936
5,1775027053.4968705,6,person,0.5,0.6,0.11213604360818863,0.4668203890323639
5,1775027053.4968705,7,person,0.5,1.0,0.32965609431266785,0.5994484424591064
5,1775027053.4968705,9,person,0.5,1.0,0.562744677066803,0.6344116926193237
5,1775027053.4968705,11,person,0.5,1.0,0.12143166363239288,0.5682147741317749
5,1775027053.4968705,12,person,0.5,1.0,0.0854479968547821,0.5628172159194946
5,1775027053.4968705,13,person,0.5,1.0,0.18859480321407318,0.5782892107963562
5,1775027053.4968705,14,person,0.5,0.6,0.3425697386264801,0.5013854503631592
5,1775027053.4968705,20,person,0.5,1.0,0.06788294017314911,0.5601824522018433
5,1775027053.4968705,15,person,0.4964686632156372,1.0,1.0,0.6978811979293823
6,1775027055.9266572,1,person,0.5,1.0,0.36512768268585205,0.6047691702842712
6,1775027055.9266572,2,person,0.5,1.0,0.14821699261665344,0.5722325444221497
6,1775027055.9266572,3,person,0.5,1.0,0.13834142684936523,0.5707512497901917
6,1775027055.9266572,6,person,0.5,0.6,0.15378163754940033,0.4730672240257263
6,1775027055.9266572,7,person,0.5,1.0,0.13298171758651733,0.5699472427368164
6,1775027055.9266572,9,person,0.5,1.0,0.3040522336959839,0.5956078767776489
6,1775027055.9266572,11,person,0.5,1.0,0.23598098754882812,0.5853971838951111
6,1775027055.9266572,12,person,0.5,1.0,0.0467119999229908,0.5570068359375
6,1775027055.9266572,13,person,0.5,1.0,0.16333839297294617,0.5745007991790771
6,1775027055.9266572,14,person,0.5,0.6,0.13439297676086426,0.4701589345932007
6,1775027055.9266572,20,person,0.5,1.0,0.1743040531873703,0.5761456489562988
6,1775027055.9266572,15,person,0.5975703001022339,1.0,1.0,0.7585421800613403
7,1775027058.2543793,1,person,0.5,1.0,0.4043239951133728,0.6106486320495605
7,1775027058.2543793,2,person,0.5,1.0,0.17477251589298248,0.5762158632278442
7,1775027058.2543793,3,person,0.5,1.0,0.10425714403390884,0.5656386017799377
7,1775027058.2543793,6,person,0.5,0.6,0.21088063716888428,0.4816320836544037
7,1775027058.2543793,7,person,0.5,1.0,0.1690818965435028,0.5753623247146606
7,1775027058.2543793,9,person,0.5,0.6,0.2599164545536041,0.48898744583129883
7,1775027058.2543793,11,person,0.5,1.0,0.09831380099058151,0.5647470951080322
7,1775027058.2543793,12,person,0.5,1.0,0.105784572660923,0.5658677220344543
7,1775027058.2543793,13,person,0.5,1.0,0.39243873953819275,0.6088657975196838
7,1775027058.2543793,14,person,0.5,0.6,1.0,0.6
7,1775027058.2543793,15,person,0.5677462220191956,1.0,1.0,0.7406477332115173
8,1775027060.9892678,1,person,0.5,1.0,0.4290466904640198,0.6143569946289062
8,1775027060.9892678,2,person,0.5,1.0,0.23640990257263184,0.5854614973068237
8,1775027060.9892678,3,person,0.5,1.0,0.09966759383678436,0.564950168132782
8,1775027060.9892678,6,person,0.5,0.6,0.254210889339447,0.4881316125392914
8,1775027060.9892678,7,person,0.5,1.0,0.3555898666381836,0.6033384799957275
8,1775027060.9892678,9,person,0.5,0.6,0.42155560851097107,0.5132333040237427
8,1775027060.9892678,11,person,0.5,1.0,0.0956641435623169,0.5643496513366699
8,1775027060.9892678,12,person,0.5,1.0,0.10790954530239105,0.5661864280700684
8,1775027060.9892678,13,person,0.5,1.0,0.20786957442760468,0.5811804533004761
8,1775027060.9892678,14,person,0.5,0.6,0.527251660823822,0.5290877223014832
8,1775027060.9892678,15,person,0.5712258219718933,1.0,0.38428795337677,0.6503786444664001
9,1775027063.3116667,1,person,0.5,1.0,0.521987795829773,0.6282981634140015
9,1775027063.3116667,2,person,0.5,1.0,0.4827336370944977,0.6224100589752197
9,1775027063.3116667,3,person,0.5,1.0,0.15212757885456085,0.572819173336029
9,1775027063.3116667,6,person,0.5,0.6,0.24257485568523407,0.4863862097263336
9,1775027063.3116667,7,person,0.5,1.0,0.30766361951828003,0.5961495637893677
9,1775027063.3116667,9,person,0.5,0.6,0.4703105092048645,0.520546555519104
9,1775027063.3116667,11,person,0.5,1.0,0.0736389011144638,0.5610458254814148
9,1775027063.3116667,12,person,0.5,1.0,0.0987526923418045,0.5648128986358643
9,1775027063.3116667,13,person,0.6081056594848633,1.0,0.10483299195766449,0.6305883526802063
9,1775027063.3116667,14,person,0.5,0.6,0.3142027258872986,0.4971303939819336
9,1775027063.3116667,15,person,0.6568220257759094,1.0,0.42384281754493713,0.7076696157455444
10,1775027065.6184764,1,person,0.5,1.0,0.3733617663383484,0.6060042977333069
10,1775027065.6184764,2,person,0.5,1.0,0.4360266327857971,0.6154040098190308
10,1775027065.6184764,3,person,0.5,1.0,0.1633698046207428,0.5745055079460144
10,1775027065.6184764,6,person,0.5,0.6,0.30609968304634094,0.49591493606567383
10,1775027065.6184764,7,person,0.5,1.0,0.27267974615097046,0.5909019708633423
10,1775027065.6184764,9,person,0.5,0.3,0.440173476934433,0.4410260319709778
10,1775027065.6184764,11,person,0.5,1.0,0.13112807273864746,0.569669246673584
10,1775027065.6184764,12,person,0.5,1.0,0.06618554145097733,0.5599278211593628
10,1775027065.6184764,13,person,0.5,1.0,0.21250176429748535,0.5818752646446228
10,1775027065.6184764,15,person,0.6923847198486328,1.0,0.29316848516464233,0.7094061374664307
11,1775027067.8072433,1,person,0.5,1.0,0.2087932527065277,0.5813189744949341
11,1775027067.8072433,2,person,0.5,1.0,0.9442046880722046,0.6916307210922241
11,1775027067.8072433,3,person,0.5,1.0,0.12982580065727234,0.5694738626480103
11,1775027067.8072433,6,person,0.5,0.6,0.32351917028427124,0.498527854681015
11,1775027067.8072433,9,person,0.5,0.6,0.952511191368103,0.592876672744751
11,1775027067.8072433,11,person,0.5,1.0,0.09382224828004837,0.5640733242034912
11,1775027067.8072433,12,person,0.5,1.0,0.0599699392914772,0.5589954853057861
11,1775027067.8072433,13,person,0.5,1.0,0.20579083263874054,0.580868661403656
11,1775027067.8072433,15,person,0.6529635190963745,1.0,0.4612475335597992,0.7109652757644653
11,1775027067.8072433,14,person,0.5,1.0,0.2955038845539093,0.594325602054596
12,1775027069.9390905,1,person,0.5,0.6,0.40478283166885376,0.5107173919677734
12,1775027069.9390905,2,person,0.5,1.0,0.5811222195625305,0.6371683478355408
12,1775027069.9390905,3,person,0.5,1.0,0.1218385249376297,0.5682758092880249
12,1775027069.9390905,6,person,0.5,0.6,0.1256818324327469,0.4688522517681122
12,1775027069.9390905,9,person,0.5,0.6,0.37578973174095154,0.5063684582710266
12,1775027069.9390905,11,person,0.5,1.0,0.10971046984195709,0.5664565563201904
12,1775027069.9390905,12,person,0.5,1.0,0.09245137125253677,0.5638676881790161
12,1775027069.9390905,13,person,0.5,1.0,0.4220232367515564,0.6133034825325012
12,1775027069.9390905,15,person,0.7142418026924133,1.0,0.22632738947868347,0.7124941945075989
12,1775027069.9390905,14,person,0.5,0.6,0.28217813372612,0.4923267066478729
12,1775027069.9390905,7,person,0.5,1.0,0.2798407971858978,0.5919761061668396
13,1775027072.2067995,1,person,0.5,0.6,0.3090978264808655,0.49636465311050415
13,1775027072.2067995,2,person,0.5,1.0,0.7229673862457275,0.6584451198577881
13,1775027072.2067995,3,person,0.5,1.0,0.14008858799934387,0.571013331413269
13,1775027072.2067995,6,person,0.5,0.6,0.19352653622627258,0.47902897000312805
13,1775027072.2067995,9,person,0.5,1.0,0.23303166031837463,0.5849547386169434
13,1775027072.2067995,11,person,0.5,1.0,0.0990578904747963,0.5648586750030518
13,1775027072.2067995,12,person,0.5,1.0,0.1160769909620285,0.5674115419387817
13,1775027072.2067995,13,person,0.5,1.0,0.1742849051952362,0.5761427283287048
14,1775027074.1261122,1,person,0.5,1.0,0.3519855737686157,0.6027978658676147
14,1775027074.1261122,2,person,0.5,1.0,0.1266755312681198,0.569001317024231
14,1775027074.1261122,3,person,0.5,1.0,0.27124279737472534,0.5906864404678345
14,1775027074.1261122,6,person,0.5,0.6,0.08265570551156998,0.46239835023880005
14,1775027074.1261122,9,person,0.5,1.0,0.3166100084781647,0.5974915027618408
14,1775027074.1261122,11,person,0.5,1.0,0.23378674685955048,0.5850680470466614
14,1775027074.1261122,12,person,0.5,1.0,0.07082214206457138,0.5606233477592468
14,1775027074.1261122,13,person,0.5,1.0,0.11099330335855484,0.5666490197181702
14,1775027074.1261122,15,person,0.7915749549865723,1.0,0.22330430150032043,0.7584406137466431
14,1775027074.1261122,14,person,0.5,1.0,0.35683006048202515,0.6035245060920715
14,1775027074.1261122,7,person,0.5,1.0,0.24900920689105988,0.587351381778717
15,1775027076.45439,1,person,0.5,1.0,0.3472820520401001,0.6020923256874084
15,1775027076.45439,2,person,0.5,1.0,0.4026440978050232,0.6103966236114502
15,1775027076.45439,3,person,0.49644792079925537,1.0,0.32480061054229736,0.5965888500213623
15,1775027076.45439,6,person,0.5,0.6,0.12143335491418839,0.4682149887084961
15,1775027076.45439,9,person,0.5,1.0,0.38530486822128296,0.6077957153320312
15,1775027076.45439,11,person,0.5,1.0,0.08512230962514877,0.5627683401107788
15,1775027076.45439,12,person,0.5,1.0,0.08554605394601822,0.5628319382667542
15,1775027076.45439,13,person,0.5,1.0,0.09779126942157745,0.5646687150001526
15,1775027076.45439,15,person,0.7828734517097473,1.0,0.22272296249866486,0.7531325221061707
15,1775027076.45439,7,person,0.5,1.0,0.1337209790945053,0.5700581669807434
16,1775027078.9502764,1,person,0.5,1.0,0.27673277258872986,0.5915099382400513
16,1775027078.9502764,2,person,0.5,1.0,0.47089719772338867,0.6206346154212952
16,1775027078.9502764,3,person,0.7218736410140991,1.0,0.25110846757888794,0.720790445804596
16,1775027078.9502764,6,person,0.5,0.6,0.1535464972257614,0.4730319678783417
16,1775027078.9502764,9,person,0.5,1.0,0.6802810430526733,0.6520421504974365
16,1775027078.9502764,11,person,0.5,1.0,0.10193796455860138,0.5652906894683838
16,1775027078.9502764,12,person,0.5,1.0,0.17931275069713593,0.5768969058990479
16,1775027078.9502764,13,person,0.5,1.0,0.23224981129169464,0.5848374962806702
16,1775027078.9502764,7,person,0.5,1.0,0.16965137422084808,0.5754477381706238
17,1775027081.431172,1,person,0.5,0.6,0.20686385035514832,0.48102957010269165
17,1775027081.431172,2,person,0.5,1.0,0.5853568911552429,0.6378035545349121
17,1775027081.431172,3,person,0.7125831842422485,1.0,0.1682104766368866,0.7027814984321594
17,1775027081.431172,6,person,0.5,0.6,0.12887801229953766,0.46933168172836304
17,1775027081.431172,9,person,0.5,1.0,0.42188572883605957,0.6132828593254089
17,1775027081.431172,11,person,0.5,1.0,0.06499402970075607,0.5597491264343262
17,1775027081.431172,12,person,0.5,1.0,0.08955346047878265,0.563433051109314
17,1775027081.431172,13,person,0.5,1.0,0.37937694787979126,0.606906533241272
17,1775027081.431172,7,person,0.5,1.0,0.15592357516288757,0.5733885765075684
17,1775027081.431172,14,person,0.5,0.6,1.0,0.6
18,1775027083.566745,1,person,0.5,1.0,0.27088984847068787,0.5906335115432739
18,1775027083.566745,2,person,0.5,1.0,0.39208775758743286,0.6088131666183472
18,1775027083.566745,3,person,0.781654417514801,1.0,0.16194988787174225,0.7432851195335388
18,1775027083.566745,6,person,0.5,0.6,0.23145639896392822,0.4847184419631958
18,1775027083.566745,9,person,0.5,1.0,0.38137421011924744,0.6072061657905579
18,1775027083.566745,11,person,0.5,1.0,0.1504235714673996,0.5725635290145874
18,1775027083.566745,12,person,0.5,1.0,0.06634259223937988,0.5599514245986938
18,1775027083.566745,13,person,0.5,1.0,0.15488505363464355,0.5732327699661255
18,1775027083.566745,7,person,0.5,1.0,0.32564666867256165,0.5988470315933228
18,1775027083.566745,14,person,0.5,0.6,0.49592646956443787,0.5243889689445496
19,1775027085.7595108,1,person,0.5,1.0,0.261364609003067,0.589204728603363
19,1775027085.7595108,2,person,0.5,1.0,0.20090565085411072,0.5801358819007874
19,1775027085.7595108,3,person,0.830859899520874,1.0,0.1556292474269867,0.7718603610992432
19,1775027085.7595108,6,person,0.5,0.6,0.16574758291244507,0.47486212849617004
19,1775027085.7595108,9,person,0.5,1.0,0.17895792424678802,0.5768436789512634
19,1775027085.7595108,11,person,0.5,1.0,0.12743166089057922,0.5691147446632385
19,1775027085.7595108,12,person,0.5,1.0,0.08233572542667389,0.5623503923416138
19,1775027085.7595108,13,person,0.5,1.0,0.2980565130710602,0.5947085022926331
19,1775027085.7595108,7,person,0.5,1.0,0.2000143975019455,0.5800021886825562
19,1775027085.7595108,14,person,0.5,0.6,1.0,0.6
20,1775027088.1153824,1,person,0.5,1.0,0.24964451789855957,0.5874466896057129
20,1775027088.1153824,2,person,0.5,1.0,0.4156559407711029,0.6123483777046204
20,1775027088.1153824,3,person,0.8064269423484802,1.0,0.2439979612827301,0.7704558372497559
20,1775027088.1153824,6,person,0.5,0.6,0.05773954465985298,0.45866093039512634
20,1775027088.1153824,9,person,0.5,1.0,0.3333953320980072,0.6000093221664429
20,1775027088.1153824,11,person,0.5,1.0,0.09515370428562164,0.5642730593681335
20,1775027088.1153824,12,person,0.5,1.0,0.058321308344602585,0.558748185634613
20,1775027088.1153824,13,person,0.5,1.0,0.08772072196006775,0.5631580948829651
20,1775027088.1153824,7,person,0.5,1.0,0.19833123683929443,0.5797497034072876
20,1775027088.1153824,14,person,0.5,0.6,0.7383126020431519,0.5607469081878662
21,1775027090.619939,1,person,0.5,1.0,0.17094454169273376,0.5756416916847229
21,1775027090.619939,2,person,0.5,1.0,0.216343954205513,0.582451581954956
21,1775027090.619939,3,person,0.8038250803947449,1.0,0.10512340068817139,0.7480635643005371
21,1775027090.619939,6,person,0.5,0.6,0.057503294199705124,0.4586254954338074
21,1775027090.619939,9,person,0.5,1.0,0.6584895253181458,0.6487734317779541
21,1775027090.619939,11,person,0.5,1.0,0.1896374672651291,0.5784456133842468
21,1775027090.619939,12,person,0.5,1.0,0.11933241039514542,0.5678998827934265
21,1775027090.619939,13,person,0.5,1.0,0.2680613398551941,0.5902092456817627
21,1775027090.619939,7,person,0.5,1.0,0.1767374575138092,0.5765106081962585
21,1775027090.619939,14,person,0.5,0.6,0.4815295338630676,0.5222294330596924
22,1775027092.769725,1,person,0.5,1.0,0.21403959393501282,0.5821059346199036
22,1775027092.769725,2,person,0.5,1.0,0.2795695662498474,0.5919354557991028
22,1775027092.769725,3,person,0.8159969449043274,1.0,0.1761576533317566,0.7660217881202698
22,1775027092.769725,6,person,0.5,1.0,0.11442197859287262,0.5671632885932922
22,1775027092.769725,9,person,0.5,1.0,0.15812933444976807,0.5737194418907166
22,1775027092.769725,11,person,0.5,1.0,0.21028394997119904,0.5815426111221313
22,1775027092.769725,12,person,0.5,1.0,0.15135616064071655,0.5727034211158752
22,1775027092.769725,13,person,0.5,1.0,0.11264431476593018,0.5668966770172119
22,1775027092.769725,7,person,0.5,1.0,0.2464253157377243,0.5869638323783875
22,1775027092.769725,14,person,0.5,1.0,1.0,0.7000000000000001
23,1775027094.921939,1,person,0.5,0.6,0.2476257085800171,0.4871438443660736
23,1775027094.921939,2,person,0.5,1.0,0.47906237840652466,0.6218593716621399
23,1775027094.921939,3,person,0.8098428845405579,1.0,0.1699931025505066,0.7614046931266785
23,1775027094.921939,6,person,0.5,1.0,0.26487916707992554,0.5897318720817566
23,1775027094.921939,9,person,0.5,0.6,0.28355270624160767,0.4925329089164734
23,1775027094.921939,11,person,0.5,1.0,0.16386254131793976,0.5745794177055359
23,1775027094.921939,12,person,0.5,1.0,0.08667878061532974,0.563001811504364
23,1775027094.921939,13,person,0.5,1.0,0.16341526806354523,0.5745123028755188
23,1775027094.921939,7,person,0.5,1.0,0.17643846571445465,0.5764657855033875
23,1775027094.921939,14,person,0.5,1.0,1.0,0.7000000000000001
24,1775027097.0327535,1,person,0.5,0.6,0.2596072852611542,0.4889410734176636
24,1775027097.0327535,2,person,0.5,1.0,0.431253045797348,0.614687979221344
24,1775027097.0327535,3,person,0.7934973835945129,1.0,0.060369253158569336,0.7351537942886353
24,1775027097.0327535,6,person,0.5,1.0,0.3000131845474243,0.5950019955635071
24,1775027097.0327535,9,person,0.5,0.6,0.199295312166214,0.4798942804336548
24,1775027097.0327535,11,person,0.5,1.0,0.07578947395086288,0.5613684058189392
24,1775027097.0327535,12,person,0.5,1.0,0.08880620449781418,0.5633209347724915
24,1775027097.0327535,13,person,0.5,1.0,0.15816359221935272,0.5737245678901672
24,1775027097.0327535,7,person,0.5,1.0,0.07252274453639984,0.5608783960342407
24,1775027097.0327535,14,person,0.5,0.6,0.2803345024585724,0.4920501708984375
25,1775027099.1973019,1,person,0.5,0.6,0.25641363859176636,0.48846203088760376
25,1775027099.1973019,2,person,0.5,1.0,0.5631681084632874,0.6344752311706543
25,1775027099.1973019,3,person,0.8311718702316284,1.0,0.4260806441307068,0.8126152157783508
25,1775027099.1973019,6,person,0.5,1.0,0.0939679741859436,0.5640951991081238
25,1775027099.1973019,9,person,0.5,1.0,0.36037740111351013,0.6040565967559814
25,1775027099.1973019,11,person,0.5,1.0,0.043510258197784424,0.5565265417098999
25,1775027099.1973019,12,person,0.5,1.0,0.11289425194263458,0.5669341683387756
25,1775027099.1973019,13,person,0.5,1.0,0.16089466214179993,0.5741342306137085
25,1775027099.1973019,7,person,0.5,1.0,0.1956140697002411,0.5793421268463135
25,1775027099.1973019,14,person,0.5,0.6,1.0,0.6
25,1775027099.1973019,20,person,0.5,0.6,1.0,0.6
26,1775027101.445212,1,person,0.5,0.6,0.29986733198165894,0.4949800968170166
26,1775027101.445212,2,person,0.5,1.0,0.9373093843460083,0.6905964612960815
26,1775027101.445212,3,person,0.8267207741737366,1.0,0.24990800023078918,0.7835186719894409
26,1775027101.445212,6,person,0.5,1.0,0.08795971423387527,0.5631939768791199
26,1775027101.445212,9,person,0.5,0.6,0.7864439487457275,0.5679665803909302
26,1775027101.445212,11,person,0.5,1.0,0.09879323840141296,0.5648189783096313
26,1775027101.445212,12,person,0.5,1.0,0.10783763974905014,0.566175639629364
26,1775027101.445212,13,person,0.5,1.0,0.19516177475452423,0.5792742967605591
26,1775027101.445212,7,person,0.5,1.0,0.20628149807453156,0.5809422135353088
26,1775027101.445212,14,person,0.5,0.6,1.0,0.6
26,1775027101.445212,15,person,0.8712654113769531,1.0,0.6376492977142334,0.8684066534042358
27,1775027103.7511377,1,person,0.5,0.6,0.17974062263965607,0.47696107625961304
27,1775027103.7511377,2,person,0.5,1.0,1.0,0.7000000000000001
27,1775027103.7511377,3,person,0.8257046341896057,1.0,0.077255979180336,0.7570111751556396
27,1775027103.7511377,6,person,0.5,1.0,0.09817521274089813,0.5647262930870056
27,1775027103.7511377,9,person,0.5,0.6,0.12145008891820908,0.46821749210357666
27,1775027103.7511377,11,person,0.5,1.0,0.10177924484014511,0.5652669072151184
27,1775027103.7511377,12,person,0.5,1.0,0.11651842296123505,0.5674777626991272
27,1775027103.7511377,13,person,0.5,1.0,0.16108651459217072,0.5741629600524902
27,1775027103.7511377,7,person,0.5,1.0,0.09735538065433502,0.564603328704834
27,1775027103.7511377,15,person,0.8107073307037354,1.0,0.2359316051006317,0.7718141078948975
28,1775027105.8928902,1,person,0.5,0.6,0.27731195092201233,0.4915967881679535
28,1775027105.8928902,2,person,0.5,1.0,0.32949426770210266,0.5994241237640381
28,1775027105.8928902,3,person,0.851567268371582,1.0,0.3064221143722534,0.8069037199020386
28,1775027105.8928902,6,person,0.5,1.0,0.0581490620970726,0.5587223768234253
28,1775027105.8928902,9,person,0.5,0.6,0.3248423933982849,0.49872633814811707
28,1775027105.8928902,11,person,0.5,1.0,0.1282983273267746,0.5692447423934937
28,1775027105.8928902,12,person,0.5,1.0,0.09646611660718918,0.5644699335098267
28,1775027105.8928902,13,person,0.5,1.0,0.07414573431015015,0.5611218810081482
28,1775027105.8928902,7,person,0.5,1.0,0.08537770062685013,0.5628066658973694
28,1775027105.8928902,14,person,0.5,0.6,0.27468129992485046,0.491202175617218
29,1775027107.9570858,1,person,0.5,0.6,0.1430794894695282,0.4714619219303131
29,1775027107.9570858,2,person,0.5,1.0,0.36252909898757935,0.6043793559074402
29,1775027107.9570858,3,person,0.8500785827636719,1.0,0.17967350780963898,0.7869981527328491
29,1775027107.9570858,6,person,0.5,1.0,0.056226663291454315,0.558434009552002
29,1775027107.9570858,9,person,0.5,0.6,0.1341848224401474,0.4701277017593384
29,1775027107.9570858,11,person,0.5,1.0,0.18875721096992493,0.5783135890960693
29,1775027107.9570858,12,person,0.5,1.0,0.11708339303731918,0.5675625205039978
29,1775027107.9570858,13,person,0.5,1.0,0.0846174955368042,0.5626926422119141
29,1775027107.9570858,7,person,0.5,1.0,0.15738433599472046,0.5736076831817627
29,1775027107.9570858,14,person,0.5,0.6,1.0,0.6
29,1775027107.9570858,20,person,0.5,0.6,0.49686580896377563,0.5245298743247986
29,1775027107.9570858,15,person,0.8441554307937622,1.0,0.8619557619094849,0.8857866525650024
30,1775027110.3118412,1,person,0.5,0.6,0.2372405081987381,0.4855860769748688
30,1775027110.3118412,2,person,0.5,1.0,0.31325680017471313,0.5969885587692261
30,1775027110.3118412,3,person,0.8206846714019775,1.0,0.20983390510082245,0.7738858461380005
30,1775027110.3118412,6,person,0.5,1.0,0.15906208753585815,0.5738593339920044
30,1775027110.3118412,9,person,0.5,0.6,0.6779072284698486,0.5516860485076904
30,1775027110.3118412,11,person,0.5,1.0,0.09029614180326462,0.5635444521903992
30,1775027110.3118412,12,person,0.5,1.0,0.09376157820224762,0.5640642642974854
30,1775027110.3118412,13,person,0.5,1.0,0.11583902686834335,0.5673758387565613
30,1775027110.3118412,7,person,0.5,1.0,0.0551983043551445,0.5582797527313232
30,1775027110.3118412,14,person,0.5,0.6,0.6953884363174438,0.5543082356452942
30,1775027110.3118412,20,person,0.5,0.6,0.2493508756160736,0.48740261793136597
30,1775027110.3118412,15,person,0.7220131158828735,1.0,1.0,0.8332078695297241
31,1775027112.6901302,1,person,0.5,0.6,0.14398102462291718,0.4715971350669861
31,1775027112.6901302,2,person,0.5,1.0,0.1444062888622284,0.5716609358787537
31,1775027112.6901302,3,person,0.8290960788726807,1.0,0.07706286758184433,0.7590170502662659
31,1775027112.6901302,6,person,0.5,1.0,0.17211557924747467,0.575817346572876
31,1775027112.6901302,9,person,0.5,0.6,0.4268116354942322,0.5140217542648315
31,1775027112.6901302,11,person,0.5,1.0,0.071149542927742,0.5606724619865417
31,1775027112.6901302,12,person,0.5,1.0,0.07152901589870453,0.5607293844223022
31,1775027112.6901302,13,person,0.5,1.0,0.15435601770877838,0.5731534361839294
31,1775027112.6901302,7,person,0.5,1.0,0.19350624084472656,0.57902592420578
31,1775027112.6901302,14,person,0.5,0.6,1.0,0.6
31,1775027112.6901302,20,person,0.5,0.6,0.2933335602283478,0.49400001764297485
31,1775027112.6901302,15,person,0.7231162786483765,1.0,1.0,0.833869767189026
32,1775027115.056601,1,person,0.5,0.6,0.11070996522903442,0.4666064977645874
32,1775027115.056601,2,person,0.5,1.0,0.1365998387336731,0.5704900026321411
32,1775027115.056601,3,person,0.8166760206222534,1.0,0.3091101050376892,0.7863721251487732
32,1775027115.056601,6,person,0.5,1.0,0.11851382255554199,0.5677770972251892
32,1775027115.056601,9,person,0.5,0.6,0.2533305883407593,0.4879995882511139
32,1775027115.056601,11,person,0.5,1.0,0.07259098440408707,0.5608886480331421
32,1775027115.056601,12,person,0.5,1.0,0.07124140113592148,0.5606862306594849
32,1775027115.056601,13,person,0.5,1.0,0.12204211950302124,0.5683063268661499
32,1775027115.056601,7,person,0.5,1.0,0.2939547300338745,0.5940932035446167
32,1775027115.056601,14,person,0.5,0.6,0.29955703020095825,0.494933545589447
32,1775027115.056601,20,person,0.5,0.6,0.22239112854003906,0.4833586513996124
32,1775027115.056601,15,person,0.703641414642334,1.0,0.5388611555099487,0.7530139684677124
33,1775027117.5170686,1,person,0.5,0.6,0.0690135657787323,0.4603520333766937
33,1775027117.5170686,2,person,0.5,1.0,0.1664811670780182,0.5749722123146057
33,1775027117.5170686,3,person,0.8169749975204468,1.0,0.15814995765686035,0.7639074921607971
33,1775027117.5170686,6,person,0.5,1.0,0.1377377063035965,0.5706606507301331
33,1775027117.5170686,9,person,0.5,0.6,0.21057984232902527,0.4815869629383087
33,1775027117.5170686,11,person,0.5,1.0,0.2000090628862381,0.5800013542175293
33,1775027117.5170686,12,person,0.5,1.0,0.06523196399211884,0.5597848296165466
33,1775027117.5170686,13,person,0.5,1.0,0.22300656139850616,0.583450973033905
33,1775027117.5170686,7,person,0.5,1.0,0.2301015853881836,0.5845152735710144
33,1775027117.5170686,14,person,0.5,0.6,0.4878145158290863,0.52317214012146
33,1775027117.5170686,20,person,0.5,0.6,0.26540398597717285,0.489810585975647
33,1775027117.5170686,15,person,0.6868367195129395,1.0,0.3942472040653229,0.7212391495704651
34,1775027120.4484253,1,person,0.5,0.6,0.09544961154460907,0.4643174409866333
34,1775027120.4484253,2,person,0.5,1.0,0.39669185876846313,0.6095038056373596
34,1775027120.4484253,3,person,0.7985266447067261,1.0,0.15124741196632385,0.7518031001091003
34,1775027120.4484253,6,person,0.5,0.6,0.13794638216495514,0.4706919491291046
34,1775027120.4484253,9,person,0.5,0.6,0.12280067056417465,0.4684200882911682
34,1775027120.4484253,11,person,0.5,1.0,0.11175753176212311,0.5667636394500732
34,1775027120.4484253,12,person,0.5,1.0,0.12429098784923553,0.5686436891555786
34,1775027120.4484253,13,person,0.5,1.0,0.19282355904579163,0.5789235234260559
34,1775027120.4484253,7,person,0.5,1.0,0.3128744959831238,0.5969312191009521
34,1775027120.4484253,14,person,0.5,0.6,1.0,0.6
34,1775027120.4484253,20,person,0.5,0.3,0.3423803448677063,0.42635706067085266
34,1775027120.4484253,15,person,0.780473530292511,1.0,0.5727992057800293,0.804203987121582
35,1775027123.052776,1,person,0.5,0.6,0.14676664769649506,0.47201499342918396
35,1775027123.052776,2,person,0.5,1.0,0.23201045393943787,0.5848015546798706
35,1775027123.052776,3,person,0.7932950258255005,1.0,0.14689211547374725,0.7480108141899109
35,1775027123.052776,6,person,0.5,0.6,0.12825751304626465,0.46923860907554626
35,1775027123.052776,9,person,0.5,0.6,0.09115268290042877,0.4636728763580322
35,1775027123.052776,11,person,0.5,1.0,0.09621037542819977,0.5644315481185913
35,1775027123.052776,12,person,0.5,1.0,0.08330519497394562,0.562495768070221
35,1775027123.052776,13,person,0.5,1.0,0.1142692118883133,0.5671404004096985
35,1775027123.052776,7,person,0.5,1.0,0.10585562884807587,0.5658783316612244
35,1775027123.052776,14,person,0.5,1.0,1.0,0.7000000000000001
35,1775027123.052776,20,person,0.5,0.6,0.37827563285827637,0.5067413449287415
35,1775027123.052776,15,person,0.5,1.0,0.39397770166397095,0.6090966463088989
36,1775027125.3798642,1,person,0.5,0.6,0.06562521308660507,0.45984378457069397
36,1775027125.3798642,2,person,0.5,1.0,0.2803186774253845,0.5920478105545044
36,1775027125.3798642,3,person,0.8078546524047852,1.0,0.06577545404434204,0.7445790767669678
36,1775027125.3798642,6,person,0.5,0.6,0.10066904127597809,0.46510034799575806
36,1775027125.3798642,9,person,0.5,0.6,0.07099229097366333,0.4606488347053528
36,1775027125.3798642,11,person,0.5,1.0,0.22398078441619873,0.5835971236228943
36,1775027125.3798642,12,person,0.5,1.0,0.055676065385341644,0.5583513975143433
36,1775027125.3798642,13,person,0.5,1.0,0.17777112126350403,0.5766656994819641
36,1775027125.3798642,7,person,0.5,1.0,0.08874668926000595,0.5633119940757751
36,1775027125.3798642,14,person,0.5,0.6,0.7233520150184631,0.5585027933120728
36,1775027125.3798642,15,person,0.5,1.0,0.5054085850715637,0.6258112788200378
37,1775027127.863132,1,person,0.5,0.6,0.14374753832817078,0.47156211733818054
37,1775027127.863132,2,person,0.5,1.0,0.2033112347126007,0.5804966688156128
37,1775027127.863132,3,person,0.7833393812179565,1.0,0.23678937554359436,0.7555220127105713
37,1775027127.863132,6,person,0.5,0.6,0.12107539176940918,0.46816128492355347
37,1775027127.863132,9,person,0.5,0.6,0.16335904598236084,0.47450384497642517
37,1775027127.863132,11,person,0.5,1.0,0.15287096798419952,0.572930634021759
37,1775027127.863132,12,person,0.5,1.0,0.07917836308479309,0.5618767738342285
37,1775027127.863132,13,person,0.5,1.0,0.18495020270347595,0.5777425169944763
37,1775027127.863132,7,person,0.5,1.0,0.07620187103748322,0.5614302754402161
37,1775027127.863132,14,person,0.5,0.6,0.30466338992118835,0.4956994950771332
37,1775027127.863132,15,person,0.5,1.0,1.0,0.7000000000000001
38,1775027130.34598,1,person,0.5,0.6,0.21454767882823944,0.4821821451187134
38,1775027130.34598,2,person,0.5,1.0,0.34220388531684875,0.601330578327179
38,1775027130.34598,3,person,0.777062177658081,1.0,0.09594894200563431,0.7306296229362488
38,1775027130.34598,6,person,0.5,0.6,0.1828170269727707,0.4774225354194641
38,1775027130.34598,9,person,0.5,0.6,0.16779451072216034,0.4751691520214081
38,1775027130.34598,11,person,0.5,1.0,0.05201765149831772,0.557802677154541
38,1775027130.34598,12,person,0.5,1.0,0.07055697590112686,0.5605835318565369
38,1775027130.34598,13,person,0.5,1.0,0.2357666939496994,0.5853649973869324
38,1775027130.34598,7,person,0.5,1.0,0.13353373110294342,0.5700300931930542
38,1775027130.34598,15,person,0.4645042419433594,1.0,0.8242200016975403,0.6523355841636658
39,1775027132.8442442,1,person,0.5,0.6,0.12672029435634613,0.46900802850723267
39,1775027132.8442442,2,person,0.5,1.0,0.7333394885063171,0.6600009202957153
39,1775027132.8442442,3,person,0.7675418853759766,1.0,0.09967727214097977,0.7254767417907715
39,1775027132.8442442,6,person,0.5,0.6,0.14040514826774597,0.47106075286865234
39,1775027132.8442442,9,person,0.5,0.6,0.08423350006341934,0.46263501048088074
39,1775027132.8442442,11,person,0.5,1.0,0.09284267574548721,0.5639263987541199
39,1775027132.8442442,12,person,0.5,1.0,0.1572488248348236,0.5735873579978943
39,1775027132.8442442,13,person,0.5,1.0,0.14071181416511536,0.5711067914962769
39,1775027132.8442442,7,person,0.5,1.0,0.11363624036312103,0.5670454502105713
40,1775027134.9307396,1,person,0.5,0.6,0.18538853526115417,0.47780826687812805
40,1775027134.9307396,2,person,0.5,1.0,0.24739587306976318,0.587109386920929
40,1775027134.9307396,3,person,0.726192831993103,1.0,0.2513253092765808,0.7234144806861877
40,1775027134.9307396,6,person,0.5,0.6,0.10001002252101898,0.46500149369239807
40,1775027134.9307396,9,person,0.5,0.6,0.16682328283786774,0.475023478269577
40,1775027134.9307396,11,person,0.5,1.0,0.08693072199821472,0.5630396008491516
40,1775027134.9307396,12,person,0.5,1.0,0.1313089281320572,0.5696963667869568
40,1775027134.9307396,13,person,0.5,1.0,0.15598899126052856,0.5733983516693115
40,1775027134.9307396,7,person,0.5,1.0,0.29741498827934265,0.5946122407913208
40,1775027134.9307396,14,person,0.5,0.6,0.9125155210494995,0.5868773460388184
41,1775027137.0932426,1,person,0.5,0.6,0.09921903163194656,0.46488285064697266
41,1775027137.0932426,2,person,0.5,1.0,0.21820151805877686,0.582730233669281
41,1775027137.0932426,3,person,0.7110227346420288,1.0,0.09939716756343842,0.6915231943130493
41,1775027137.0932426,6,person,0.5,0.6,0.16711130738258362,0.4750666916370392
41,1775027137.0932426,9,person,0.5,0.6,0.21565380692481995,0.4823480546474457
41,1775027137.0932426,11,person,0.5,1.0,0.0925135388970375,0.5638770461082458
41,1775027137.0932426,12,person,0.5,1.0,0.1177782192826271,0.56766676902771
41,1775027137.0932426,13,person,0.5,1.0,0.14815697073936462,0.5722235441207886
41,1775027137.0932426,7,person,0.5,1.0,0.3033449351787567,0.5955017805099487
41,1775027137.0932426,14,person,0.5,1.0,0.4063296914100647,0.6109494566917419
42,1775027139.529995,1,person,0.5,0.6,0.18794944882392883,0.47819241881370544
42,1775027139.529995,2,person,0.5,1.0,0.1785801649093628,0.5767870545387268
42,1775027139.529995,3,person,0.6533969640731812,1.0,0.17949706315994263,0.6689627170562744
42,1775027139.529995,6,person,0.5,0.6,0.1748909056186676,0.4762336313724518
42,1775027139.529995,9,person,0.5,0.6,0.3763365149497986,0.5064504742622375
42,1775027139.529995,11,person,0.5,1.0,0.05229389667510986,0.5578441023826599
42,1775027139.529995,12,person,0.5,1.0,0.09294058382511139,0.5639411211013794
42,1775027139.529995,7,person,0.5,1.0,0.5101875066757202,0.6265281438827515
42,1775027139.529995,15,person,0.5,1.0,0.7476977109909058,0.6621546745300293
43,1775027142.0654073,1,person,0.5,0.6,0.2428143471479416,0.4864221513271332
43,1775027142.0654073,2,person,0.5,1.0,0.3040946125984192,0.5956141948699951
43,1775027142.0654073,3,person,0.5,1.0,0.19082173705101013,0.5786232948303223
43,1775027142.0654073,6,person,0.5,0.6,0.16919396817684174,0.475379079580307
43,1775027142.0654073,9,person,0.5,0.6,0.6388724446296692,0.5458308458328247
43,1775027142.0654073,11,person,0.5,1.0,0.06304211914539337,0.5594563484191895
43,1775027142.0654073,12,person,0.5,1.0,0.12417580932378769,0.5686264038085938
43,1775027142.0654073,7,person,0.5,1.0,0.6614722013473511,0.6492208242416382
43,1775027142.0654073,13,person,0.5,1.0,0.6623986959457397,0.6493598222732544
43,1775027142.0654073,14,person,0.5,1.0,1.0,0.7000000000000001
44,1775027145.2977557,1,person,0.5,0.6,0.2273029386997223,0.48409542441368103
44,1775027145.2977557,2,person,0.5,1.0,0.3030816912651062,0.5954622626304626
44,1775027145.2977557,3,person,0.5,1.0,0.19255146384239197,0.5788827538490295
44,1775027145.2977557,6,person,0.5,0.6,0.13555873930454254,0.4703338146209717
44,1775027145.2977557,9,person,0.5,0.6,0.6017659902572632,0.540264904499054
44,1775027145.2977557,11,person,0.5,1.0,0.13717499375343323,0.5705762505531311
44,1775027145.2977557,12,person,0.5,1.0,0.08005592226982117,0.5620083808898926
44,1775027145.2977557,7,person,0.5,1.0,0.3676528334617615,0.6051479578018188
44,1775027145.2977557,14,person,0.5,1.0,0.6922327876091003,0.6538349390029907
44,1775027145.2977557,15,person,0.5,1.0,1.0,0.7000000000000001
45,1775027148.0479076,1,person,0.5,0.6,0.19396646320819855,0.4790949523448944
45,1775027148.0479076,2,person,0.5,1.0,0.1584050953388214,0.5737607479095459
45,1775027148.0479076,3,person,0.5,1.0,0.14445821940898895,0.5716687440872192
45,1775027148.0479076,6,person,0.5,0.6,0.13264836370944977,0.46989724040031433
45,1775027148.0479076,9,person,0.5,1.0,0.14321719110012054,0.5714825987815857
45,1775027148.0479076,11,person,0.5,1.0,0.1364384889602661,0.5704658031463623
45,1775027148.0479076,12,person,0.5,1.0,0.051712483167648315,0.5577569007873535
45,1775027148.0479076,7,person,0.5,1.0,0.26918119192123413,0.5903772115707397
45,1775027148.0479076,14,person,0.5,1.0,1.0,0.7000000000000001
45,1775027148.0479076,15,person,0.5,1.0,0.5200348496437073,0.6280052661895752
45,1775027148.0479076,13,person,0.5,1.0,0.5387577414512634,0.6308136582374573
46,1775027150.8421152,1,person,0.5,0.6,0.23298034071922302,0.4849470257759094
46,1775027150.8421152,2,person,0.5,1.0,0.14414562284946442,0.571621835231781
46,1775027150.8421152,3,person,0.5,1.0,0.14194093644618988,0.5712911486625671
46,1775027150.8421152,6,person,0.5,0.6,0.1421808898448944,0.47132712602615356
46,1775027150.8421152,9,person,0.5,1.0,0.24649064242839813,0.5869736075401306
46,1775027150.8421152,11,person,0.5,1.0,0.1442471444606781,0.5716370940208435
46,1775027150.8421152,12,person,0.5,1.0,0.04439740628004074,0.5566596388816833
46,1775027150.8421152,7,person,0.5,1.0,0.17415276169776917,0.5761229395866394
46,1775027150.8421152,14,person,0.5,0.6,0.6317976713180542,0.5447696447372437
46,1775027150.8421152,15,person,0.5960780382156372,1.0,0.20977535843849182,0.6391131281852722
46,1775027150.8421152,13,person,0.5,1.0,0.2645023763179779,0.5896753668785095
46,1775027150.8421152,20,person,0.5,0.6,0.8396099805831909,0.5759415030479431
47,1775027153.9599137,1,person,0.5,0.6,0.1753261834383011,0.4762989282608032
47,1775027153.9599137,2,person,0.5,1.0,0.17839670181274414,0.5767595171928406
47,1775027153.9599137,3,person,0.5,1.0,0.141025573015213,0.5711538791656494
47,1775027153.9599137,6,person,0.5,0.6,0.05602862685918808,0.4584042727947235
47,1775027153.9599137,9,person,0.5,1.0,0.48765745759010315,0.6231486201286316
47,1775027153.9599137,11,person,0.5,1.0,0.06175391748547554,0.5592631101608276
47,1775027153.9599137,12,person,0.5,1.0,0.13076207041740417,0.5696143507957458
47,1775027153.9599137,7,person,0.5,1.0,0.20446017384529114,0.5806690454483032
47,1775027153.9599137,14,person,0.5,1.0,0.4375697076320648,0.6156354546546936
47,1775027153.9599137,13,person,0.5,1.0,0.1962614506483078,0.5794392228126526
48,1775027156.5117652,1,person,0.5,1.0,0.11171995103359222,0.5667579770088196
48,1775027156.5117652,2,person,0.5,1.0,0.2679307758808136,0.5901896357536316
48,1775027156.5117652,3,person,0.5,1.0,0.12937884032726288,0.5694068670272827
48,1775027156.5117652,6,person,0.5,0.6,0.11398768424987793,0.4670981466770172
48,1775027156.5117652,9,person,0.5,0.6,0.11982107162475586,0.46797314286231995
48,1775027156.5117652,11,person,0.5,1.0,0.09979348629713058,0.5649690628051758
48,1775027156.5117652,12,person,0.5,1.0,0.09524405002593994,0.5642866492271423
48,1775027156.5117652,7,person,0.5,1.0,0.18983374536037445,0.5784750580787659
48,1775027156.5117652,13,person,0.5,1.0,0.16233208775520325,0.5743498206138611
48,1775027156.5117652,15,person,0.6298466920852661,1.0,0.25673535466194153,0.6664183139801025
49,1775027158.6729298,1,person,0.5,1.0,0.19486378133296967,0.5792295932769775
49,1775027158.6729298,2,person,0.5,1.0,0.17031462490558624,0.5755472183227539
49,1775027158.6729298,3,person,0.5,1.0,0.1133374348282814,0.5670006275177002
49,1775027158.6729298,6,person,0.5,0.6,0.08316271752119064,0.46247440576553345
49,1775027158.6729298,9,person,0.5,0.6,0.824719250202179,0.5737078785896301
49,1775027158.6729298,11,person,0.5,1.0,0.1010475605726242,0.5651571750640869
49,1775027158.6729298,12,person,0.5,0.6,0.08993469178676605,0.46349018812179565
49,1775027158.6729298,7,person,0.5,1.0,0.14321540296077728,0.5714823007583618
49,1775027158.6729298,13,person,0.5,1.0,0.17124083638191223,0.5756861567497253
49,1775027158.6729298,15,person,0.6360535025596619,1.0,0.12974464893341064,0.6510937809944153
50,1775027160.7305484,1,person,0.5,1.0,0.1713588684797287,0.5757038593292236
50,1775027160.7305484,2,person,0.5,1.0,0.11999689042568207,0.567999541759491
50,1775027160.7305484,3,person,0.5,1.0,0.07549367100000381,0.5613240599632263
50,1775027160.7305484,6,person,0.5,0.6,0.16602404415607452,0.47490358352661133
50,1775027160.7305484,9,person,0.5,0.6,0.546298623085022,0.531944751739502
50,1775027160.7305484,11,person,0.5,1.0,0.15247268974781036,0.5728709101676941
50,1775027160.7305484,12,person,0.5,1.0,0.1948782354593277,0.5792317390441895
50,1775027160.7305484,7,person,0.5,1.0,0.1471182405948639,0.5720677375793457
50,1775027160.7305484,13,person,0.5,1.0,0.08973339945077896,0.5634599924087524
50,1775027160.7305484,15,person,0.5,1.0,0.21736952662467957,0.5826054215431213
51,1775027162.8484447,1,person,0.5,1.0,0.20352712273597717,0.5805290937423706
51,1775027162.8484447,2,person,0.5,1.0,0.26413029432296753,0.5896195769309998
51,1775027162.8484447,3,person,0.5,1.0,0.06551198661327362,0.5598267912864685
51,1775027162.8484447,6,person,0.5,0.6,0.1139536127448082,0.46709302067756653
51,1775027162.8484447,9,person,0.5,0.6,0.32471776008605957,0.49870765209198
51,1775027162.8484447,11,person,0.5,1.0,0.12403477728366852,0.5686052441596985
51,1775027162.8484447,12,person,0.5,1.0,0.07886895537376404,0.5618303418159485
51,1775027162.8484447,7,person,0.5,1.0,0.13213901221752167,0.5698208808898926
51,1775027162.8484447,13,person,0.5,1.0,0.15088383853435516,0.5726326107978821
51,1775027162.8484447,20,person,0.5,0.6,1.0,0.6
51,1775027162.8484447,14,person,0.5,1.0,1.0,0.7000000000000001
52,1775027165.1507318,1,person,0.5,1.0,0.22888171672821045,0.584332287311554
52,1775027165.1507318,2,person,0.5,1.0,0.19955159723758698,0.5799327492713928
52,1775027165.1507318,3,person,0.5,1.0,0.12140723317861557,0.5682110786437988
52,1775027165.1507318,6,person,0.5,0.6,0.05597109720110893,0.45839565992355347
52,1775027165.1507318,9,person,0.5,0.6,0.7401278614997864,0.5610191822052002
52,1775027165.1507318,11,person,0.5,1.0,0.11325826495885849,0.5669887661933899
52,1775027165.1507318,12,person,0.5,0.6,0.1699688732624054,0.475495308637619
52,1775027165.1507318,7,person,0.5,1.0,0.1582087129354477,0.5737313032150269
52,1775027165.1507318,13,person,0.5177698135375977,1.0,0.09156447649002075,0.5743966102600098
52,1775027165.1507318,14,person,0.5,1.0,0.4173210561275482,0.612598180770874
52,1775027165.1507318,15,person,0.5,1.0,0.21237246692180634,0.5818558931350708
53,1775027167.7187085,1,person,0.5,1.0,0.1988573670387268,0.5798286199569702
53,1775027167.7187085,2,person,0.5,1.0,0.14208480715751648,0.5713127255439758
53,1775027167.7187085,3,person,0.5,1.0,0.08545292913913727,0.5628179311752319
53,1775027167.7187085,6,person,0.5,0.6,0.16125677525997162,0.47418850660324097
53,1775027167.7187085,9,person,0.5,0.6,0.6001380681991577,0.5400207042694092
53,1775027167.7187085,11,person,0.5,1.0,0.17411592602729797,0.5761173963546753
53,1775027167.7187085,12,person,0.5,1.0,0.144262433052063,0.571639358997345
53,1775027167.7187085,7,person,0.5,1.0,0.21822412312030792,0.5827336311340332
53,1775027167.7187085,13,person,0.5428436994552612,1.0,0.253911554813385,0.6137929558753967
53,1775027167.7187085,14,person,0.5,1.0,0.260261207818985,0.5890392065048218
53,1775027167.7187085,15,person,0.5,1.0,0.18491597473621368,0.5777373909950256
54,1775027170.0177336,1,person,0.5,0.6,0.20793454349040985,0.48119017481803894
54,1775027170.0177336,2,person,0.5,1.0,0.23307661712169647,0.5849615335464478
54,1775027170.0177336,3,person,0.5,1.0,0.09126168489456177,0.5636892914772034
54,1775027170.0177336,6,person,0.5,0.6,0.09959502518177032,0.4649392366409302
54,1775027170.0177336,9,person,0.5,0.6,0.1164930909872055,0.46747395396232605
54,1775027170.0177336,11,person,0.5,1.0,0.05466083809733391,0.5581991672515869
54,1775027170.0177336,12,person,0.5,1.0,0.10001485049724579,0.5650022625923157
54,1775027170.0177336,7,person,0.5,1.0,0.21329538524150848,0.5819942951202393
54,1775027170.0177336,13,person,0.5078942775726318,1.0,0.18219314515590668,0.5820655226707458
54,1775027170.0177336,14,person,0.5,1.0,0.5663166046142578,0.6349475383758545
54,1775027170.0177336,15,person,0.5,1.0,0.1261429339647293,0.5689214468002319
55,1775027172.2700992,1,person,0.5,1.0,0.20099206268787384,0.5801488161087036
55,1775027172.2700992,2,person,0.5,1.0,0.19974370300769806,0.5799615383148193
55,1775027172.2700992,3,person,0.5,1.0,0.14633701741695404,0.5719505548477173
55,1775027172.2700992,6,person,0.5,0.6,0.1340808868408203,0.4701121151447296
55,1775027172.2700992,9,person,0.5,0.6,0.4364349842071533,0.515465259552002
55,1775027172.2700992,11,person,0.5,1.0,0.15732283890247345,0.5735984444618225
55,1775027172.2700992,12,person,0.5,1.0,0.10304458439350128,0.5654566884040833
55,1775027172.2700992,7,person,0.5,1.0,0.26919785141944885,0.5903797149658203
55,1775027172.2700992,13,person,0.5,1.0,0.18511873483657837,0.5777678489685059
55,1775027172.2700992,14,person,0.5,1.0,0.3945097029209137,0.6091764569282532
55,1775027172.2700992,15,person,0.5,1.0,0.21393755078315735,0.5820906162261963
56,1775027174.461478,1,person,0.5,1.0,0.149627223610878,0.5724440813064575
56,1775027174.461478,2,person,0.5,1.0,0.27559933066368103,0.5913398861885071
56,1775027174.461478,3,person,0.5,1.0,0.0676298439502716,0.5601444840431213
56,1775027174.461478,6,person,0.5,0.6,0.09921064972877502,0.4648815989494324
56,1775027174.461478,9,person,0.5,0.6,0.3166918158531189,0.49750375747680664
56,1775027174.461478,11,person,0.5,1.0,0.06400235742330551,0.5596003532409668
56,1775027174.461478,12,person,0.5,1.0,0.07147345691919327,0.5607210397720337
56,1775027174.461478,7,person,0.5,1.0,0.1560474932193756,0.5734071135520935
56,1775027174.461478,13,person,0.5,1.0,0.07937683165073395,0.5619065165519714
56,1775027174.461478,14,person,0.5,1.0,0.3973310589790344,0.6095996499061584
56,1775027174.461478,15,person,0.5,1.0,0.18758152425289154,0.578137218952179
56,1775027174.461478,20,person,0.5,0.5,1.0,0.575
57,1775027176.785775,1,person,0.5,1.0,0.25652801990509033,0.588479220867157
57,1775027176.785775,2,person,0.5,1.0,0.29941290616989136,0.5949119329452515
57,1775027176.785775,3,person,0.5,1.0,0.10097168385982513,0.5651457905769348
57,1775027176.785775,6,person,0.5,0.6,0.067149318754673,0.46007239818573
57,1775027176.785775,9,person,0.5,0.6,0.8288609385490417,0.574329137802124
57,1775027176.785775,11,person,0.5,1.0,0.19268807768821716,0.5789031982421875
57,1775027176.785775,12,person,0.5,1.0,0.096546970307827,0.5644820332527161
57,1775027176.785775,7,person,0.5,1.0,0.13139016926288605,0.569708526134491
57,1775027176.785775,13,person,0.5,1.0,0.11524052917957306,0.5672860741615295
57,1775027176.785775,14,person,0.5,0.6,0.6142385005950928,0.5421357750892639
57,1775027176.785775,15,person,0.5,1.0,0.09392929077148438,0.5640894174575806
57,1775027176.785775,20,person,0.5,1.0,0.23282667994499207,0.584924042224884
58,1775027179.1650147,1,person,0.5,1.0,0.17060783505439758,0.5755912065505981
58,1775027179.1650147,2,person,0.5,1.0,0.37229567766189575,0.6058443784713745
58,1775027179.1650147,3,person,0.5,1.0,0.08445896953344345,0.5626688599586487
58,1775027179.1650147,6,person,0.5,0.6,0.09369151294231415,0.4640537202358246
58,1775027179.1650147,9,person,0.5,0.6,0.6649590730667114,0.5497438311576843
58,1775027179.1650147,11,person,0.5,1.0,0.1341739445924759,0.5701261162757874
58,1775027179.1650147,12,person,0.5,1.0,0.10723559558391571,0.5660853385925293
58,1775027179.1650147,7,person,0.5,1.0,0.18275657296180725,0.5774134993553162
58,1775027179.1650147,13,person,0.5,1.0,0.10015039145946503,0.5650225877761841
58,1775027179.1650147,14,person,0.5,0.6,0.5938127636909485,0.5390719175338745
58,1775027179.1650147,15,person,0.5,1.0,0.1656980961561203,0.5748547315597534
59,1775027181.3790517,1,person,0.5,0.6,0.2146340161561966,0.48219507932662964
59,1775027181.3790517,2,person,0.5,1.0,0.14095857739448547,0.5711438059806824
59,1775027181.3790517,3,person,0.5,1.0,0.10177626460790634,0.5652664303779602
59,1775027181.3790517,6,person,0.5,0.6,0.14961127936840057,0.4724416732788086
59,1775027181.3790517,9,person,0.5,1.0,0.3396971821784973,0.6009545922279358
59,1775027181.3790517,11,person,0.5,1.0,0.15474236011505127,0.5732113718986511
59,1775027181.3790517,12,person,0.5,1.0,0.10333798825740814,0.5655007362365723
59,1775027181.3790517,7,person,0.5,1.0,0.3210534453392029,0.5981580018997192
59,1775027181.3790517,13,person,0.5,1.0,0.14512419700622559,0.5717686414718628
59,1775027181.3790517,14,person,0.5,0.6,0.547018826007843,0.5320528149604797
59,1775027181.3790517,15,person,0.5,1.0,0.17885732650756836,0.5768285989761353
60,1775027183.7005131,1,person,0.5,1.0,0.1393927037715912,0.5709089040756226
60,1775027183.7005131,2,person,0.5,1.0,0.20399406552314758,0.5805991291999817
60,1775027183.7005131,3,person,0.5,1.0,0.0838506892323494,0.5625776052474976
60,1775027183.7005131,6,person,0.5,0.6,0.0881633460521698,0.46322450041770935
60,1775027183.7005131,9,person,0.5,1.0,0.21291737258434296,0.5819376111030579
60,1775027183.7005131,11,person,0.5,1.0,0.12882712483406067,0.5693240761756897
60,1775027183.7005131,12,person,0.5,1.0,0.07776908576488495,0.5616653561592102
60,1775027183.7005131,7,person,0.5,1.0,0.17170144617557526,0.57575523853302
60,1775027183.7005131,13,person,0.5,1.0,0.2040495127439499,0.5806074142456055
60,1775027183.7005131,14,person,0.5,0.6,0.6098888516426086,0.5414833426475525
60,1775027183.7005131,15,person,0.5,1.0,0.09450061619281769,0.5641751289367676
61,1775027185.9993882,1,person,0.5,1.0,0.20543761551380157,0.5808156728744507
61,1775027185.9993882,2,person,0.5,1.0,0.24496133625507355,0.5867441892623901
61,1775027185.9993882,3,person,0.5,1.0,0.06643693894147873,0.5599655508995056
61,1775027185.9993882,6,person,0.5,0.6,0.06805191189050674,0.4602077603340149
61,1775027185.9993882,9,person,0.5,1.0,0.6494543552398682,0.6474181413650513
61,1775027185.9993882,11,person,0.5,1.0,0.14094604551792145,0.5711418986320496
61,1775027185.9993882,12,person,0.5,1.0,0.07623975723981857,0.5614359974861145
61,1775027185.9993882,7,person,0.5,1.0,0.2737272381782532,0.5910590887069702
61,1775027185.9993882,13,person,0.5,1.0,0.24901752173900604,0.5873526334762573
61,1775027185.9993882,14,person,0.5,0.6,0.7174516916275024,0.557617723941803
61,1775027185.9993882,15,person,0.5,1.0,0.0900433212518692,0.5635064840316772
62,1775027188.364494,1,person,0.5,1.0,0.1995149850845337,0.5799272656440735
62,1775027188.364494,2,person,0.5,1.0,0.20146360993385315,0.580219566822052
62,1775027188.364494,3,person,0.5,1.0,0.08413168042898178,0.5626197457313538
62,1775027188.364494,6,person,0.5,0.6,0.07031404227018356,0.4605470895767212
62,1775027188.364494,9,person,0.5,0.6,0.16059057414531708,0.474088579416275
62,1775027188.364494,11,person,0.5,1.0,0.08288868516683578,0.5624333024024963
62,1775027188.364494,12,person,0.5,1.0,0.10687228292226791,0.5660308599472046
62,1775027188.364494,7,person,0.5,1.0,0.32140451669692993,0.5982106924057007
62,1775027188.364494,13,person,0.5,1.0,0.3062454164028168,0.5959368348121643
62,1775027188.364494,14,person,0.5,0.3,1.0,0.525
62,1775027188.364494,15,person,0.5,1.0,0.10295708477497101,0.5654435753822327
63,1775027190.8031354,1,person,0.5,1.0,0.18101468682289124,0.5771521925926208
63,1775027190.8031354,2,person,0.5,1.0,0.17936165630817413,0.5769042372703552
63,1775027190.8031354,3,person,0.5,1.0,0.0914112776517868,0.5637117028236389
63,1775027190.8031354,6,person,0.5,0.6,0.06887269765138626,0.46033090353012085
63,1775027190.8031354,9,person,0.5,0.6,0.6263967752456665,0.5439594984054565
63,1775027190.8031354,11,person,0.5,1.0,0.08157137036323547,0.5622357130050659
63,1775027190.8031354,12,person,0.5,1.0,0.0773605927824974,0.5616040825843811
63,1775027190.8031354,7,person,0.5,1.0,0.2752683460712433,0.5912902355194092
63,1775027190.8031354,14,person,0.5,0.3,0.554118275642395,0.4581177532672882
63,1775027190.8031354,15,person,0.5,1.0,0.07926574349403381,0.5618898868560791
64,1775027193.065503,1,person,0.5,0.6,0.1876707524061203,0.4781506061553955
64,1775027193.065503,2,person,0.5,1.0,0.24388214945793152,0.586582362651825
64,1775027193.065503,3,person,0.5,1.0,0.055976610630750656,0.5583965182304382
64,1775027193.065503,6,person,0.5,0.6,0.0604812391102314,0.45907217264175415
64,1775027193.065503,9,person,0.5,0.6,0.32994458079338074,0.49949169158935547
64,1775027193.065503,11,person,0.5,1.0,0.10617127269506454,0.5659257173538208
64,1775027193.065503,12,person,0.5,1.0,0.19322611391544342,0.5789839029312134
64,1775027193.065503,7,person,0.5,1.0,0.11533721536397934,0.5673006176948547
64,1775027193.065503,14,person,0.5,0.3,0.5221915245056152,0.4533287286758423
64,1775027193.065503,15,person,0.5,1.0,0.058439433574676514,0.5587659478187561
64,1775027193.065503,13,person,0.5,1.0,0.6962066888809204,0.6544310450553894
65,1775027195.4382877,1,person,0.5,1.0,0.22523875534534454,0.5837858319282532
65,1775027195.4382877,2,person,0.5,1.0,0.19563554227352142,0.5793453454971313
65,1775027195.4382877,3,person,0.5,1.0,0.056130301207304,0.5584195852279663
65,1775027195.4382877,6,person,0.5,0.6,0.1507156938314438,0.4726073443889618
65,1775027195.4382877,9,person,0.5,0.6,0.6607059240341187,0.5491058826446533
65,1775027195.4382877,11,person,0.5,1.0,0.22834590077400208,0.584251880645752
65,1775027195.4382877,12,person,0.5,1.0,0.18618111312389374,0.5779271721839905
65,1775027195.4382877,7,person,0.5,1.0,0.30859190225601196,0.596288800239563
65,1775027195.4382877,14,person,0.5,0.3,0.7829071283340454,0.49243608117103577
65,1775027195.4382877,15,person,0.5,1.0,0.11808748543262482,0.5677131414413452
65,1775027195.4382877,13,person,0.5,1.0,0.19188982248306274,0.5787835121154785
66,1775027197.6491134,1,person,0.5,1.0,0.14342811703681946,0.5715142488479614
66,1775027197.6491134,2,person,0.5,1.0,0.1549959033727646,0.5732493996620178
66,1775027197.6491134,3,person,0.5,1.0,0.07883057743310928,0.56182461977005
66,1775027197.6491134,6,person,0.5,0.6,0.07264671474695206,0.4608969986438751
66,1775027197.6491134,9,person,0.5,0.6,0.29674699902534485,0.49451205134391785
66,1775027197.6491134,11,person,0.5,1.0,0.056268591433763504,0.5584403276443481
66,1775027197.6491134,12,person,0.5,1.0,0.16073928773403168,0.5741109251976013
66,1775027197.6491134,7,person,0.5,1.0,0.19838133454322815,0.5797572135925293
66,1775027197.6491134,14,person,0.5,0.6,0.6611196994781494,0.5491679310798645
66,1775027197.6491134,15,person,0.5,1.0,0.1301395297050476,0.5695209503173828
66,1775027197.6491134,13,person,0.5,1.0,0.22016701102256775,0.5830250382423401
67,1775027199.8956902,1,person,0.5,1.0,0.1872802972793579,0.5780920386314392
67,1775027199.8956902,2,person,0.5,1.0,0.12742339074611664,0.5691134929656982
67,1775027199.8956902,3,person,0.5,1.0,0.06428033113479614,0.5596420764923096
67,1775027199.8956902,6,person,0.5,0.6,0.06248551607131958,0.4593728184700012
67,1775027199.8956902,9,person,0.5,0.6,0.4274805188179016,0.5141220688819885
67,1775027199.8956902,11,person,0.5,1.0,0.15587274730205536,0.5733809471130371
67,1775027199.8956902,12,person,0.5,0.6,0.29228073358535767,0.49384209513664246
67,1775027199.8956902,7,person,0.5,1.0,0.20287954807281494,0.5804319381713867
67,1775027199.8956902,14,person,0.5,0.3,0.24901869893074036,0.4123528003692627
67,1775027199.8956902,15,person,0.5,1.0,0.18236443400382996,0.5773546695709229
67,1775027199.8956902,13,person,0.5,1.0,0.20384231209754944,0.5805763602256775
67,1775027199.8956902,20,person,0.5,1.0,1.0,0.7000000000000001
68,1775027202.2744064,1,person,0.5,1.0,0.2002527415752411,0.5800379514694214
68,1775027202.2744064,2,person,0.5,1.0,0.17189377546310425,0.5757840871810913
68,1775027202.2744064,3,person,0.5,1.0,0.1445528268814087,0.5716829299926758
68,1775027202.2744064,6,person,0.5,0.6,0.0882020890712738,0.46323031187057495
68,1775027202.2744064,9,person,0.5,0.6,0.6191244721412659,0.5428686738014221
68,1775027202.2744064,11,person,0.5,1.0,0.1107042208313942,0.5666056275367737
68,1775027202.2744064,12,person,0.5,0.6,0.6681062579154968,0.5502159595489502
68,1775027202.2744064,7,person,0.5,1.0,0.20185713469982147,0.5802785754203796
68,1775027202.2744064,15,person,0.5,1.0,0.11751054227352142,0.5676265954971313
68,1775027202.2744064,13,person,0.5,1.0,0.3379925489425659,0.6006988883018494
69,1775027204.4314728,1,person,0.5,1.0,0.2429349720478058,0.5864402651786804
69,1775027204.4314728,2,person,0.5,1.0,0.1690405160188675,0.5753560662269592
69,1775027204.4314728,3,person,0.5,1.0,0.28353238105773926,0.5925298929214478
69,1775027204.4314728,6,person,0.5,0.6,0.07947483658790588,0.46192121505737305
69,1775027204.4314728,9,person,0.5,0.6,0.9334319233894348,0.5900148153305054
69,1775027204.4314728,12,person,0.5,0.6,0.6265277862548828,0.5439791679382324
69,1775027204.4314728,7,person,0.5,1.0,0.1601058393716812,0.5740159153938293
69,1775027204.4314728,15,person,0.5,1.0,0.1805151402950287,0.5770772695541382
69,1775027204.4314728,13,person,0.5,1.0,0.15605652332305908,0.5734084844589233
70,1775027206.4044816,1,person,0.5,1.0,0.2548275589942932,0.5882241725921631
70,1775027206.4044816,2,person,0.5,1.0,0.16192351281642914,0.574288547039032
70,1775027206.4044816,3,person,0.5,1.0,0.3271476626396179,0.5990721583366394
70,1775027206.4044816,6,person,0.5,0.6,0.1599692702293396,0.4739953875541687
70,1775027206.4044816,9,person,0.5,0.6,0.7212896347045898,0.5581934452056885
70,1775027206.4044816,7,person,0.5,1.0,0.21720857918262482,0.5825812816619873
70,1775027206.4044816,15,person,0.5,1.0,0.11942485719919205,0.5679137706756592
70,1775027206.4044816,13,person,0.5,1.0,0.2688537836074829,0.5903280973434448
70,1775027206.4044816,14,person,0.5,0.6,0.4728417992591858,0.5209262371063232
70,1775027206.4044816,20,person,0.5,1.0,0.34642133116722107,0.601963222026825
70,1775027206.4044816,11,person,0.5,1.0,0.24807262420654297,0.5872108936309814
71,1775027208.7801933,1,person,0.5,1.0,0.27177807688713074,0.5907667279243469
71,1775027208.7801933,2,person,0.5,1.0,0.5145739912986755,0.627186119556427
71,1775027208.7801933,3,person,0.5,1.0,0.22673754394054413,0.584010660648346
71,1775027208.7801933,6,person,0.5,0.6,0.08691408485174179,0.4630371034145355
71,1775027208.7801933,9,person,0.5,0.6,0.27678021788597107,0.49151700735092163
71,1775027208.7801933,7,person,0.5,1.0,0.13132837414741516,0.5696992874145508
71,1775027208.7801933,13,person,0.5,1.0,0.1705457866191864,0.5755819082260132
72,1775027210.5005214,1,person,0.5,1.0,0.12821875512599945,0.5692328214645386
72,1775027210.5005214,2,person,0.5,1.0,0.13815659284591675,0.5707234740257263
72,1775027210.5005214,3,person,0.5,1.0,0.09472489356994629,0.5642087459564209
72,1775027210.5005214,6,person,0.5,0.6,0.10355626046657562,0.46553343534469604
72,1775027210.5005214,9,person,0.5,0.6,0.23145762085914612,0.4847186207771301
72,1775027210.5005214,7,person,0.5,1.0,0.07341094315052032,0.5610116720199585
72,1775027210.5005214,13,person,0.5,1.0,0.3082277178764343,0.5962342023849487
72,1775027210.5005214,12,person,0.5,1.0,1.0,0.7000000000000001
72,1775027210.5005214,14,person,0.5,0.3,0.47676318883895874,0.4465144872665405
72,1775027210.5005214,11,person,0.5,1.0,0.18006263673305511,0.577009379863739
73,1775027212.6480324,1,person,0.5,1.0,0.22659678757190704,0.5839895009994507
73,1775027212.6480324,2,person,0.5,1.0,0.33217889070510864,0.5998268723487854
73,1775027212.6480324,3,person,0.5,1.0,0.09780599176883698,0.5646709203720093
73,1775027212.6480324,6,person,0.5,0.6,0.15331235527992249,0.4729968309402466
73,1775027212.6480324,9,person,0.5,0.6,0.22307491302490234,0.4834612309932709
73,1775027212.6480324,7,person,0.5,1.0,0.10338686406612396,0.5655080676078796
73,1775027212.6480324,14,person,0.5,0.3,0.30819687247276306,0.4212295413017273
73,1775027212.6480324,11,person,0.5,1.0,0.11856336891651154,0.5677845478057861
74,1775027214.443449,1,person,0.5,0.6,0.18391111493110657,0.47758665680885315
74,1775027214.443449,2,person,0.5,1.0,0.2393440455198288,0.5859016180038452
74,1775027214.443449,3,person,0.5,1.0,0.08974907547235489,0.5634623765945435
74,1775027214.443449,6,person,0.5,0.6,0.2733452022075653,0.49100178480148315
74,1775027214.443449,9,person,0.5,0.6,0.3452907204627991,0.501793622970581
74,1775027214.443449,7,person,0.5,1.0,0.09156738221645355,0.5637351274490356
74,1775027214.443449,14,person,0.5,0.6,0.4160712659358978,0.5124107003211975
74,1775027214.443449,11,person,0.5,1.0,0.08217146247625351,0.5623257160186768
74,1775027214.443449,12,person,0.5,1.0,1.0,0.7000000000000001
75,1775027216.3978562,1,person,0.5,1.0,0.20370078086853027,0.5805551409721375
75,1775027216.3978562,2,person,0.5,1.0,0.2326616793870926,0.5848992466926575
75,1775027216.3978562,3,person,0.5,1.0,0.13221053779125214,0.5698316097259521
75,1775027216.3978562,6,person,0.5,0.6,0.07288475334644318,0.4609327018260956
75,1775027216.3978562,9,person,0.5,0.3,0.23015925288200378,0.4095239043235779
75,1775027216.3978562,7,person,0.5,1.0,0.18374072015285492,0.5775611400604248
75,1775027216.3978562,14,person,0.5,0.6,0.4547812044620514,0.518217146396637
75,1775027216.3978562,11,person,0.5,1.0,0.15924042463302612,0.5738860964775085
75,1775027216.3978562,12,person,0.5,1.0,0.7765709161758423,0.6664856672286987
75,1775027216.3978562,15,person,0.5,1.0,1.0,0.7000000000000001
76,1775027218.493834,1,person,0.5,0.6,0.18104666471481323,0.47715699672698975
76,1775027218.493834,2,person,0.5,1.0,0.17306676506996155,0.5759600400924683
76,1775027218.493834,3,person,0.5,1.0,0.17342029511928558,0.5760130286216736
76,1775027218.493834,6,person,0.5,0.6,0.10412074625492096,0.4656181037425995
76,1775027218.493834,9,person,0.5,0.6,0.16532835364341736,0.474799245595932
76,1775027218.493834,7,person,0.5,1.0,0.11833570897579193,0.5677503943443298
76,1775027218.493834,14,person,0.5,0.6,0.2807263731956482,0.49210894107818604
76,1775027218.493834,11,person,0.5,1.0,0.07648129016160965,0.5614721775054932
76,1775027218.493834,12,person,0.5,0.6,0.6009919047355652,0.5401487946510315
77,1775027220.4792438,1,person,0.5,0.6,0.11026792228221893,0.4665401875972748
77,1775027220.4792438,2,person,0.5,1.0,0.18411986529827118,0.5776180028915405
77,1775027220.4792438,3,person,0.5,1.0,0.17444318532943726,0.5761665105819702
77,1775027220.4792438,6,person,0.5,0.6,0.20002403855323792,0.48000359535217285
77,1775027220.4792438,9,person,0.5,0.6,0.20167362689971924,0.4802510440349579
77,1775027220.4792438,7,person,0.5,1.0,0.06628213822841644,0.5599423050880432
77,1775027220.4792438,14,person,0.5,0.6,0.28788846731185913,0.4931832551956177
77,1775027220.4792438,11,person,0.5,1.0,0.25171715021133423,0.5877575874328613
77,1775027220.4792438,12,person,0.5,1.0,0.14535735547542572,0.571803629398346
77,1775027220.4792438,15,person,0.5,1.0,0.3038181662559509,0.5955727100372314
78,1775027222.695935,1,person,0.5,0.6,0.22292175889015198,0.48343825340270996
78,1775027222.695935,2,person,0.5,1.0,0.366353303194046,0.6049529910087585
78,1775027222.695935,3,person,0.5,1.0,0.11279900372028351,0.5669198632240295
78,1775027222.695935,6,person,0.5,0.6,0.15219241380691528,0.47282886505126953
78,1775027222.695935,9,person,0.5,0.6,0.3082471489906311,0.4962370693683624
78,1775027222.695935,7,person,0.5,1.0,0.07487449795007706,0.5612311959266663
78,1775027222.695935,14,person,0.5,0.6,0.26803722977638245,0.4902055859565735
78,1775027222.695935,11,person,0.5,1.0,0.09386910498142242,0.5640803575515747
78,1775027222.695935,12,person,0.5,1.0,0.36889851093292236,0.6053348183631897
78,1775027222.695935,15,person,0.5,1.0,0.20762929320335388,0.581144392490387
79,1775027224.8980143,1,person,0.5,1.0,0.17536601424217224,0.5763049125671387
79,1775027224.8980143,2,person,0.5,1.0,0.14590518176555634,0.5718857645988464
79,1775027224.8980143,3,person,0.5,1.0,0.10805720090866089,0.5662086009979248
79,1775027224.8980143,6,person,0.5,0.6,0.1698087900876999,0.4754713177680969
79,1775027224.8980143,9,person,0.5,0.6,0.879507839679718,0.581926167011261
79,1775027224.8980143,7,person,0.5,1.0,0.11145363003015518,0.5667180418968201
79,1775027224.8980143,14,person,0.5,0.6,0.5129051208496094,0.5269357562065125
79,1775027224.8980143,11,person,0.5,1.0,0.09246324002742767,0.5638694763183594
79,1775027224.8980143,12,person,0.5,1.0,0.23035380244255066,0.584553062915802
79,1775027224.8980143,15,person,0.5,1.0,0.3369894325733185,0.6005484461784363
79,1775027224.8980143,13,person,0.5,1.0,0.6221493482589722,0.6433224081993103
80,1775027227.2269118,1,person,0.5,0.6,0.2362378090620041,0.4854356646537781
80,1775027227.2269118,2,person,0.5,1.0,0.15617024898529053,0.5734255313873291
80,1775027227.2269118,3,person,0.5,1.0,0.06883254647254944,0.5603249073028564
80,1775027227.2269118,6,person,0.5,0.6,0.1570165753364563,0.4735524654388428
80,1775027227.2269118,9,person,0.5,1.0,0.5616267919540405,0.6342440247535706
80,1775027227.2269118,7,person,0.5,1.0,0.2495267689228058,0.5874290466308594
80,1775027227.2269118,14,person,0.5,0.6,0.20698988437652588,0.48104846477508545
80,1775027227.2269118,11,person,0.5,1.0,0.16660583019256592,0.5749908685684204
80,1775027227.2269118,12,person,0.5,0.6,0.24236853420734406,0.4863552749156952
80,1775027227.2269118,15,person,0.5,1.0,0.4957520067691803,0.6243628263473511
80,1775027227.2269118,35,person,0.5,1.0,0.0,0.55
80,1775027227.2269118,36,person,0.5,0.6,0.0,0.44999999999999996
80,1775027227.2269118,13,person,0.5,1.0,0.1238836795091629,0.5685825347900391
81,1775027229.7366805,1,person,0.5,0.6,0.3525594472885132,0.5028839111328125
81,1775027229.7366805,2,person,0.5,1.0,0.2891548275947571,0.5933732390403748
81,1775027229.7366805,3,person,0.5,1.0,0.055915702134370804,0.5583873391151428
81,1775027229.7366805,6,person,0.5,0.6,0.12405272573232651,0.46860790252685547
81,1775027229.7366805,9,person,0.5,0.6,0.1914375275373459,0.4787156283855438
81,1775027229.7366805,7,person,0.5,1.0,0.21994225680828094,0.582991361618042
81,1775027229.7366805,14,person,0.5,0.6,0.30168837308883667,0.49525323510169983
81,1775027229.7366805,11,person,0.5,1.0,0.09555359184741974,0.5643330812454224
81,1775027229.7366805,12,person,0.5,1.0,0.30015820264816284,0.5950237512588501
81,1775027229.7366805,15,person,0.627950131893158,1.0,0.6083018183708191,0.7180153727531433
81,1775027229.7366805,36,person,0.5,1.0,0.22151045501232147,0.5832265615463257
82,1775027231.9588883,1,person,0.5,1.0,0.37991076707839966,0.6069866418838501
82,1775027231.9588883,2,person,0.5,1.0,0.249773308634758,0.5874660015106201
82,1775027231.9588883,3,person,0.5,1.0,0.07365895062685013,0.5610488653182983
82,1775027231.9588883,6,person,0.5,0.6,0.2678212821483612,0.49017319083213806
82,1775027231.9588883,9,person,0.5,0.6,0.09661544859409332,0.4644923210144043
82,1775027231.9588883,7,person,0.5,1.0,0.16098228096961975,0.5741473436355591
82,1775027231.9588883,14,person,0.5,0.6,0.23306016623973846,0.4849590063095093
82,1775027231.9588883,11,person,0.5,1.0,0.15306109189987183,0.5729591846466064
82,1775027231.9588883,12,person,0.5,0.6,0.20097842812538147,0.48014676570892334
82,1775027231.9588883,15,person,0.5902624130249023,1.0,1.0,0.7541574478149414
82,1775027231.9588883,36,person,0.3930661082267761,0.6,0.6465499401092529,0.4828221797943115
83,1775027234.2074044,1,person,0.5,0.6,0.28655102849006653,0.4929826557636261
83,1775027234.2074044,2,person,0.5,1.0,0.23814979195594788,0.5857225060462952
83,1775027234.2074044,3,person,0.5,1.0,0.10267210006713867,0.5654008388519287
83,1775027234.2074044,6,person,0.5,0.6,0.19676418602466583,0.47951462864875793
83,1775027234.2074044,9,person,0.5,0.6,0.11216769367456436,0.46682512760162354
83,1775027234.2074044,7,person,0.5,1.0,0.2596478760242462,0.5889471769332886
83,1775027234.2074044,14,person,0.5,0.6,0.4199330806732178,0.5129899382591248
83,1775027234.2074044,11,person,0.5,1.0,0.10885052382946014,0.5663275718688965
83,1775027234.2074044,12,person,0.5,1.0,0.17995485663414001,0.5769932270050049
83,1775027234.2074044,15,person,0.5830186009407043,1.0,0.7271254658699036,0.7088799476623535
83,1775027234.2074044,36,person,0.3835024833679199,0.6,0.7850645780563354,0.49786120653152466
83,1775027234.2074044,20,person,0.5,0.6,0.7681561708450317,0.5652233958244324
84,1775027236.613865,1,person,0.5,0.6,0.2862228751182556,0.4929334223270416
84,1775027236.613865,2,person,0.5,1.0,0.2996787428855896,0.5949518084526062
84,1775027236.613865,3,person,0.5,1.0,0.07373975962400436,0.5610609650611877
84,1775027236.613865,6,person,0.5,0.6,0.32784464955329895,0.49917668104171753
84,1775027236.613865,9,person,0.5,0.6,0.5127705931663513,0.5269155502319336
84,1775027236.613865,7,person,0.5,1.0,0.1441539078950882,0.5716230869293213
84,1775027236.613865,14,person,0.5,0.6,0.7602437734603882,0.5640365481376648
84,1775027236.613865,11,person,0.5,1.0,0.1699019819498062,0.5754852890968323
84,1775027236.613865,12,person,0.5,0.6,0.36260735988616943,0.504391074180603
84,1775027236.613865,15,person,0.6741032600402832,1.0,1.0,0.8044619560241699
85,1775027238.885313,1,person,0.5,0.6,0.3452349603176117,0.5017852187156677
85,1775027238.885313,2,person,0.5,1.0,0.15879617631435394,0.5738194584846497
85,1775027238.885313,3,person,0.5,1.0,0.07868574559688568,0.561802864074707
85,1775027238.885313,6,person,0.5,0.6,0.1499173939228058,0.47248759865760803
85,1775027238.885313,9,person,0.5,0.6,0.18666565418243408,0.47799983620643616
85,1775027238.885313,7,person,0.5,1.0,0.12086845934391022,0.5681302547454834
85,1775027238.885313,14,person,0.5,0.6,0.3051522374153137,0.4957728385925293
85,1775027238.885313,11,person,0.3674704432487488,1.0,0.11872728168964386,0.48829135298728943
85,1775027238.885313,12,person,0.5,0.6,0.057812511920928955,0.4586718678474426
85,1775027238.885313,15,person,0.6993991136550903,1.0,0.748664915561676,0.7819392085075378
85,1775027238.885313,13,person,0.5,1.0,0.8725937008857727,0.6808890700340271
85,1775027238.885313,36,person,0.4238123893737793,1.0,0.23699066042900085,0.539836049079895
85,1775027238.885313,20,person,0.5,0.6,0.17870508134365082,0.47680574655532837
86,1775027241.5271783,1,person,0.5,0.6,0.37701651453971863,0.5065524578094482
86,1775027241.5271783,2,person,0.5,1.0,0.23957128822803497,0.5859357118606567
86,1775027241.5271783,3,person,0.5,1.0,0.0953330248594284,0.5642999410629272
86,1775027241.5271783,6,person,0.5,0.6,0.18453943729400635,0.47768089175224304
86,1775027241.5271783,9,person,0.5,0.6,0.3951428532600403,0.5092714428901672
86,1775027241.5271783,7,person,0.5,1.0,0.18451198935508728,0.5776768326759338
86,1775027241.5271783,14,person,0.5,0.6,0.3141419291496277,0.49712127447128296
86,1775027241.5271783,11,person,0.3657587170600891,1.0,0.08232344686985016,0.4818037748336792
86,1775027241.5271783,12,person,0.5,1.0,0.07144639641046524,0.560716986656189
86,1775027241.5271783,15,person,0.6786463260650635,1.0,0.7680726647377014,0.7723987102508545
86,1775027241.5271783,13,person,0.5,1.0,0.2982291579246521,0.5947343707084656
86,1775027241.5271783,36,person,0.4537709951400757,0.6,0.7822026610374451,0.539592981338501
86,1775027241.5271783,20,person,0.5,0.6,0.20148122310638428,0.4802221655845642
87,1775027244.035381,1,person,0.5,0.6,0.3012586832046509,0.49518880248069763
87,1775027244.035381,2,person,0.5,1.0,0.1419844627380371,0.5712977051734924
87,1775027244.035381,3,person,0.5,1.0,0.061032406985759735,0.5591548681259155
87,1775027244.035381,6,person,0.5,0.6,0.15790489315986633,0.47368571162223816
87,1775027244.035381,9,person,0.5,0.6,0.993118166923523,0.5989677309989929
87,1775027244.035381,7,person,0.5,1.0,0.12729448080062866,0.569094181060791
87,1775027244.035381,14,person,0.5,0.6,0.41663843393325806,0.512495756149292
87,1775027244.035381,11,person,0.5,1.0,0.21283212304115295,0.5819248557090759
87,1775027244.035381,12,person,0.5,1.0,0.1732478141784668,0.5759871602058411
87,1775027244.035381,15,person,0.6610583662986755,1.0,0.7195550799369812,0.7545682787895203
87,1775027244.035381,13,person,0.5,1.0,0.5508443713188171,0.6326266527175903
87,1775027244.035381,20,person,0.5,0.6,0.15794023871421814,0.47369101643562317
88,1775027246.400428,1,person,0.5,0.6,0.3068748116493225,0.4960312247276306
88,1775027246.400428,2,person,0.5,1.0,0.2822719216346741,0.5923408269882202
88,1775027246.400428,3,person,0.5,1.0,0.07353431731462479,0.5610301494598389
88,1775027246.400428,6,person,0.5,0.6,0.17305150628089905,0.4759577214717865
88,1775027246.400428,9,person,0.5,0.6,0.273438423871994,0.491015762090683
88,1775027246.400428,7,person,0.5,1.0,0.11177077144384384,0.5667656064033508
88,1775027246.400428,14,person,0.5,0.6,0.1592932939529419,0.4738939702510834
88,1775027246.400428,11,person,0.5,1.0,0.18420402705669403,0.5776306390762329
88,1775027246.400428,12,person,0.5,0.6,0.10041294246912003,0.4650619328022003
88,1775027246.400428,15,person,0.66660475730896,1.0,0.6238105297088623,0.7435344457626343
88,1775027246.400428,13,person,0.5,1.0,0.4310854971408844,0.6146628260612488
88,1775027246.400428,20,person,0.5,0.6,0.17543098330497742,0.47631463408470154
89,1775027248.763773,1,person,0.5,0.6,0.32270652055740356,0.49840596318244934
89,1775027248.763773,2,person,0.5,1.0,0.2262905389070511,0.5839436054229736
89,1775027248.763773,3,person,0.5,1.0,0.06460887938737869,0.5596913695335388
89,1775027248.763773,6,person,0.5,0.6,0.1105680838227272,0.4665851891040802
89,1775027248.763773,9,person,0.5,0.6,0.08155308663845062,0.46223294734954834
89,1775027248.763773,7,person,0.5,1.0,0.10567618906497955,0.5658514499664307
89,1775027248.763773,14,person,0.5,0.6,0.5444328784942627,0.5316649079322815
89,1775027248.763773,11,person,0.5,1.0,0.18982724845409393,0.5784741044044495
89,1775027248.763773,12,person,0.5,1.0,0.08888173848390579,0.5633322596549988
89,1775027248.763773,15,person,0.6666881442070007,1.0,1.0,0.8000128865242004
89,1775027248.763773,20,person,0.5,0.6,0.14998087286949158,0.4724971055984497
90,1775027251.0127656,1,person,0.5,0.6,0.30117669701576233,0.4951764941215515
90,1775027251.0127656,2,person,0.5,1.0,0.3298332095146179,0.5994750261306763
90,1775027251.0127656,3,person,0.5,1.0,0.053947627544403076,0.5580921769142151
90,1775027251.0127656,6,person,0.5,0.6,0.1330384910106659,0.46995577216148376
90,1775027251.0127656,9,person,0.5,0.6,0.7399020791053772,0.5609853267669678
90,1775027251.0127656,14,person,0.5,0.6,0.5497281551361084,0.5324591994285583
90,1775027251.0127656,11,person,0.41091179847717285,1.0,0.09892813861370087,0.5113862752914429
90,1775027251.0127656,12,person,0.5,1.0,0.2207508385181427,0.5831126570701599
90,1775027251.0127656,15,person,0.6572794318199158,0.6,0.7381146550178528,0.6550848484039307
90,1775027251.0127656,20,person,0.5,0.6,0.10261344909667969,0.46539199352264404
90,1775027251.0127656,13,person,0.5,1.0,0.7369792461395264,0.6605468988418579
91,1775027253.1956747,1,person,0.5,0.6,0.36342281103134155,0.5045133829116821
91,1775027253.1956747,2,person,0.5,1.0,0.31116601824760437,0.596674919128418
91,1775027253.1956747,3,person,0.5,1.0,0.038354940712451935,0.555753231048584
91,1775027253.1956747,6,person,0.5,0.6,0.18375113606452942,0.47756266593933105
91,1775027253.1956747,9,person,0.5,1.0,0.24904683232307434,0.5873570442199707
91,1775027253.1956747,14,person,0.5,0.6,1.0,0.6
91,1775027253.1956747,11,person,0.5,1.0,0.10913731902837753,0.5663706064224243
91,1775027253.1956747,12,person,0.5,1.0,0.061005931347608566,0.5591508746147156
91,1775027253.1956747,20,person,0.5,1.0,0.4534076750278473,0.6180111765861511
91,1775027253.1956747,7,person,0.5,1.0,0.35220128297805786,0.6028302311897278
92,1775027255.7737327,1,person,0.5,0.6,0.3053242862224579,0.49579864740371704
92,1775027255.7737327,2,person,0.5,1.0,0.2937859892845154,0.5940679311752319
92,1775027255.7737327,3,person,0.5,1.0,0.03245874494314194,0.5548688173294067
92,1775027255.7737327,6,person,0.5,0.6,0.09377612173557281,0.46406641602516174
92,1775027255.7737327,9,person,0.5,0.6,0.10035184770822525,0.4650527536869049
92,1775027255.7737327,14,person,0.5,0.6,0.8521073460578918,0.5778161287307739
92,1775027255.7737327,11,person,0.5,1.0,0.14562681317329407,0.5718440413475037
92,1775027255.7737327,12,person,0.5,1.0,0.12871602177619934,0.5693074464797974
92,1775027255.7737327,20,person,0.5,1.0,0.3913242220878601,0.6086986660957336
92,1775027255.7737327,15,person,0.6516088247299194,1.0,1.0,0.7909652948379516
92,1775027255.7737327,13,person,0.5,1.0,0.8355172276496887,0.6753275990486145
93,1775027258.5194786,1,person,0.5,0.6,0.3040587902069092,0.4956088066101074
93,1775027258.5194786,2,person,0.5,1.0,0.27219629287719727,0.5908294320106506
93,1775027258.5194786,3,person,0.5,1.0,0.07178075611591339,0.5607671141624451
93,1775027258.5194786,6,person,0.5,0.6,0.15461651980876923,0.4731924533843994
93,1775027258.5194786,9,person,0.5,0.6,0.8752754926681519,0.5812913179397583
93,1775027258.5194786,14,person,0.5,0.6,0.1859087496995926,0.47788628935813904
93,1775027258.5194786,11,person,0.5,1.0,0.1521139144897461,0.5728170871734619
93,1775027258.5194786,12,person,0.5,0.6,0.11702297627925873,0.46755343675613403
93,1775027258.5194786,20,person,0.5,1.0,0.10398988425731659,0.5655984878540039
93,1775027258.5194786,15,person,0.6400399208068848,1.0,0.5509477853775024,0.7166661024093628
93,1775027258.5194786,13,person,0.4698799252510071,1.0,0.237834170460701,0.5676030516624451
93,1775027258.5194786,7,person,0.5,1.0,0.28713077306747437,0.5930696129798889
94,1775027261.0004957,1,person,0.5,0.6,0.3212481439113617,0.49818721413612366
94,1775027261.0004957,2,person,0.5,1.0,0.1856614500284195,0.5778492093086243
94,1775027261.0004957,3,person,0.5,1.0,0.05095832422375679,0.5576437711715698
94,1775027261.0004957,6,person,0.5,0.6,0.19925568997859955,0.47988834977149963
94,1775027261.0004957,9,person,0.5,0.6,0.30200108885765076,0.49530014395713806
94,1775027261.0004957,14,person,0.5,0.6,0.34991317987442017,0.5024869441986084
94,1775027261.0004957,11,person,0.5,1.0,0.18744096159934998,0.5781161785125732
94,1775027261.0004957,12,person,0.5,0.6,0.11373116075992584,0.4670596718788147
94,1775027261.0004957,20,person,0.5,1.0,0.07375292479991913,0.5610629320144653
94,1775027261.0004957,15,person,0.5,1.0,0.2223484218120575,0.583352267742157
94,1775027261.0004957,7,person,0.5,1.0,0.13800883293151855,0.5707013607025146
95,1775027263.2131977,1,person,0.5,0.6,0.3213282525539398,0.4981992244720459
95,1775027263.2131977,2,person,0.5,1.0,0.46408528089523315,0.6196128129959106
95,1775027263.2131977,3,person,0.5,1.0,0.07209385931491852,0.5608140826225281
95,1775027263.2131977,6,person,0.5,0.6,0.12245474755764008,0.46836820244789124
95,1775027263.2131977,9,person,0.5,0.6,0.14451268315315247,0.47167688608169556
95,1775027263.2131977,14,person,0.5,0.3,0.2918786108493805,0.4187817871570587
95,1775027263.2131977,11,person,0.5,1.0,0.11806569993495941,0.5677098631858826
95,1775027263.2131977,12,person,0.5,1.0,0.11047963798046112,0.5665719509124756
95,1775027263.2131977,20,person,0.5,1.0,0.12012070417404175,0.5680181384086609
95,1775027263.2131977,15,person,0.5,1.0,0.6728978753089905,0.6509346961975098
95,1775027263.2131977,7,person,0.5,1.0,0.05573226138949394,0.5583598613739014
95,1775027263.2131977,36,person,0.5,0.6,0.7335024476051331,0.5600253343582153
96,1775027265.5658696,1,person,0.5,0.6,0.32576674222946167,0.498865008354187
96,1775027265.5658696,2,person,0.5,1.0,0.2113063633441925,0.5816959738731384
96,1775027265.5658696,3,person,0.5,1.0,0.03396603465080261,0.5550948977470398
96,1775027265.5658696,6,person,0.5,0.6,0.062339700758457184,0.45935094356536865
96,1775027265.5658696,9,person,0.5,0.6,0.48380202054977417,0.5225703120231628
96,1775027265.5658696,14,person,0.5,0.6,0.2801540791988373,0.4920231103897095
96,1775027265.5658696,11,person,0.5,1.0,0.15533877909183502,0.573300838470459
96,1775027265.5658696,12,person,0.5,1.0,0.08399208635091782,0.5625988245010376
96,1775027265.5658696,20,person,0.5,1.0,0.15784242749214172,0.573676347732544
96,1775027265.5658696,15,person,0.5,1.0,0.7182899713516235,0.657743513584137
96,1775027265.5658696,7,person,0.5,1.0,0.17477822303771973,0.5762167572975159
96,1775027265.5658696,36,person,0.5,0.6,0.1167195588350296,0.467507928609848
97,1775027267.8844333,1,person,0.5,0.6,0.2884332835674286,0.49326497316360474
97,1775027267.8844333,2,person,0.5,1.0,0.14994066953659058,0.5724911093711853
97,1775027267.8844333,3,person,0.5,1.0,0.05580499768257141,0.5583707690238953
97,1775027267.8844333,6,person,0.5,0.6,0.11812575906515121,0.46771883964538574
97,1775027267.8844333,9,person,0.5,0.6,0.4714432656764984,0.5207164883613586
97,1775027267.8844333,14,person,0.5,0.6,0.47352051734924316,0.5210280418395996
97,1775027267.8844333,11,person,0.5,1.0,0.13317957520484924,0.5699769258499146
97,1775027267.8844333,12,person,0.5,0.6,0.14500278234481812,0.471750408411026
97,1775027267.8844333,20,person,0.5,0.6,0.1656281054019928,0.47484421730041504
97,1775027267.8844333,15,person,0.5,1.0,1.0,0.7000000000000001
97,1775027267.8844333,7,person,0.5,1.0,0.12083148956298828,0.5681247115135193
98,1775027270.1327972,1,person,0.5,0.6,0.32698768377304077,0.4990481436252594
98,1775027270.1327972,2,person,0.5,1.0,0.21919448673725128,0.5828791856765747
98,1775027270.1327972,3,person,0.5,1.0,0.08046039193868637,0.5620690584182739
98,1775027270.1327972,6,person,0.5,0.6,0.17055484652519226,0.4755832254886627
98,1775027270.1327972,9,person,0.5,0.6,0.3972999155521393,0.5095949769020081
98,1775027270.1327972,14,person,0.5,0.6,0.0689542219042778,0.4603431224822998
98,1775027270.1327972,11,person,0.5,1.0,0.2549183666706085,0.5882377624511719
98,1775027270.1327972,12,person,0.5,1.0,0.2264779508113861,0.5839716792106628
98,1775027270.1327972,20,person,0.5,1.0,0.1898173987865448,0.5784726142883301
98,1775027270.1327972,15,person,0.5,1.0,0.5339242815971375,0.6300886869430542
98,1775027270.1327972,7,person,0.5,1.0,0.10918115079402924,0.5663771629333496
98,1775027270.1327972,13,person,0.5,1.0,1.0,0.7000000000000001
99,1775027272.5012124,1,person,0.5,0.6,0.3263879716396332,0.49895817041397095
99,1775027272.5012124,2,person,0.5,1.0,0.179683119058609,0.5769524574279785
99,1775027272.5012124,3,person,0.5,1.0,0.05960370972752571,0.558940589427948
99,1775027272.5012124,6,person,0.5,0.6,0.12725503742694855,0.46908825635910034
99,1775027272.5012124,9,person,0.5,0.6,0.4046662747859955,0.5106999278068542
99,1775027272.5012124,14,person,0.5,0.6,0.412151962518692,0.5118227601051331
99,1775027272.5012124,11,person,0.5,1.0,0.11439486593008041,0.5671592354774475
99,1775027272.5012124,12,person,0.5,0.6,0.18043486773967743,0.47706520557403564
99,1775027272.5012124,20,person,0.5,0.6,0.2979186475276947,0.4946877956390381
99,1775027272.5012124,15,person,0.5,1.0,0.3782804310321808,0.6067420840263367
99,1775027272.5012124,7,person,0.5,1.0,0.10404087603092194,0.5656061172485352
99,1775027272.5012124,13,person,0.5,1.0,0.24387748539447784,0.5865816473960876
100,1775027274.8325028,1,person,0.5,0.6,0.28683000802993774,0.4930244982242584
100,1775027274.8325028,2,person,0.5,1.0,0.20387081801891327,0.5805806517601013
100,1775027274.8325028,3,person,0.5,1.0,0.05983864143490791,0.5589758157730103
100,1775027274.8325028,6,person,0.5,0.6,0.13002321124076843,0.4695034623146057
100,1775027274.8325028,9,person,0.5,0.6,0.18535977602005005,0.47780394554138184
100,1775027274.8325028,14,person,0.5,0.6,0.33094537258148193,0.4996418058872223
100,1775027274.8325028,11,person,0.5,1.0,0.05852234363555908,0.5587783455848694
100,1775027274.8325028,12,person,0.5,1.0,0.11682361364364624,0.5675235390663147
100,1775027274.8325028,20,person,0.5,0.6,0.2162354290485382,0.48243531584739685
100,1775027274.8325028,15,person,0.5,1.0,0.32117587327957153,0.5981764197349548
100,1775027274.8325028,7,person,0.5,1.0,0.08060410618782043,0.5620906352996826
100,1775027274.8325028,13,person,0.5,1.0,0.35642901062965393,0.6034643650054932
101,1775027277.2634084,1,person,0.5,0.6,0.2710680365562439,0.4906601905822754
101,1775027277.2634084,2,person,0.5,1.0,0.1160258874297142,0.5674039125442505
101,1775027277.2634084,3,person,0.5,1.0,0.08919209986925125,0.5633788108825684
101,1775027277.2634084,6,person,0.5,0.6,0.14320115745067596,0.4714801609516144
101,1775027277.2634084,9,person,0.5,0.6,0.12739557027816772,0.46910932660102844
101,1775027277.2634084,14,person,0.5,0.6,0.20104417204856873,0.4801566004753113
101,1775027277.2634084,11,person,0.5,1.0,0.20491769909858704,0.5807376503944397
101,1775027277.2634084,12,person,0.5,0.6,0.177364781498909,0.476604700088501
101,1775027277.2634084,20,person,0.5,1.0,0.3220880329608917,0.5983132123947144
101,1775027277.2634084,15,person,0.5,1.0,0.254507839679718,0.5881761908531189
101,1775027277.2634084,7,person,0.5,1.0,0.08826207369565964,0.563239336013794
102,1775027279.5977175,1,person,0.5,0.6,0.2965417802333832,0.49448126554489136
102,1775027279.5977175,2,person,0.5,1.0,0.1554640233516693,0.5733196139335632
102,1775027279.5977175,3,person,0.5,1.0,0.0832594707608223,0.5624889135360718
102,1775027279.5977175,6,person,0.5,0.6,0.06656984984874725,0.4599854648113251
102,1775027279.5977175,9,person,0.5,0.6,0.14566126465797424,0.4718491733074188
102,1775027279.5977175,14,person,0.5,0.6,0.31843531131744385,0.49776530265808105
102,1775027279.5977175,11,person,0.5,1.0,0.08210165053606033,0.5623152852058411
102,1775027279.5977175,12,person,0.5,1.0,0.14817029237747192,0.5722255706787109
102,1775027279.5977175,20,person,0.5,1.0,0.24585458636283875,0.5868781805038452
102,1775027279.5977175,15,person,0.7072165608406067,1.0,0.16866327822208405,0.6996294260025024
102,1775027279.5977175,7,person,0.5,1.0,0.08898283541202545,0.5633474588394165
103,1775027282.5157087,1,person,0.5,0.6,0.2502451539039612,0.487536758184433
103,1775027282.5157087,2,person,0.5,1.0,0.1511891782283783,0.5726783871650696
103,1775027282.5157087,3,person,0.5,1.0,0.07430537790060043,0.5611458420753479
103,1775027282.5157087,6,person,0.5,0.6,0.17735208570957184,0.47660279273986816
103,1775027282.5157087,9,person,0.5,0.6,0.1450202316045761,0.4717530310153961
103,1775027282.5157087,14,person,0.5,0.6,0.3110843896865845,0.4966626465320587
103,1775027282.5157087,11,person,0.5,1.0,0.1330057680606842,0.5699508786201477
103,1775027282.5157087,12,person,0.5,0.6,0.09817864000797272,0.4647267758846283
103,1775027282.5157087,20,person,0.5,1.0,0.11146494001150131,0.5667197704315186
103,1775027282.5157087,15,person,0.6866613626480103,1.0,0.15909913182258606,0.6858617067337036
103,1775027282.5157087,7,person,0.5,1.0,0.10490544885396957,0.5657358169555664
103,1775027282.5157087,13,person,0.5,1.0,0.7598503232002258,0.6639775633811951
104,1775027285.0338326,1,person,0.5,0.6,0.21929959952831268,0.4828949272632599
104,1775027285.0338326,2,person,0.5,1.0,0.13426437973976135,0.5701396465301514
104,1775027285.0338326,3,person,0.5,1.0,0.09313438832759857,0.563970148563385
104,1775027285.0338326,6,person,0.5,0.6,0.08450997620820999,0.4626764953136444
104,1775027285.0338326,9,person,0.5,1.0,0.35513725876808167,0.6032705903053284
104,1775027285.0338326,14,person,0.5,0.6,0.4769635796546936,0.5215445160865784
104,1775027285.0338326,11,person,0.5,1.0,0.16356495022773743,0.5745347738265991
104,1775027285.0338326,12,person,0.5,0.6,0.3715481460094452,0.5057322382926941
104,1775027285.0338326,20,person,0.5,1.0,0.2453218698501587,0.5867983102798462
104,1775027285.0338326,15,person,0.6636348962783813,1.0,0.17312976717948914,0.6741504073143005
104,1775027285.0338326,7,person,0.5,1.0,0.11159688234329224,0.566739559173584
105,1775027287.3045788,1,person,0.5,0.6,0.2851271629333496,0.4927690625190735
105,1775027287.3045788,2,person,0.5,1.0,0.2802075743675232,0.5920311212539673
105,1775027287.3045788,3,person,0.5,1.0,0.05208955332636833,0.5578134655952454
105,1775027287.3045788,6,person,0.5,0.6,0.07787573337554932,0.4616813361644745
105,1775027287.3045788,9,person,0.5,0.6,0.7061929702758789,0.5559289455413818
105,1775027287.3045788,14,person,0.5,0.6,0.12888005375862122,0.4693320095539093
105,1775027287.3045788,11,person,0.5,1.0,0.19468265771865845,0.57920241355896
105,1775027287.3045788,12,person,0.5,0.6,0.12037946283817291,0.46805691719055176
105,1775027287.3045788,20,person,0.5,0.6,0.13808558881282806,0.4707128405570984
105,1775027287.3045788,15,person,0.6732395887374878,1.0,0.1907958984375,0.6825631856918335
105,1775027287.3045788,7,person,0.5,1.0,0.12220551073551178,0.5683308243751526
105,1775027287.3045788,13,person,0.5,1.0,0.3960212171077728,0.6094031929969788
106,1775027289.701435,1,person,0.5,0.6,0.18599241971969604,0.47789886593818665
106,1775027289.701435,2,person,0.5,1.0,0.1591244637966156,0.5738686919212341
106,1775027289.701435,3,person,0.5,1.0,0.0617830753326416,0.5592674612998962
106,1775027289.701435,6,person,0.5,0.6,0.14291498064994812,0.4714372456073761
106,1775027289.701435,9,person,0.5,0.6,0.4226445257663727,0.513396680355072
106,1775027289.701435,14,person,0.5,0.6,0.231645867228508,0.48474687337875366
106,1775027289.701435,11,person,0.5,1.0,0.18784502148628235,0.578176736831665
106,1775027289.701435,12,person,0.5,1.0,0.06468168646097183,0.5597022771835327
106,1775027289.701435,20,person,0.5,0.6,0.186224564909935,0.4779336750507355
106,1775027289.701435,15,person,0.7378487586975098,1.0,0.39554718136787415,0.7520413398742676
106,1775027289.701435,7,person,0.5,1.0,0.28441447019577026,0.5926622152328491
106,1775027289.701435,13,person,0.565270721912384,1.0,0.2741968035697937,0.6302919387817383
107,1775027292.196818,1,person,0.5,0.6,0.12362567335367203,0.4685438275337219
107,1775027292.196818,2,person,0.5,1.0,0.15325534343719482,0.5729883313179016
107,1775027292.196818,3,person,0.5,1.0,0.12564760446548462,0.5688471794128418
107,1775027292.196818,6,person,0.5,0.6,0.176406592130661,0.4764609932899475
107,1775027292.196818,9,person,0.5,0.6,0.49261826276779175,0.5238927602767944
107,1775027292.196818,14,person,0.5,0.6,0.1348610520362854,0.4702291488647461
107,1775027292.196818,11,person,0.5,1.0,0.06570817530155182,0.5598562359809875
107,1775027292.196818,12,person,0.5,1.0,0.1371704488992691,0.5705755949020386
107,1775027292.196818,20,person,0.5,1.0,0.11548836529254913,0.5673232674598694
107,1775027292.196818,7,person,0.5,1.0,0.1357170045375824,0.5703575611114502
107,1775027292.196818,13,person,0.5,1.0,0.6192253828048706,0.642883837223053
108,1775027294.3941252,1,person,0.5,0.6,0.21726469695568085,0.4825896918773651
108,1775027294.3941252,2,person,0.5,1.0,0.1403009593486786,0.5710451602935791
108,1775027294.3941252,3,person,0.5,1.0,0.10523240268230438,0.5657848715782166
108,1775027294.3941252,6,person,0.5,0.6,0.16647031903266907,0.4749705493450165
108,1775027294.3941252,9,person,0.5,0.6,0.6151377558708191,0.5422706604003906
108,1775027294.3941252,14,person,0.5,0.6,0.44302353262901306,0.5164535045623779
108,1775027294.3941252,11,person,0.5,1.0,0.13197943568229675,0.5697969198226929
108,1775027294.3941252,12,person,0.5,0.6,0.12769970297813416,0.469154953956604
108,1775027294.3941252,20,person,0.5,1.0,0.18925198912620544,0.5783877968788147
108,1775027294.3941252,7,person,0.5,1.0,0.23896567523479462,0.585844874382019
108,1775027294.3941252,13,person,0.5,1.0,0.45059680938720703,0.61758953332901
108,1775027294.3941252,15,person,0.7336969375610352,1.0,1.0,0.8402181625366211
109,1775027296.7088733,1,person,0.5,0.6,0.2223229706287384,0.48334842920303345
109,1775027296.7088733,2,person,0.5,1.0,0.29289135336875916,0.5939337015151978
109,1775027296.7088733,3,person,0.5,1.0,0.05911930650472641,0.5588679313659668
109,1775027296.7088733,6,person,0.5,0.6,0.09593121707439423,0.4643896818161011
109,1775027296.7088733,9,person,0.5,0.6,0.47155341506004333,0.5207329988479614
109,1775027296.7088733,14,person,0.5,0.6,0.37770742177963257,0.5066561102867126
109,1775027296.7088733,11,person,0.5,1.0,0.06751351058483124,0.5601270198822021
109,1775027296.7088733,12,person,0.5,1.0,0.0748179480433464,0.5612227320671082
109,1775027296.7088733,20,person,0.5,1.0,0.35161900520324707,0.6027428507804871
109,1775027296.7088733,7,person,0.5,1.0,0.24245083332061768,0.5863676071166992
109,1775027296.7088733,13,person,0.5,1.0,0.37773701548576355,0.6066605448722839
110,1775027298.9039993,1,person,0.5,0.6,0.23945963382720947,0.48591893911361694
110,1775027298.9039993,2,person,0.5,1.0,0.23369839787483215,0.5850547552108765
110,1775027298.9039993,3,person,0.5,1.0,0.1317766010761261,0.5697665214538574
110,1775027298.9039993,6,person,0.5,0.6,0.1095983162522316,0.46643972396850586
110,1775027298.9039993,9,person,0.5,1.0,0.41967764496803284,0.6129516363143921
110,1775027298.9039993,14,person,0.5,0.6,0.6017657518386841,0.5402648448944092
110,1775027298.9039993,11,person,0.5,1.0,0.16723446547985077,0.5750851631164551
110,1775027298.9039993,12,person,0.5,0.6,0.07020828872919083,0.46053123474121094
110,1775027298.9039993,7,person,0.5,1.0,0.20959952473640442,0.5814399719238281
110,1775027298.9039993,15,person,0.7416385412216187,1.0,1.0,0.8449831247329712
111,1775027301.0190701,1,person,0.5,0.6,0.1879085898399353,0.4781862795352936
111,1775027301.0190701,2,person,0.5,1.0,0.16885718703269958,0.5753285884857178
111,1775027301.0190701,3,person,0.5,1.0,0.06801064312458038,0.5602015852928162
111,1775027301.0190701,6,person,0.5,0.6,0.15831755101680756,0.4737476110458374
111,1775027301.0190701,9,person,0.5,0.6,0.549903392791748,0.5324854850769043
111,1775027301.0190701,14,person,0.5,0.6,0.1810634881258011,0.4771595001220703
111,1775027301.0190701,11,person,0.5,1.0,0.11317231506109238,0.5669758319854736
111,1775027301.0190701,12,person,0.5,0.6,0.2838901877403259,0.4925835132598877
111,1775027301.0190701,7,person,0.5,1.0,0.14611376821994781,0.5719170570373535
111,1775027301.0190701,15,person,0.7509840130805969,1.0,0.718464732170105,0.8083601593971252
111,1775027301.0190701,13,person,0.5,1.0,0.7411881685256958,0.6611782312393188
112,1775027303.2735183,1,person,0.5,0.6,0.24922624230384827,0.4873839318752289
112,1775027303.2735183,2,person,0.5,1.0,0.14199373126029968,0.5712990760803223
112,1775027303.2735183,3,person,0.5,1.0,0.09177353233098984,0.5637660622596741
112,1775027303.2735183,6,person,0.5,0.6,0.08246047794818878,0.46236905455589294
112,1775027303.2735183,9,person,0.5,0.6,0.5252693891525269,0.5287904143333435
112,1775027303.2735183,14,person,0.5,0.6,0.13895061612129211,0.470842570066452
112,1775027303.2735183,11,person,0.5,1.0,0.08812126517295837,0.5632181763648987
112,1775027303.2735183,12,person,0.5,1.0,0.05918038636445999,0.5588770508766174
112,1775027303.2735183,7,person,0.5,1.0,0.08132027089595795,0.5621980428695679
112,1775027303.2735183,15,person,0.8044293522834778,1.0,0.3528514802455902,0.785585343837738
112,1775027303.2735183,13,person,0.5830961465835571,1.0,0.28178808093070984,0.6421259045600891
113,1775027305.4868572,1,person,0.5,0.6,0.10469342768192291,0.4657039940357208
113,1775027305.4868572,2,person,0.5,1.0,0.1032525897026062,0.5654879212379456
113,1775027305.4868572,3,person,0.5,1.0,0.1219053640961647,0.5682858228683472
113,1775027305.4868572,6,person,0.5,0.6,0.09480872005224228,0.4642212986946106
113,1775027305.4868572,9,person,0.5,1.0,0.3607051968574524,0.6041057705879211
113,1775027305.4868572,14,person,0.5,0.6,0.08977536857128143,0.4634662866592407
113,1775027305.4868572,11,person,0.5,1.0,0.16800688207149506,0.5752010345458984
113,1775027305.4868572,12,person,0.5,0.6,0.26705560088157654,0.4900583326816559
113,1775027305.4868572,7,person,0.5,1.0,0.16247470676898956,0.5743712186813354
113,1775027305.4868572,15,person,0.8107787370681763,1.0,0.7188094258308411,0.8442886471748352
113,1775027305.4868572,13,person,0.6151384115219116,1.0,0.17750582098960876,0.6457089185714722
113,1775027305.4868572,20,person,0.5,1.0,0.5500377416610718,0.6325056552886963
114,1775027307.9002373,1,person,0.5,0.6,0.14240388572216034,0.47136056423187256
114,1775027307.9002373,2,person,0.5,1.0,0.2900623679161072,0.5935093760490417
114,1775027307.9002373,3,person,0.5,1.0,0.13107098639011383,0.5696606636047363
114,1775027307.9002373,6,person,0.5,0.6,0.10829131305217743,0.4662436842918396
114,1775027307.9002373,9,person,0.5,1.0,0.34478384256362915,0.6017175912857056
114,1775027307.9002373,14,person,0.5,0.6,0.5500470995903015,0.532507061958313
114,1775027307.9002373,11,person,0.5,1.0,0.11349697411060333,0.5670245885848999
114,1775027307.9002373,12,person,0.5,1.0,0.2541080415248871,0.5881162285804749
114,1775027307.9002373,7,person,0.5,1.0,0.11163808405399323,0.5667456984519958
114,1775027307.9002373,15,person,0.8123440742492676,1.0,0.5417393445968628,0.8186673521995544
114,1775027307.9002373,13,person,0.5836319327354431,1.0,0.08218981325626373,0.6125075817108154
114,1775027307.9002373,20,person,0.5,1.0,0.22724613547325134,0.5840869545936584
115,1775027310.2433162,1,person,0.5,0.6,0.13079921901226044,0.46961987018585205
115,1775027310.2433162,2,person,0.5,1.0,0.23317937552928925,0.5849769115447998
115,1775027310.2433162,3,person,0.26010340452194214,1.0,0.08700580894947052,0.4191129207611084
115,1775027310.2433162,6,person,0.5,0.6,0.12067849934101105,0.46810176968574524
115,1775027310.2433162,9,person,0.5,0.6,0.16776873171329498,0.47516530752182007
115,1775027310.2433162,14,person,0.5,0.6,0.13922889530658722,0.4708843231201172
115,1775027310.2433162,11,person,0.5,1.0,0.10710404813289642,0.5660656094551086
115,1775027310.2433162,12,person,0.5,0.6,0.1002175584435463,0.4650326371192932
115,1775027310.2433162,7,person,0.5,1.0,0.05391591787338257,0.5580874085426331
115,1775027310.2433162,15,person,0.8236305713653564,1.0,0.0924132913351059,0.7580403685569763
115,1775027310.2433162,13,person,0.5,1.0,0.10223335027694702,0.5653350353240967
115,1775027310.2433162,20,person,0.5,1.0,0.19671981036663055,0.5795080065727234
116,1775027312.5789342,1,person,0.5,0.6,0.16542986035346985,0.4748144745826721
116,1775027312.5789342,2,person,0.5,1.0,0.11546863615512848,0.5673202872276306
116,1775027312.5789342,3,person,0.3339592218399048,1.0,0.15689347684383392,0.47390955686569214
116,1775027312.5789342,6,person,0.5,0.6,0.12277897447347641,0.46841683983802795
116,1775027312.5789342,9,person,0.5,0.6,0.16568967700004578,0.4748534560203552
116,1775027312.5789342,14,person,0.5,0.3,0.18916836380958557,0.4033752679824829
116,1775027312.5789342,11,person,0.5,1.0,0.142147496342659,0.5713221430778503
116,1775027312.5789342,12,person,0.5,0.6,0.06326603889465332,0.4594898819923401
116,1775027312.5789342,7,person,0.5,1.0,0.2376326322555542,0.5856449007987976
116,1775027312.5789342,15,person,0.7997534275054932,1.0,0.3612230718135834,0.7840355634689331
116,1775027312.5789342,13,person,0.5,1.0,0.16841134428977966,0.5752617120742798
116,1775027312.5789342,20,person,0.5,1.0,0.17772603034973145,0.5766589045524597
117,1775027314.9970732,1,person,0.5,0.6,0.14860954880714417,0.47229140996932983
117,1775027314.9970732,2,person,0.5,1.0,0.09669787436723709,0.5645046830177307
117,1775027314.9970732,3,person,0.4290980100631714,1.0,0.24858906865119934,0.5447471737861633
117,1775027314.9970732,6,person,0.5,0.6,0.09134896099567413,0.46370232105255127
117,1775027314.9970732,9,person,0.5,0.6,0.24946185946464539,0.4874192774295807
117,1775027314.9970732,14,person,0.5,0.6,0.16780981421470642,0.47517144680023193
117,1775027314.9970732,11,person,0.5,1.0,0.178063303232193,0.576709508895874
117,1775027314.9970732,12,person,0.5,0.6,0.10122449696063995,0.46518367528915405
117,1775027314.9970732,7,person,0.5,1.0,0.10316745191812515,0.5654751062393188
117,1775027314.9970732,15,person,0.8241609930992126,1.0,0.12106764316558838,0.7626567482948303
117,1775027314.9970732,13,person,0.5,1.0,0.305571049451828,0.5958356857299805
117,1775027314.9970732,20,person,0.5,1.0,0.25271961092948914,0.5879079699516296
118,1775027317.406762,1,person,0.5,0.6,0.21875569224357605,0.48281335830688477
118,1775027317.406762,2,person,0.5,1.0,0.2866743803024292,0.5930011868476868
118,1775027317.406762,3,person,0.5420958995819092,1.0,0.2639278769493103,0.6148467063903809
118,1775027317.406762,6,person,0.5,0.6,0.14049234986305237,0.47107383608818054
118,1775027317.406762,9,person,0.5,0.6,0.21401000022888184,0.4821015000343323
118,1775027317.406762,14,person,0.5,0.3,0.3832271695137024,0.43248409032821655
118,1775027317.406762,11,person,0.5,1.0,0.08795366436243057,0.5631930828094482
118,1775027317.406762,12,person,0.5,1.0,0.0986289232969284,0.5647943615913391
118,1775027317.406762,7,person,0.5,1.0,0.09122424572706223,0.5636836290359497
118,1775027317.406762,15,person,0.8173800110816956,1.0,0.20662911236286163,0.7714223861694336
118,1775027317.406762,20,person,0.5,1.0,0.11495375633239746,0.5672430992126465
119,1775027319.6467836,1,person,0.5,0.6,0.25237247347831726,0.48785585165023804
119,1775027319.6467836,2,person,0.5,1.0,0.12250033766031265,0.5683750510215759
119,1775027319.6467836,3,person,0.6319459676742554,1.0,0.14383062720298767,0.6507421731948853
119,1775027319.6467836,6,person,0.5,0.6,0.14718902111053467,0.4720783531665802
119,1775027319.6467836,9,person,0.5,0.6,0.4539295732975006,0.5180894136428833
119,1775027319.6467836,14,person,0.5,0.6,0.1356736719608307,0.47035104036331177
119,1775027319.6467836,11,person,0.5,1.0,0.19617637991905212,0.5794264674186707
119,1775027319.6467836,12,person,0.5,1.0,0.09982842952013016,0.5649742484092712
119,1775027319.6467836,7,person,0.5,1.0,0.0923113152384758,0.5638467073440552
119,1775027319.6467836,15,person,0.8337970972061157,1.0,0.18966864049434662,0.7787285447120667
119,1775027319.6467836,20,person,0.5,1.0,0.19840583205223083,0.5797609090805054
119,1775027319.6467836,13,person,0.5,1.0,0.5532858967781067,0.6329929232597351
120,1775027322.0709963,1,person,0.5,0.6,0.1672820746898651,0.4750922918319702
120,1775027322.0709963,2,person,0.5,1.0,0.11268226057291031,0.5669023394584656
120,1775027322.0709963,3,person,0.7335411310195923,1.0,0.16020897030830383,0.7141560316085815
120,1775027322.0709963,6,person,0.5,0.6,0.12113340944051743,0.4681699872016907
120,1775027322.0709963,9,person,0.5,0.6,0.176515132188797,0.4764772653579712
120,1775027322.0709963,14,person,0.5,0.6,0.26601162552833557,0.48990172147750854
120,1775027322.0709963,11,person,0.5,1.0,0.054032862186431885,0.558104932308197
120,1775027322.0709963,12,person,0.5,0.6,0.17894545197486877,0.4768418073654175
120,1775027322.0709963,20,person,0.5,1.0,0.163099005818367,0.5744648575782776
120,1775027322.0709963,13,person,0.5,1.0,0.8927208185195923,0.6839081048965454
121,1775027324.203354,1,person,0.5,0.6,0.21558935940265656,0.48233839869499207
121,1775027324.203354,2,person,0.5,1.0,0.15503326058387756,0.5732550024986267
121,1775027324.203354,3,person,0.7786544561386108,1.0,0.13409921526908875,0.7373075485229492
121,1775027324.203354,6,person,0.5,0.6,0.056870561093091965,0.45853057503700256
121,1775027324.203354,9,person,0.5,0.6,0.16558213531970978,0.4748373031616211
121,1775027324.203354,14,person,0.5,0.6,0.4715258479118347,0.5207288861274719
121,1775027324.203354,11,person,0.5,1.0,0.056050051003694534,0.5584075450897217
121,1775027324.203354,12,person,0.5,1.0,0.06296839565038681,0.5594452619552612
121,1775027324.203354,20,person,0.5,0.6,0.23769959807395935,0.48565492033958435
121,1775027324.203354,13,person,0.5,1.0,0.27708423137664795,0.5915626287460327
121,1775027324.203354,7,person,0.5,1.0,0.33102166652679443,0.5996532440185547
121,1775027324.203354,15,person,0.822178304195404,1.0,0.4423521161079407,0.8096598386764526
122,1775027326.8102555,1,person,0.5,0.6,0.212568998336792,0.4818853437900543
122,1775027326.8102555,2,person,0.5,1.0,0.09318096190690994,0.5639771819114685
122,1775027326.8102555,3,person,0.7641150951385498,1.0,0.24938055872917175,0.745876133441925
122,1775027326.8102555,6,person,0.5,0.6,0.10481510311365128,0.4657222628593445
122,1775027326.8102555,9,person,0.5,0.6,0.13933423161506653,0.47090011835098267
122,1775027326.8102555,14,person,0.5,0.6,0.2960110604763031,0.49440163373947144
122,1775027326.8102555,11,person,0.5,1.0,0.08524651825428009,0.5627869963645935
122,1775027326.8102555,12,person,0.5,1.0,0.07620444148778915,0.5614306926727295
122,1775027326.8102555,20,person,0.5,1.0,0.180821493268013,0.57712322473526
122,1775027326.8102555,13,person,0.5,1.0,0.0783298909664154,0.5617495179176331
122,1775027326.8102555,7,person,0.5,1.0,0.21602395176887512,0.5824036002159119
122,1775027326.8102555,15,person,0.7515512704849243,1.0,0.2721625864505768,0.7417551875114441
123,1775027329.1863399,1,person,0.5,0.6,0.20652420818805695,0.4809786081314087
123,1775027329.1863399,2,person,0.5,1.0,0.08387226611375809,0.5625808238983154
123,1775027329.1863399,3,person,0.8145139813423157,1.0,0.13564665615558624,0.7590553760528564
123,1775027329.1863399,6,person,0.5,0.6,0.1361028403043747,0.4704154133796692
123,1775027329.1863399,9,person,0.5,0.6,0.603422224521637,0.5405133366584778
123,1775027329.1863399,14,person,0.5,0.6,0.3291875720024109,0.49937811493873596
123,1775027329.1863399,11,person,0.5,1.0,0.15668581426143646,0.5735028982162476
123,1775027329.1863399,12,person,0.5,0.6,0.09172257781028748,0.4637583792209625
123,1775027329.1863399,20,person,0.5,1.0,0.1557905077934265,0.5733686089515686
123,1775027329.1863399,13,person,0.5,1.0,0.16348786652088165,0.5745232105255127
123,1775027329.1863399,7,person,0.5,1.0,0.19741755723953247,0.579612672328949
123,1775027329.1863399,15,person,0.7468957901000977,1.0,0.2978464365005493,0.7428144216537476
124,1775027331.6322758,1,person,0.5,0.6,0.15445640683174133,0.4731684625148773
124,1775027331.6322758,2,person,0.5,1.0,0.28937751054763794,0.593406617641449
124,1775027331.6322758,3,person,0.8188584446907043,1.0,0.2235974371433258,0.7748546600341797
124,1775027331.6322758,6,person,0.5,0.6,0.1438867449760437,0.4715830087661743
124,1775027331.6322758,9,person,0.5,0.6,0.39697355031967163,0.5095460414886475
124,1775027331.6322758,14,person,0.5,0.6,0.37850794196128845,0.5067761540412903
124,1775027331.6322758,11,person,0.5,1.0,0.1775812804698944,0.5766372084617615
124,1775027331.6322758,12,person,0.5,0.6,0.11965136229991913,0.46794769167900085
124,1775027331.6322758,20,person,0.5,1.0,0.16135311126708984,0.5742029547691345
124,1775027331.6322758,13,person,0.5,1.0,0.14519670605659485,0.5717794895172119
124,1775027331.6322758,7,person,0.5,1.0,0.10845296084880829,0.5662679672241211
125,1775027333.8975155,1,person,0.5,0.6,0.2126738727092743,0.481901079416275
125,1775027333.8975155,2,person,0.5,1.0,0.1708141565322876,0.5756221413612366
125,1775027333.8975155,3,person,0.8235717415809631,1.0,0.07650358974933624,0.7556186318397522
125,1775027333.8975155,6,person,0.5,0.6,0.1837085634469986,0.4775562882423401
125,1775027333.8975155,9,person,0.5,0.6,0.19542722404003143,0.47931405901908875
125,1775027333.8975155,14,person,0.5,0.6,0.39156389236450195,0.5087345838546753
125,1775027333.8975155,11,person,0.5,1.0,0.040878817439079285,0.5561318397521973
125,1775027333.8975155,12,person,0.5,1.0,0.08454755693674088,0.5626821517944336
125,1775027333.8975155,13,person,0.5,1.0,0.4077795445919037,0.6111669540405273
125,1775027333.8975155,7,person,0.5,1.0,0.09176114201545715,0.5637641549110413
125,1775027333.8975155,15,person,0.7054131031036377,1.0,1.0,0.8232478618621827
126,1775027336.200808,1,person,0.5,0.6,0.2141052484512329,0.482115775346756
126,1775027336.200808,2,person,0.5,1.0,0.2637726664543152,0.5895659327507019
126,1775027336.200808,3,person,0.8258112072944641,1.0,0.10468345880508423,0.7611892819404602
126,1775027336.200808,6,person,0.5,0.6,0.15698091685771942,0.4735471308231354
126,1775027336.200808,9,person,0.5,1.0,0.3774894177913666,0.6066234111785889
126,1775027336.200808,14,person,0.5,0.6,0.3347450792789459,0.500211775302887
126,1775027336.200808,11,person,0.5,1.0,0.17013651132583618,0.5755205154418945
126,1775027336.200808,12,person,0.5,1.0,0.0659499317407608,0.559892475605011
126,1775027336.200808,13,person,0.5,1.0,0.19813917577266693,0.5797209143638611
126,1775027336.200808,7,person,0.5,1.0,0.1910770684480667,0.5786615610122681
126,1775027336.200808,15,person,0.7266731262207031,1.0,1.0,0.8360038757324219
127,1775027338.4293249,1,person,0.5,0.6,0.2628122568130493,0.4894218444824219
127,1775027338.4293249,2,person,0.5,1.0,0.1597808301448822,0.5739671587944031
127,1775027338.4293249,3,person,0.8197497129440308,1.0,0.07420413196086884,0.7529804706573486
127,1775027338.4293249,6,person,0.5,0.6,0.11862730979919434,0.4677940905094147
127,1775027338.4293249,9,person,0.5,1.0,0.3173665702342987,0.5976049900054932
127,1775027338.4293249,14,person,0.5,0.6,0.37418803572654724,0.506128191947937
127,1775027338.4293249,11,person,0.5,1.0,0.1372927725315094,0.5705939531326294
127,1775027338.4293249,12,person,0.5,1.0,0.14020442962646484,0.5710306763648987
127,1775027338.4293249,13,person,0.5,1.0,0.27761998772621155,0.5916430354118347
127,1775027338.4293249,7,person,0.5,1.0,0.26134079694747925,0.5892011523246765
128,1775027340.541276,1,person,0.5,0.6,0.3503073453903198,0.5025460720062256
128,1775027340.541276,2,person,0.5,1.0,0.1565960943698883,0.5734894275665283
128,1775027340.541276,3,person,0.7922901511192322,1.0,0.0731942281126976,0.7363532185554504
128,1775027340.541276,6,person,0.5,0.6,0.10102906078100204,0.46515434980392456
128,1775027340.541276,9,person,0.5,1.0,0.36641985177993774,0.6049630045890808
128,1775027340.541276,14,person,0.5,0.6,0.27156713604927063,0.4907350540161133
128,1775027340.541276,11,person,0.5,1.0,0.13597452640533447,0.5703961849212646
128,1775027340.541276,12,person,0.5,1.0,0.20483770966529846,0.5807256698608398
128,1775027340.541276,7,person,0.5,1.0,0.19799910485744476,0.5796998739242554
128,1775027340.541276,15,person,0.7431235909461975,1.0,1.0,0.8458741545677185
129,1775027342.7347927,1,person,0.5,0.6,0.25766873359680176,0.48865029215812683
129,1775027342.7347927,2,person,0.5,1.0,0.14908258616924286,0.5723624229431152
129,1775027342.7347927,3,person,0.7892951965332031,1.0,0.07937143743038177,0.7354828715324402
129,1775027342.7347927,6,person,0.5,0.6,0.14199016988277435,0.4712985157966614
129,1775027342.7347927,9,person,0.5,1.0,0.2213710993528366,0.5832056999206543
129,1775027342.7347927,14,person,0.5,0.6,0.2730448842048645,0.49095672369003296
129,1775027342.7347927,11,person,0.5,1.0,0.09007085859775543,0.5635106563568115
129,1775027342.7347927,12,person,0.5,0.6,0.06725569069385529,0.4600883424282074
129,1775027342.7347927,7,person,0.5,1.0,0.15506885945796967,0.5732603669166565
130,1775027344.7581065,1,person,0.5,0.6,0.43132632970809937,0.5146989226341248
130,1775027344.7581065,2,person,0.5,1.0,0.1643865704536438,0.5746579766273499
130,1775027344.7581065,3,person,0.7852140665054321,1.0,0.07330535352230072,0.7321242690086365
130,1775027344.7581065,6,person,0.5,0.6,0.2428526133298874,0.4864278733730316
130,1775027344.7581065,9,person,0.5,0.6,0.8171260952949524,0.5725688934326172
130,1775027344.7581065,14,person,0.5,0.6,0.19490507245063782,0.4792357385158539
130,1775027344.7581065,11,person,0.5,1.0,0.1708606779575348,0.5756291151046753
130,1775027344.7581065,12,person,0.5,0.6,0.11701862514019012,0.4675527811050415
130,1775027344.7581065,7,person,0.5,1.0,0.06967782974243164,0.5604516863822937
130,1775027344.7581065,15,person,0.7645381689071655,1.0,1.0,0.8587229013442993
131,1775027346.8955197,1,person,0.5,0.6,0.354952871799469,0.5032429099082947
131,1775027346.8955197,2,person,0.5,1.0,0.17879630625247955,0.5768194794654846
131,1775027346.8955197,3,person,0.7714411020278931,1.0,0.052694667130708694,0.7207688093185425
131,1775027346.8955197,6,person,0.5,0.6,0.14159879088401794,0.4712398052215576
131,1775027346.8955197,9,person,0.5,1.0,0.29606109857559204,0.594409167766571
131,1775027346.8955197,14,person,0.5,0.6,0.15236617624759674,0.4728549122810364
131,1775027346.8955197,11,person,0.5,1.0,0.20358002185821533,0.5805370211601257
131,1775027346.8955197,12,person,0.5,0.6,0.11526350677013397,0.4672895073890686
131,1775027346.8955197,7,person,0.5,1.0,0.08735226839780807,0.5631028413772583
132,1775027348.9098897,1,person,0.5,0.6,0.3555453419685364,0.5033317804336548
132,1775027348.9098897,2,person,0.5,1.0,0.17574919760227203,0.5763623714447021
132,1775027348.9098897,3,person,0.7442145347595215,1.0,0.06280641257762909,0.7059497237205505
132,1775027348.9098897,6,person,0.5,0.6,0.1326085329055786,0.4698912799358368
132,1775027348.9098897,9,person,0.5,0.6,0.2619859576225281,0.48929786682128906
132,1775027348.9098897,14,person,0.5,0.6,0.16867367923259735,0.47530102729797363
132,1775027348.9098897,11,person,0.5,1.0,0.19469039142131805,0.5792035460472107
132,1775027348.9098897,12,person,0.5,0.6,0.06592106819152832,0.45988816022872925
132,1775027348.9098897,7,person,0.5,1.0,0.07275792956352234,0.5609136819839478
132,1775027348.9098897,13,person,0.5,1.0,0.7304880023002625,0.6595731973648071
133,1775027351.0101662,1,person,0.5,0.6,0.2361154854297638,0.48541730642318726
133,1775027351.0101662,2,person,0.5,1.0,0.13445813953876495,0.5701687335968018
133,1775027351.0101662,3,person,0.7480767369270325,1.0,0.12331154197454453,0.7173427939414978
133,1775027351.0101662,6,person,0.5,0.6,0.10360129177570343,0.46554017066955566
133,1775027351.0101662,9,person,0.5,0.6,0.6914572715759277,0.5537185668945312
133,1775027351.0101662,14,person,0.5,0.6,0.12724286317825317,0.4690864086151123
133,1775027351.0101662,11,person,0.5,1.0,0.11451379209756851,0.5671770572662354
133,1775027351.0101662,12,person,0.5,1.0,0.13089802861213684,0.569634735584259
133,1775027351.0101662,7,person,0.5,1.0,0.08118472993373871,0.5621777176856995
134,1775027353.0252178,1,person,0.5,0.6,0.45312491059303284,0.5179687142372131
134,1775027353.0252178,2,person,0.5,1.0,0.2519124150276184,0.587786853313446
134,1775027353.0252178,3,person,0.7226345539093018,1.0,0.28323349356651306,0.7260657548904419
134,1775027353.0252178,6,person,0.5,0.6,0.2490270435810089,0.487354040145874
134,1775027353.0252178,9,person,0.5,0.6,0.20561179518699646,0.4808417558670044
134,1775027353.0252178,14,person,0.5,0.6,0.333856463432312,0.5000784397125244
134,1775027353.0252178,11,person,0.5,1.0,0.22066187858581543,0.5830993056297302
134,1775027353.0252178,12,person,0.5,0.6,0.054474182426929474,0.45817112922668457
134,1775027353.0252178,7,person,0.5,1.0,0.1555463820695877,0.5733319520950317
134,1775027353.0252178,13,person,0.6054376363754272,1.0,0.29832902550697327,0.6580119729042053
135,1775027355.1512237,1,person,0.5,0.6,0.43380361795425415,0.5150705575942993
135,1775027355.1512237,2,person,0.5,1.0,0.20091095566749573,0.5801366567611694
135,1775027355.1512237,3,person,0.7127859592437744,1.0,0.1334904134273529,0.6976951360702515
135,1775027355.1512237,6,person,0.5,0.6,0.13345256447792053,0.4700178802013397
135,1775027355.1512237,9,person,0.5,0.6,0.5910012722015381,0.5386501550674438
135,1775027355.1512237,14,person,0.5,0.6,0.31099092960357666,0.4966486394405365
135,1775027355.1512237,11,person,0.5,1.0,0.09425175935029984,0.5641377568244934
135,1775027355.1512237,12,person,0.5,1.0,0.1045798808336258,0.5656870007514954
135,1775027355.1512237,7,person,0.5,1.0,0.19096361100673676,0.5786445736885071
135,1775027355.1512237,13,person,0.6042008399963379,1.0,0.3561244606971741,0.665939211845398
135,1775027355.1512237,15,person,0.7504631876945496,1.0,1.0,0.8502779126167298
136,1775027357.4927342,1,person,0.5,0.6,0.6042810082435608,0.5406421422958374
136,1775027357.4927342,2,person,0.5,1.0,0.1887097805738449,0.5783064961433411
136,1775027357.4927342,3,person,0.728675901889801,1.0,0.08380554616451263,0.6997764110565186
136,1775027357.4927342,6,person,0.5,0.6,0.13737691938877106,0.4706065356731415
136,1775027357.4927342,9,person,0.5,0.6,0.22888343036174774,0.48433250188827515
136,1775027357.4927342,14,person,0.5,0.6,0.48494917154312134,0.5227423906326294
136,1775027357.4927342,11,person,0.5,1.0,0.13708025217056274,0.5705620646476746
136,1775027357.4927342,12,person,0.5,1.0,0.07024556398391724,0.5605368614196777
136,1775027357.4927342,7,person,0.5,1.0,0.1815434694290161,0.5772315263748169
137,1775027359.5461316,1,person,0.5,0.6,0.8467038869857788,0.5770055651664734
137,1775027359.5461316,2,person,0.5,1.0,0.15115514397621155,0.5726732611656189
137,1775027359.5461316,3,person,0.7674751281738281,1.0,0.11111940443515778,0.7271530032157898
137,1775027359.5461316,6,person,0.5,0.6,0.07437969744205475,0.4611569344997406
137,1775027359.5461316,9,person,0.5,0.6,0.1550333946943283,0.4732550084590912
137,1775027359.5461316,14,person,0.5,0.6,0.588780403137207,0.538317084312439
137,1775027359.5461316,11,person,0.5,1.0,0.17797163128852844,0.5766957402229309
137,1775027359.5461316,12,person,0.5,1.0,0.10381919145584106,0.5655729174613953
137,1775027359.5461316,7,person,0.5,1.0,0.24029991030693054,0.5860450267791748
137,1775027359.5461316,15,person,0.6334434747695923,1.0,1.0,0.7800660848617554
138,1775027361.8124924,1,person,0.5,0.6,0.1869506537914276,0.4780426025390625
138,1775027361.8124924,2,person,0.5,1.0,0.23772580921649933,0.5856589078903198
138,1775027361.8124924,3,person,0.8182318806648254,1.0,0.2159414291381836,0.7733303308486938
138,1775027361.8124924,6,person,0.5,0.6,0.14863543212413788,0.4722953140735626
138,1775027361.8124924,9,person,0.5,0.6,0.68418288230896,0.552627444267273
138,1775027361.8124924,14,person,0.5,0.6,0.1240311712026596,0.4686046540737152
138,1775027361.8124924,11,person,0.5,1.0,0.11742205917835236,0.5676133036613464
138,1775027361.8124924,12,person,0.5,0.6,0.11865895986557007,0.4677988290786743
138,1775027361.8124924,7,person,0.5,1.0,0.2307768613100052,0.5846165418624878
139,1775027363.8456955,1,person,0.5,0.6,0.19631357491016388,0.47944703698158264
139,1775027363.8456955,2,person,0.5,1.0,0.23539718985557556,0.5853095650672913
139,1775027363.8456955,3,person,0.8432765603065491,1.0,0.11554273217916489,0.7732973694801331
139,1775027363.8456955,6,person,0.5,0.6,0.19860072433948517,0.4797900915145874
139,1775027363.8456955,9,person,0.5,1.0,0.3829088807106018,0.6074363589286804
139,1775027363.8456955,14,person,0.5,0.6,0.30059969425201416,0.49508994817733765
139,1775027363.8456955,11,person,0.5,1.0,0.10591194778680801,0.5658867955207825
139,1775027363.8456955,12,person,0.5,0.6,0.07561388611793518,0.46134206652641296
139,1775027363.8456955,7,person,0.5,1.0,0.11623728275299072,0.567435622215271
140,1775027365.8403873,1,person,0.5,0.6,0.23913609981536865,0.4858704209327698
140,1775027365.8403873,2,person,0.5,1.0,0.1413203775882721,0.571198046207428
140,1775027365.8403873,3,person,0.8573629856109619,1.0,0.13066315650939941,0.7840172648429871
140,1775027365.8403873,6,person,0.5,0.6,0.14589330554008484,0.47188398241996765
140,1775027365.8403873,9,person,0.5,1.0,0.24473896622657776,0.5867108702659607
140,1775027365.8403873,14,person,0.5,0.6,0.189090758562088,0.47836360335350037
140,1775027365.8403873,11,person,0.5,1.0,0.10891340672969818,0.5663370490074158
140,1775027365.8403873,12,person,0.5,0.6,0.1082802265882492,0.4662420153617859
140,1775027365.8403873,7,person,0.5,1.0,0.1412937194108963,0.571194052696228
140,1775027365.8403873,15,person,0.5472343564033508,1.0,1.0,0.7283406138420104
141,1775027368.1048722,1,person,0.5,0.6,0.7622094750404358,0.5643314123153687
141,1775027368.1048722,2,person,0.5,1.0,0.31062617897987366,0.5965939164161682
141,1775027368.1048722,3,person,0.8749209642410278,1.0,0.26016467809677124,0.8139773011207581
141,1775027368.1048722,6,person,0.5,0.6,0.08546759188175201,0.4628201127052307
141,1775027368.1048722,9,person,0.5,1.0,0.12310141324996948,0.5684652328491211
141,1775027368.1048722,14,person,0.5,0.6,0.458118736743927,0.5187178254127502
141,1775027368.1048722,11,person,0.5,1.0,0.1103639006614685,0.566554605960846
141,1775027368.1048722,12,person,0.5,0.6,0.0760674923658371,0.4614101052284241
141,1775027368.1048722,7,person,0.5,1.0,0.17785681784152985,0.5766785144805908
141,1775027368.1048722,15,person,0.5,1.0,0.5754725933074951,0.6363208889961243
142,1775027370.2465267,1,person,0.5,0.6,0.2845592498779297,0.49268388748168945
142,1775027370.2465267,2,person,0.5,1.0,0.18616290390491486,0.5779244303703308
142,1775027370.2465267,3,person,0.8690693378448486,1.0,0.24969100952148438,0.8088952302932739
142,1775027370.2465267,6,person,0.5,0.6,0.15249308943748474,0.4728739559650421
142,1775027370.2465267,9,person,0.5,1.0,0.11205905675888062,0.5668088793754578
142,1775027370.2465267,14,person,0.5,0.6,0.3393969237804413,0.5009095072746277
142,1775027370.2465267,11,person,0.5,1.0,0.13403506577014923,0.570105254650116
142,1775027370.2465267,12,person,0.5,0.6,0.10787822306156158,0.4661817252635956
142,1775027370.2465267,7,person,0.5,1.0,0.15400061011314392,0.5731000900268555
142,1775027370.2465267,15,person,0.5,1.0,0.18602627515792847,0.5779039263725281
142,1775027370.2465267,13,person,0.5,1.0,0.9188101887702942,0.6878215670585632
143,1775027373.31265,1,person,0.5,0.6,0.4396582543849945,0.5159487128257751
143,1775027373.31265,2,person,0.5,1.0,0.08864884823560715,0.5632973313331604
143,1775027373.31265,3,person,0.8627713918685913,1.0,0.4022027850151062,0.8279932737350464
143,1775027373.31265,6,person,0.5,0.6,0.08513372391462326,0.4627700448036194
143,1775027373.31265,9,person,0.5,1.0,0.192184716463089,0.5788277387619019
143,1775027373.31265,14,person,0.5,0.6,0.28606468439102173,0.492909699678421
143,1775027373.31265,11,person,0.5,1.0,0.06646677851676941,0.5599700212478638
143,1775027373.31265,12,person,0.5,0.6,0.11984620988368988,0.4679769277572632
143,1775027373.31265,7,person,0.5,1.0,0.3035052716732025,0.5955258011817932
143,1775027373.31265,15,person,0.5,1.0,0.19212377071380615,0.5788185596466064
143,1775027373.31265,13,person,0.5,1.0,0.4355003237724304,0.6153250932693481
144,1775027375.5904095,1,person,0.5,0.6,0.222978875041008,0.4834468364715576
144,1775027375.5904095,2,person,0.5,1.0,0.066561259329319,0.5599842071533203
144,1775027375.5904095,3,person,0.7952883243560791,1.0,0.2165374457836151,0.7596535682678223
144,1775027375.5904095,6,person,0.5,0.6,0.21282844245433807,0.48192426562309265
144,1775027375.5904095,9,person,0.5,1.0,0.1420080065727234,0.5713012218475342
144,1775027375.5904095,14,person,0.5,0.6,0.17873705923557281,0.4768105447292328
144,1775027375.5904095,11,person,0.5,1.0,0.12041877210140228,0.5680628418922424
144,1775027375.5904095,12,person,0.5,0.6,0.19431254267692566,0.4791468679904938
144,1775027375.5904095,7,person,0.5,1.0,0.22048819065093994,0.5830732583999634
144,1775027375.5904095,15,person,0.5,1.0,0.09963347017765045,0.5649450421333313
145,1775027377.686851,1,person,0.5,0.6,0.20212587714195251,0.4803188741207123
145,1775027377.686851,2,person,0.5,1.0,0.1533585488796234,0.5730037689208984
145,1775027377.686851,3,person,0.8210480213165283,1.0,0.2243470847606659,0.7762808799743652
145,1775027377.686851,6,person,0.5,0.6,0.10368217527866364,0.46555233001708984
145,1775027377.686851,9,person,0.5,1.0,0.2594034671783447,0.5889105200767517
145,1775027377.686851,14,person,0.5,0.6,0.24920043349266052,0.4873800575733185
145,1775027377.686851,11,person,0.5,1.0,0.058309219777584076,0.5587463974952698
145,1775027377.686851,12,person,0.5,0.6,0.08037868142127991,0.4620567858219147
145,1775027377.686851,7,person,0.5,1.0,0.09474135935306549,0.5642111897468567
145,1775027377.686851,15,person,0.5,1.0,0.3123653531074524,0.5968548059463501
146,1775027379.771011,1,person,0.5,0.6,0.30162468552589417,0.49524369835853577
146,1775027379.771011,2,person,0.5,1.0,0.0673942044377327,0.5601091384887695
146,1775027379.771011,3,person,0.8109951615333557,1.0,0.13148421049118042,0.7563197612762451
146,1775027379.771011,6,person,0.5,0.6,0.22039794921875,0.48305967450141907
146,1775027379.771011,9,person,0.5,1.0,0.23772494494915009,0.5856587290763855
146,1775027379.771011,14,person,0.5,0.6,0.12417630106210709,0.4686264395713806
146,1775027379.771011,11,person,0.5,1.0,0.08171992003917694,0.5622580051422119
146,1775027379.771011,12,person,0.5,0.6,0.06762553751468658,0.4601438045501709
146,1775027379.771011,7,person,0.5,1.0,0.23454734683036804,0.5851821303367615
146,1775027379.771011,15,person,0.44540929794311523,1.0,0.2695330083370209,0.5576755404472351
147,1775027381.8746727,1,person,0.5,0.6,0.485714852809906,0.5228571891784668
147,1775027381.8746727,2,person,0.5,1.0,0.1161266341805458,0.5674189925193787
147,1775027381.8746727,3,person,0.883152186870575,0.6,0.2190907895565033,0.7127549052238464
147,1775027381.8746727,6,person,0.5,0.6,0.1122896820306778,0.4668434262275696
147,1775027381.8746727,9,person,0.5,1.0,0.16004839539527893,0.5740072727203369
147,1775027381.8746727,14,person,0.5,0.6,0.15673395991325378,0.47351008653640747
147,1775027381.8746727,11,person,0.5,1.0,0.09548448771238327,0.5643227100372314
147,1775027381.8746727,12,person,0.5,0.6,0.34589844942092896,0.5018847584724426
147,1775027381.8746727,7,person,0.5,1.0,0.11073913425207138,0.5666108727455139
148,1775027383.8632407,1,person,0.5,0.6,0.2053070366382599,0.48079603910446167
148,1775027383.8632407,2,person,0.5,1.0,0.12861159443855286,0.5692917704582214
148,1775027383.8632407,3,person,0.8903127908706665,1.0,0.09733569622039795,0.7987880110740662
148,1775027383.8632407,6,person,0.5,0.6,0.4606613218784332,0.5190991759300232
148,1775027383.8632407,9,person,0.5,1.0,0.24242213368415833,0.5863633155822754
148,1775027383.8632407,14,person,0.5,0.6,0.0966343954205513,0.46449515223503113
148,1775027383.8632407,11,person,0.5,1.0,0.06483419984579086,0.5597251653671265
148,1775027383.8632407,12,person,0.5,0.6,0.11496053636074066,0.46724405884742737
148,1775027383.8632407,7,person,0.5,1.0,0.10857275873422623,0.5662859082221985
148,1775027383.8632407,15,person,0.326763391494751,1.0,0.43974265456199646,0.5120194554328918
149,1775027385.9646657,1,person,0.5,0.6,0.14248791337013245,0.47137317061424255
149,1775027385.9646657,2,person,0.5,1.0,0.12424729764461517,0.5686371326446533
149,1775027385.9646657,3,person,0.8963636159896851,1.0,0.077800452709198,0.7994882464408875
149,1775027385.9646657,6,person,0.5,0.6,0.2560964822769165,0.488414466381073
149,1775027385.9646657,9,person,0.5,1.0,0.227509543299675,0.5841264724731445
149,1775027385.9646657,14,person,0.5,0.3,0.12346867471933365,0.3935202956199646
149,1775027385.9646657,11,person,0.5,1.0,0.16132129728794098,0.5741981863975525
149,1775027385.9646657,12,person,0.5,0.6,0.11906790733337402,0.4678601622581482
149,1775027385.9646657,7,person,0.5,1.0,0.10251623392105103,0.5653774738311768
150,1775027387.946919,1,person,0.5,0.6,0.2706284821033478,0.4905942678451538
150,1775027387.946919,2,person,0.5,1.0,0.0574142225086689,0.5586121678352356
150,1775027387.946919,3,person,0.8894786834716797,1.0,0.09284650534391403,0.7976142168045044
150,1775027387.946919,6,person,0.5,0.6,0.11854227632284164,0.46778133511543274
150,1775027387.946919,9,person,0.5,1.0,0.15289050340652466,0.5729336142539978
150,1775027387.946919,14,person,0.5,0.6,0.31043145060539246,0.49656471610069275
150,1775027387.946919,11,person,0.5,1.0,0.13432662189006805,0.5701490044593811
150,1775027387.946919,12,person,0.5,0.6,0.10507627576589584,0.4657614231109619
150,1775027387.946919,7,person,0.5,1.0,0.169686958193779,0.5754530429840088
151,1775027389.9030392,1,person,0.5,0.6,0.42824023962020874,0.5142360329627991
151,1775027389.9030392,2,person,0.5,1.0,0.1758478581905365,0.5763772130012512
151,1775027389.9030392,3,person,0.9009213447570801,0.6,0.08786365389823914,0.7037323713302612
151,1775027389.9030392,6,person,0.5,0.6,0.061303913593292236,0.4591955840587616
151,1775027389.9030392,9,person,0.5,1.0,0.10208435356616974,0.5653126835823059
151,1775027389.9030392,14,person,0.5,0.6,0.11580391228199005,0.46737056970596313
151,1775027389.9030392,11,person,0.5,1.0,0.10646103322505951,0.5659691691398621
151,1775027389.9030392,12,person,0.5,0.6,0.09408532083034515,0.464112788438797
151,1775027389.9030392,7,person,0.5,1.0,0.05152115225791931,0.5577281713485718
151,1775027389.9030392,13,person,0.7052437663078308,1.0,0.6751549243927002,0.7744194865226746
151,1775027389.9030392,15,person,0.372768759727478,1.0,0.38449081778526306,0.5313348770141602
152,1775027392.1005166,1,person,0.5,0.6,0.167307510972023,0.47509610652923584
152,1775027392.1005166,2,person,0.5,1.0,0.10531723499298096,0.5657975673675537
152,1775027392.1005166,3,person,0.8939859867095947,1.0,0.12326686084270477,0.8048816323280334
152,1775027392.1005166,6,person,0.5,0.6,0.14792010188102722,0.47218799591064453
152,1775027392.1005166,9,person,0.5,1.0,0.26760751008987427,0.5901411175727844
152,1775027392.1005166,14,person,0.5,0.6,0.1220758780837059,0.4683113694190979
152,1775027392.1005166,11,person,0.5,1.0,0.08727414906024933,0.5630911588668823
152,1775027392.1005166,12,person,0.5,0.6,0.17840945720672607,0.4767614006996155
152,1775027392.1005166,7,person,0.5,1.0,0.07614655792713165,0.5614219903945923
152,1775027392.1005166,13,person,0.5,1.0,0.4269396662712097,0.6140409708023071
152,1775027392.1005166,15,person,0.39711493253707886,1.0,0.11799158155918121,0.5059677362442017
153,1775027394.334422,1,person,0.5,0.6,0.28189924359321594,0.4922848641872406
153,1775027394.334422,2,person,0.5,1.0,0.1652747243642807,0.5747911930084229
153,1775027394.334422,3,person,0.8993592858314514,1.0,0.1077226847410202,0.8057739734649658
153,1775027394.334422,6,person,0.5,0.6,0.16790443658828735,0.47518566250801086
153,1775027394.334422,9,person,0.5,1.0,0.16894373297691345,0.5753415822982788
153,1775027394.334422,14,person,0.5,0.6,0.08464699238538742,0.46269702911376953
153,1775027394.334422,11,person,0.5,1.0,0.07370822131633759,0.5610562562942505
153,1775027394.334422,12,person,0.5,0.6,0.27900561690330505,0.4918508231639862
153,1775027394.334422,7,person,0.5,1.0,0.07826808840036392,0.5617402195930481
153,1775027394.334422,15,person,0.3855797052383423,1.0,0.10571183264255524,0.49720460176467896
154,1775027396.455146,1,person,0.5,0.6,0.6112380623817444,0.5416857004165649
154,1775027396.455146,2,person,0.5,1.0,0.09316842257976532,0.5639752745628357
154,1775027396.455146,3,person,0.8465685844421387,0.6,0.1250189244747162,0.6766939759254456
154,1775027396.455146,6,person,0.5,0.6,0.154521182179451,0.4731781780719757
154,1775027396.455146,9,person,0.5,1.0,0.23624852299690247,0.5854372978210449
154,1775027396.455146,14,person,0.5,0.6,0.23370523750782013,0.4850557744503021
154,1775027396.455146,11,person,0.5,1.0,0.07894928753376007,0.5618423819541931
154,1775027396.455146,12,person,0.5,0.6,0.45107388496398926,0.5176610946655273
154,1775027396.455146,7,person,0.5,1.0,0.09067466855049133,0.5636011958122253
154,1775027396.455146,15,person,0.3843746781349182,1.0,0.21281106770038605,0.5125464797019958
154,1775027396.455146,13,person,0.6335480809211731,1.0,0.20039348304271698,0.6601879000663757
155,1775027398.6722894,1,person,0.5,0.6,0.2424231320619583,0.4863634705543518
155,1775027398.6722894,2,person,0.5,1.0,0.10939302295446396,0.5664089918136597
155,1775027398.6722894,3,person,0.8517425656318665,1.0,0.13225996494293213,0.7808845043182373
155,1775027398.6722894,6,person,0.5,0.6,0.2881205081939697,0.4932180643081665
155,1775027398.6722894,9,person,0.5,1.0,0.5676931738853455,0.6351540088653564
155,1775027398.6722894,14,person,0.5,0.6,0.21066796779632568,0.48160019516944885
155,1775027398.6722894,11,person,0.5,1.0,0.10760760307312012,0.5661411285400391
155,1775027398.6722894,12,person,0.5,0.6,0.34912487864494324,0.5023687481880188
155,1775027398.6722894,7,person,0.5,1.0,0.07857157289981842,0.5617857575416565
155,1775027398.6722894,15,person,0.3953171968460083,1.0,0.10930174589157104,0.5035855770111084
155,1775027398.6722894,13,person,0.5728428363800049,1.0,0.21967920660972595,0.6266576051712036
156,1775027400.8522918,1,person,0.5,0.6,0.25326651334762573,0.48798996210098267
156,1775027400.8522918,2,person,0.5,1.0,0.11332056671380997,0.5669981241226196
156,1775027400.8522918,3,person,0.8451644778251648,1.0,0.1671544462442398,0.7821718454360962
156,1775027400.8522918,6,person,0.5,0.6,0.06696682423353195,0.4600450098514557
156,1775027400.8522918,9,person,0.5,1.0,0.09007862955331802,0.5635117888450623
156,1775027400.8522918,14,person,0.5,0.3,0.13776354491710663,0.3956645429134369
156,1775027400.8522918,11,person,0.5,1.0,0.10814859718084335,0.5662223100662231
156,1775027400.8522918,12,person,0.5,0.6,0.30685955286026,0.49602892994880676
156,1775027400.8522918,7,person,0.5,1.0,0.1309688240289688,0.569645345211029
156,1775027400.8522918,15,person,0.35126084089279175,1.0,0.13187120854854584,0.48053720593452454
156,1775027400.8522918,13,person,0.5836288928985596,1.0,0.25013527274131775,0.6376976370811462
157,1775027403.0661798,1,person,0.5,0.6,0.23999914526939392,0.48599985241889954
157,1775027403.0661798,2,person,0.5,1.0,0.23196366429328918,0.5847945809364319
157,1775027403.0661798,3,person,0.8457556962966919,1.0,0.46849942207336426,0.8277283906936646
157,1775027403.0661798,6,person,0.5,0.6,0.23448844254016876,0.4851732552051544
157,1775027403.0661798,9,person,0.5,1.0,0.3882763981819153,0.6082414984703064
157,1775027403.0661798,14,person,0.5,0.3,0.07645805925130844,0.38646870851516724
157,1775027403.0661798,11,person,0.5,1.0,0.09936949610710144,0.5649054646492004
157,1775027403.0661798,12,person,0.5,1.0,0.958818793296814,0.6938228607177734
157,1775027403.0661798,7,person,0.5,1.0,0.08345251530408859,0.5625178813934326
157,1775027403.0661798,13,person,0.5376335978507996,1.0,0.13006044924259186,0.5920892357826233
158,1775027405.1568358,1,person,0.5,0.6,0.4515957832336426,0.5177393555641174
158,1775027405.1568358,2,person,0.5,1.0,0.14253589510917664,0.5713803768157959
158,1775027405.1568358,3,person,0.8189151287078857,1.0,0.22081997990608215,0.7744721174240112
158,1775027405.1568358,6,person,0.5,0.6,0.1379930078983307,0.4706989526748657
158,1775027405.1568358,9,person,0.5,1.0,0.19085712730884552,0.5786285996437073
158,1775027405.1568358,14,person,0.5,0.3,0.1686055213212967,0.4002908170223236
158,1775027405.1568358,11,person,0.5,1.0,0.12114065885543823,0.5681710839271545
158,1775027405.1568358,12,person,0.5,1.0,0.5716878175735474,0.6357531547546387
158,1775027405.1568358,7,person,0.5,1.0,0.1013696938753128,0.565205454826355
158,1775027405.1568358,13,person,0.5,1.0,0.4025895595550537,0.610388457775116
159,1775027407.2693696,1,person,0.5,0.6,0.16048124432563782,0.4740721881389618
159,1775027407.2693696,2,person,0.5,1.0,0.1486574113368988,0.5722986459732056
159,1775027407.2693696,3,person,0.8295120000839233,1.0,0.15587347745895386,0.771088182926178
159,1775027407.2693696,6,person,0.5,0.6,0.07839561998844147,0.4617593288421631
159,1775027407.2693696,9,person,0.5,1.0,0.4899839758872986,0.6234976053237915
159,1775027407.2693696,14,person,0.5,0.6,0.5231478810310364,0.5284721851348877
159,1775027407.2693696,11,person,0.5,1.0,0.14573094248771667,0.5718596577644348
159,1775027407.2693696,12,person,0.5,1.0,1.0,0.7000000000000001
159,1775027407.2693696,7,person,0.5,1.0,0.1255512237548828,0.5688326954841614
159,1775027407.2693696,13,person,0.5,1.0,0.24009060859680176,0.5860136151313782
160,1775027409.372787,1,person,0.5,0.6,0.1289217472076416,0.46933823823928833
160,1775027409.372787,2,person,0.5,1.0,0.07059119641780853,0.5605887174606323
160,1775027409.372787,3,person,0.8161629438400269,1.0,0.20053569972515106,0.7697781324386597
160,1775027409.372787,6,person,0.5,0.6,0.13739290833473206,0.4706089198589325
160,1775027409.372787,9,person,0.5,1.0,0.1736202836036682,0.5760430693626404
160,1775027409.372787,14,person,0.5,0.6,0.12242045253515244,0.46836304664611816
160,1775027409.372787,11,person,0.5,1.0,0.0626053735613823,0.5593908429145813
160,1775027409.372787,12,person,0.5,0.6,0.5311785936355591,0.5296767950057983
160,1775027409.372787,7,person,0.5,1.0,0.13085883855819702,0.5696288347244263
160,1775027409.372787,13,person,0.5,1.0,0.36066749691963196,0.6041001081466675
160,1775027409.372787,50,person,0.5,0.6,0.0,0.44999999999999996
160,1775027409.372787,15,person,0.5,1.0,0.20351290702819824,0.5805269479751587
161,1775027411.7443676,1,person,0.5,0.6,0.30667412281036377,0.49600112438201904
161,1775027411.7443676,2,person,0.5,1.0,0.10566087067127228,0.5658491253852844
161,1775027411.7443676,3,person,0.8279792070388794,1.0,0.11741282790899277,0.7643994688987732
161,1775027411.7443676,6,person,0.5,0.6,0.10328669846057892,0.46549299359321594
161,1775027411.7443676,9,person,0.5,1.0,0.45321494340896606,0.6179822683334351
161,1775027411.7443676,14,person,0.5,0.6,0.11610560119152069,0.46741583943367004
161,1775027411.7443676,11,person,0.5,1.0,0.0833892896771431,0.5625084042549133
161,1775027411.7443676,12,person,0.5,0.6,0.517325758934021,0.5275988578796387
161,1775027411.7443676,7,person,0.5,1.0,0.14443831145763397,0.5716657638549805
161,1775027411.7443676,50,person,0.5,0.6,0.2880594730377197,0.4932089149951935
161,1775027411.7443676,15,person,0.5,1.0,0.09729476273059845,0.5645942091941833
162,1775027413.9597852,1,person,0.5,0.6,0.14240720868110657,0.47136107087135315
162,1775027413.9597852,2,person,0.5,1.0,0.09110473096370697,0.5636657476425171
162,1775027413.9597852,3,person,0.8360944390296936,1.0,0.08212368190288544,0.763975203037262
162,1775027413.9597852,6,person,0.5,0.6,0.07874556630849838,0.4618118107318878
162,1775027413.9597852,9,person,0.5,1.0,0.2073194980621338,0.5810979604721069
162,1775027413.9597852,14,person,0.5,0.6,0.41517359018325806,0.5122760534286499
162,1775027413.9597852,11,person,0.5,1.0,0.07213055342435837,0.5608195662498474
162,1775027413.9597852,12,person,0.5,0.6,0.37438005208969116,0.5061569809913635
162,1775027413.9597852,7,person,0.5,1.0,0.07923769950866699,0.5618856549263
163,1775027415.9291291,1,person,0.5,0.6,0.09372366964817047,0.4640585482120514
163,1775027415.9291291,2,person,0.5,1.0,0.09773661941289902,0.5646604895591736
163,1775027415.9291291,3,person,0.8336294293403625,1.0,0.1022077351808548,0.7655088305473328
163,1775027415.9291291,6,person,0.5,0.6,0.05949931591749191,0.45892488956451416
163,1775027415.9291291,9,person,0.5,1.0,0.1292911171913147,0.5693936944007874
163,1775027415.9291291,14,person,0.5,0.6,0.15859760344028473,0.47378963232040405
163,1775027415.9291291,11,person,0.5,1.0,0.05414197966456413,0.5581213235855103
163,1775027415.9291291,12,person,0.5,0.6,0.678594708442688,0.5517892241477966
163,1775027415.9291291,7,person,0.5,1.0,0.24086430668830872,0.5861296653747559
164,1775027417.86191,1,person,0.5,0.6,0.18008537590503693,0.4770127832889557
164,1775027417.86191,2,person,0.5,1.0,0.08178509026765823,0.5622677803039551
164,1775027417.86191,3,person,0.8267133235931396,1.0,0.054453205317258835,0.7541959881782532
164,1775027417.86191,6,person,0.5,0.6,0.1052064448595047,0.46578094363212585
164,1775027417.86191,9,person,0.5,1.0,0.19858583807945251,0.5797879099845886
164,1775027417.86191,14,person,0.5,0.6,0.14269529283046722,0.4714042842388153
164,1775027417.86191,11,person,0.5,1.0,0.1248047947883606,0.5687207579612732
164,1775027417.86191,12,person,0.5,0.6,0.16233612596988678,0.4743503928184509
164,1775027417.86191,7,person,0.5,1.0,0.14112690091133118,0.5711690187454224
165,1775027419.8297713,1,person,0.5,0.6,0.8973423838615417,0.5846013426780701
165,1775027419.8297713,2,person,0.5,1.0,0.14965936541557312,0.5724489092826843
165,1775027419.8297713,3,person,0.8164618611335754,1.0,0.05841205269098282,0.748638927936554
165,1775027419.8297713,6,person,0.5,0.6,0.09839452803134918,0.4647591710090637
165,1775027419.8297713,9,person,0.5,1.0,0.09542005509138107,0.5643129944801331
165,1775027419.8297713,14,person,0.5,0.6,0.29484111070632935,0.4942261576652527
165,1775027419.8297713,11,person,0.5,1.0,0.1635652780532837,0.5745348334312439
165,1775027419.8297713,12,person,0.5,1.0,0.21321161091327667,0.5819817781448364
165,1775027419.8297713,7,person,0.5,1.0,0.14457526803016663,0.571686327457428
166,1775027421.7480168,1,person,0.5,0.6,0.11926025152206421,0.4678890109062195
166,1775027421.7480168,2,person,0.5,1.0,0.04051484912633896,0.556077241897583
166,1775027421.7480168,3,person,0.7868233919143677,1.0,0.07495145499706268,0.7333368062973022
166,1775027421.7480168,6,person,0.5,0.6,0.15624859929084778,0.47343727946281433
166,1775027421.7480168,9,person,0.5,1.0,0.5787733793258667,0.6368160247802734
166,1775027421.7480168,14,person,0.5,0.3,0.12700991332530975,0.3940514922142029
166,1775027421.7480168,11,person,0.5,1.0,0.059768278151750565,0.558965265750885
166,1775027421.7480168,12,person,0.5,0.6,0.3211401104927063,0.49817100167274475
166,1775027421.7480168,7,person,0.5,1.0,0.24113503098487854,0.5861702561378479
167,1775027423.7287948,1,person,0.5,0.6,0.20895949006080627,0.48134392499923706
167,1775027423.7287948,2,person,0.5,1.0,0.15343935787677765,0.5730159282684326
167,1775027423.7287948,3,person,0.6764523983001709,1.0,0.1387093961238861,0.6766778826713562
167,1775027423.7287948,6,person,0.5,0.6,0.20197860896587372,0.480296790599823
167,1775027423.7287948,9,person,0.5,1.0,0.1981092095375061,0.5797163844108582
167,1775027423.7287948,14,person,0.5,0.6,0.1478790044784546,0.4721818268299103
167,1775027423.7287948,11,person,0.5,1.0,0.11027747392654419,0.5665416121482849
167,1775027423.7287948,12,person,0.5,1.0,0.1353517770767212,0.5703027844429016
167,1775027423.7287948,7,person,0.5,1.0,0.14765708148479462,0.5721485614776611
168,1775027426.0217752,1,person,0.5,0.6,0.11818519979715347,0.46772778034210205
168,1775027426.0217752,2,person,0.5,1.0,0.06434421986341476,0.5596516728401184
168,1775027426.0217752,3,person,0.5,1.0,0.19047251343727112,0.5785709023475647
168,1775027426.0217752,6,person,0.5,0.6,0.09296470880508423,0.4639447033405304
168,1775027426.0217752,9,person,0.5,1.0,0.14721167087554932,0.5720817446708679
168,1775027426.0217752,14,person,0.5,0.6,0.3578190207481384,0.5036728382110596
168,1775027426.0217752,11,person,0.5,1.0,0.07171662151813507,0.5607575178146362
168,1775027426.0217752,12,person,0.5,0.6,0.06502825021743774,0.45975422859191895
168,1775027426.0217752,7,person,0.5,1.0,0.04707822948694229,0.5570617318153381
168,1775027426.0217752,15,person,0.28266584873199463,1.0,1.0,0.5695995092391968
169,1775027428.3443792,1,person,0.5,0.6,0.13300827145576477,0.46995124220848083
169,1775027428.3443792,2,person,0.5,1.0,0.10315094888210297,0.5654726624488831
169,1775027428.3443792,3,person,0.5,1.0,0.24258048832416534,0.5863870978355408
169,1775027428.3443792,6,person,0.5,0.6,0.14418800175189972,0.47162818908691406
169,1775027428.3443792,9,person,0.5,1.0,0.23209190368652344,0.5848137736320496
169,1775027428.3443792,14,person,0.5,0.6,0.13638418912887573,0.47045761346817017
169,1775027428.3443792,11,person,0.5,1.0,0.061980389058589935,0.5592970848083496
169,1775027428.3443792,12,person,0.5,1.0,0.12271513789892197,0.5684072971343994
169,1775027428.3443792,7,person,0.5,1.0,0.24418611824512482,0.5866279602050781
169,1775027428.3443792,50,person,0.5,1.0,0.39681321382522583,0.6095219850540161
170,1775027430.430589,1,person,0.5,0.6,0.33370453119277954,0.5000556707382202
170,1775027430.430589,2,person,0.5,1.0,0.09737508744001389,0.564606249332428
170,1775027430.430589,3,person,0.5,1.0,0.18671424686908722,0.578007161617279
170,1775027430.430589,6,person,0.5,0.6,0.06020836904644966,0.45903125405311584
170,1775027430.430589,9,person,0.5,1.0,0.1218566745519638,0.5682784914970398
170,1775027430.430589,14,person,0.5,0.6,0.16559523344039917,0.4748392701148987
170,1775027430.430589,11,person,0.5,1.0,0.08446947485208511,0.5626704096794128
170,1775027430.430589,12,person,0.5,0.6,0.11367249488830566,0.46705085039138794
170,1775027430.430589,7,person,0.5,1.0,0.07387034595012665,0.5610805749893188
170,1775027430.430589,50,person,0.5,0.6,0.29221111536026,0.49383166432380676
170,1775027430.430589,15,person,0.34386396408081055,1.0,1.0,0.6063183784484864
171,1775027432.8401585,1,person,0.5,0.6,0.3665923476219177,0.5049888491630554
171,1775027432.8401585,2,person,0.5,1.0,0.06799129396677017,0.5601987242698669
171,1775027432.8401585,3,person,0.5,1.0,0.16044777631759644,0.5740671753883362
171,1775027432.8401585,6,person,0.5,0.6,0.14664961397647858,0.4719974398612976
171,1775027432.8401585,9,person,0.5,1.0,0.15219998359680176,0.5728300213813782
171,1775027432.8401585,14,person,0.5,0.6,0.16875478625297546,0.4753132164478302
171,1775027432.8401585,11,person,0.5,1.0,0.08389770984649658,0.5625846982002258
171,1775027432.8401585,12,person,0.5,1.0,0.07035063952207565,0.5605525970458984
171,1775027432.8401585,7,person,0.5,1.0,0.11807701736688614,0.567711591720581
171,1775027432.8401585,50,person,0.5,0.6,0.18075355887413025,0.4771130084991455
171,1775027432.8401585,15,person,0.4071965217590332,1.0,1.0,0.64431791305542
172,1775027435.249755,1,person,0.5,0.6,0.20026175677776337,0.48003923892974854
172,1775027435.249755,2,person,0.5,1.0,0.05197678878903389,0.5577965378761292
172,1775027435.249755,3,person,0.5,1.0,0.1369379609823227,0.570540726184845
172,1775027435.249755,6,person,0.5,0.6,0.08864055573940277,0.4632960855960846
172,1775027435.249755,9,person,0.5,1.0,0.30909061431884766,0.5963636040687561
172,1775027435.249755,14,person,0.5,0.6,0.18139028549194336,0.47720852494239807
172,1775027435.249755,11,person,0.5,1.0,0.17277935147285461,0.5759168863296509
172,1775027435.249755,12,person,0.5,1.0,0.23896214365959167,0.5858443379402161
172,1775027435.249755,7,person,0.5,1.0,0.18774627149105072,0.5781619548797607
172,1775027435.249755,50,person,0.5,0.6,0.26335608959198,0.489503413438797
172,1775027435.249755,15,person,0.3786383271217346,1.0,0.40123051404953003,0.537367582321167
173,1775027437.7684581,1,person,0.5,0.6,0.26126736402511597,0.48919010162353516
173,1775027437.7684581,2,person,0.5,1.0,0.08216770738363266,0.5623251795768738
173,1775027437.7684581,3,person,0.5,1.0,0.12144260108470917,0.5682163834571838
173,1775027437.7684581,6,person,0.5,0.6,0.11781448125839233,0.4676721692085266
173,1775027437.7684581,9,person,0.5,1.0,0.13316945731639862,0.5699754357337952
173,1775027437.7684581,14,person,0.5,0.6,0.11326710134744644,0.46699005365371704
173,1775027437.7684581,11,person,0.5,1.0,0.08695770800113678,0.5630436539649963
173,1775027437.7684581,12,person,0.5,0.6,0.22525599598884583,0.483788400888443
173,1775027437.7684581,7,person,0.5,1.0,0.10025523602962494,0.5650383234024048
173,1775027437.7684581,50,person,0.5,0.6,0.3060931861400604,0.4959139823913574
173,1775027437.7684581,15,person,0.402767539024353,1.0,0.10205278545618057,0.5069684386253357
174,1775027440.6848602,1,person,0.5,0.6,0.16152092814445496,0.4742281436920166
174,1775027440.6848602,2,person,0.5,1.0,0.1326557844877243,0.5698983669281006
174,1775027440.6848602,3,person,0.5,1.0,0.10671551525592804,0.5660073161125183
174,1775027440.6848602,6,person,0.5,0.6,0.05062628909945488,0.4575939178466797
174,1775027440.6848602,9,person,0.5,1.0,0.6343140006065369,0.6451470851898193
174,1775027440.6848602,14,person,0.5,0.6,0.16388265788555145,0.47458237409591675
174,1775027440.6848602,11,person,0.5,1.0,0.1119137853384018,0.56678706407547
174,1775027440.6848602,12,person,0.5,1.0,0.14192117750644684,0.5712881684303284
174,1775027440.6848602,7,person,0.5,1.0,0.09755998104810715,0.5646340250968933
174,1775027440.6848602,50,person,0.5,0.6,0.32787686586380005,0.49918150901794434
174,1775027440.6848602,15,person,0.42270374298095703,1.0,0.17103810608386993,0.5292779207229614
175,1775027443.037535,1,person,0.5,0.6,0.22448937594890594,0.4836733937263489
175,1775027443.037535,2,person,0.5,1.0,0.0833880826830864,0.562508225440979
175,1775027443.037535,3,person,0.5,1.0,0.1242157593369484,0.5686323642730713
175,1775027443.037535,6,person,0.5,0.6,0.11837581545114517,0.46775636076927185
175,1775027443.037535,9,person,0.5,1.0,0.49626603722572327,0.6244398951530457
175,1775027443.037535,14,person,0.5,0.3,0.22727298736572266,0.40909093618392944
175,1775027443.037535,11,person,0.5,1.0,0.08143593370914459,0.5622153878211975
175,1775027443.037535,12,person,0.5,1.0,0.09410681575536728,0.5641160607337952
175,1775027443.037535,7,person,0.5,1.0,0.09520386159420013,0.5642805695533752
175,1775027443.037535,15,person,0.4359608292579651,1.0,0.12303576618432999,0.5300318598747253
176,1775027445.8219664,1,person,0.5,0.6,0.168531596660614,0.47527971863746643
176,1775027445.8219664,2,person,0.5,1.0,0.17934134602546692,0.5769011974334717
176,1775027445.8219664,3,person,0.5,1.0,0.09037049114704132,0.5635555982589722
176,1775027445.8219664,6,person,0.5,0.6,0.1782529652118683,0.47673794627189636
176,1775027445.8219664,9,person,0.5,1.0,0.57213294506073,0.6358199715614319
176,1775027445.8219664,14,person,0.5,0.3,0.23958387970924377,0.4109375774860382
176,1775027445.8219664,11,person,0.5,1.0,0.07282055914402008,0.5609230995178223
176,1775027445.8219664,12,person,0.5,0.6,0.18791383504867554,0.47818705439567566
176,1775027445.8219664,7,person,0.5,1.0,0.29269731044769287,0.5939046144485474
176,1775027445.8219664,15,person,0.40296804904937744,1.0,0.12586309015750885,0.5106602907180786
177,1775027448.052703,1,person,0.5,0.6,0.12232272326946259,0.4683483839035034
177,1775027448.052703,2,person,0.5,1.0,0.1066843718290329,0.5660026669502258
177,1775027448.052703,3,person,0.5,1.0,0.09275522083044052,0.5639132857322693
177,1775027448.052703,6,person,0.5,0.6,0.06257789582014084,0.4593866765499115
177,1775027448.052703,9,person,0.5,1.0,0.5517614483833313,0.6327642202377319
177,1775027448.052703,14,person,0.5,0.3,0.25422587990760803,0.4131338894367218
177,1775027448.052703,11,person,0.5,1.0,0.09915188699960709,0.5648728013038635
177,1775027448.052703,12,person,0.5,1.0,0.22070269286632538,0.5831054449081421
177,1775027448.052703,7,person,0.5,1.0,0.13836517930030823,0.5707547664642334
177,1775027448.052703,15,person,0.41563671827316284,1.0,0.14742286503314972,0.5214954614639282
178,1775027450.3776407,1,person,0.5,0.6,0.11307089030742645,0.466960608959198
178,1775027450.3776407,2,person,0.5,1.0,0.1373102366924286,0.5705965757369995
178,1775027450.3776407,3,person,0.5,1.0,0.11373327672481537,0.5670599937438965
178,1775027450.3776407,6,person,0.5,0.6,0.17033369839191437,0.4755500555038452
178,1775027450.3776407,9,person,0.5,1.0,0.08667559921741486,0.5630013346672058
178,1775027450.3776407,14,person,0.5,0.3,0.15153911709785461,0.39773085713386536
178,1775027450.3776407,11,person,0.5,1.0,0.10394386202096939,0.56559157371521
178,1775027450.3776407,12,person,0.5,1.0,0.13842493295669556,0.5707637667655945
178,1775027450.3776407,7,person,0.5,1.0,0.09134040772914886,0.5637010931968689
178,1775027450.3776407,15,person,0.5,1.0,0.12622381746768951,0.5689336061477661
179,1775027452.6660328,1,person,0.5,0.6,0.12603862583637238,0.4689057767391205
179,1775027452.6660328,2,person,0.5,1.0,0.1655699759721756,0.5748355388641357
179,1775027452.6660328,3,person,0.5,1.0,0.073947474360466,0.5610921382904053
179,1775027452.6660328,6,person,0.5,0.6,0.06883092224597931,0.46032461524009705
179,1775027452.6660328,9,person,0.5,0.6,0.799333930015564,0.5699000954627991
179,1775027452.6660328,14,person,0.5,0.6,0.13643094897270203,0.47046464681625366
179,1775027452.6660328,11,person,0.5,1.0,0.0916217714548111,0.5637432932853699
179,1775027452.6660328,12,person,0.5,1.0,0.117551289498806,0.5676327347755432
179,1775027452.6660328,7,person,0.5,1.0,0.3267747461795807,0.5990162491798401
179,1775027452.6660328,15,person,0.39162468910217285,1.0,0.15264171361923218,0.5078710317611694
180,1775027454.8218029,1,person,0.5,0.6,0.21745455265045166,0.48261818289756775
180,1775027454.8218029,2,person,0.5,1.0,0.26568663120269775,0.5898529887199402
180,1775027454.8218029,3,person,0.5,1.0,0.0632716566324234,0.5594907402992249
180,1775027454.8218029,6,person,0.5,0.6,0.11578047275543213,0.4673670530319214
180,1775027454.8218029,9,person,0.5,0.6,0.4139772057533264,0.5120965838432312
180,1775027454.8218029,14,person,0.5,0.3,0.270769864320755,0.4156154692173004
180,1775027454.8218029,11,person,0.5,1.0,0.08157571405172348,0.5622363686561584
180,1775027454.8218029,12,person,0.5,1.0,0.10278980433940887,0.5654184818267822
180,1775027454.8218029,7,person,0.5,1.0,0.11334452778100967,0.5670017004013062
180,1775027454.8218029,15,person,0.3831341862678528,1.0,0.2580597400665283,0.5185894966125488
181,1775027456.9088402,1,person,0.5,0.6,0.18325361609458923,0.47748804092407227
181,1775027456.9088402,2,person,0.5,1.0,0.13801446557044983,0.5707021951675415
181,1775027456.9088402,3,person,0.5,1.0,0.07809736579656601,0.5617145895957947
181,1775027456.9088402,6,person,0.5,0.6,0.08982417732477188,0.4634736180305481
181,1775027456.9088402,9,person,0.5,0.6,0.20628583431243896,0.48094287514686584
181,1775027456.9088402,14,person,0.5,0.6,0.314197301864624,0.4971295893192291
181,1775027456.9088402,11,person,0.5,1.0,0.05329286307096481,0.5579939484596252
181,1775027456.9088402,12,person,0.5,1.0,0.1003335565328598,0.5650500655174255
181,1775027456.9088402,7,person,0.5,1.0,0.2540685534477234,0.5881103277206421
181,1775027456.9088402,15,person,0.399394154548645,1.0,0.1595996618270874,0.5135764479637146
181,1775027456.9088402,13,person,0.6801362037658691,1.0,1.0,0.8080817222595215
182,1775027459.8691278,1,person,0.5,0.6,0.1304834634065628,0.469572514295578
182,1775027459.8691278,2,person,0.5,1.0,0.09852658212184906,0.5647789835929871
182,1775027459.8691278,3,person,0.5,1.0,0.04274079576134682,0.5564111471176147
182,1775027459.8691278,6,person,0.5,0.6,0.19621826708316803,0.47943273186683655
182,1775027459.8691278,9,person,0.5,1.0,0.2436726987361908,0.5865508913993835
182,1775027459.8691278,14,person,0.5,0.3,0.14341166615486145,0.3965117633342743
182,1775027459.8691278,11,person,0.5,1.0,0.10534228384494781,0.5658013820648193
182,1775027459.8691278,12,person,0.5,1.0,0.0975935310125351,0.5646390318870544
182,1775027459.8691278,7,person,0.5,1.0,0.17706730961799622,0.5765601396560669
182,1775027459.8691278,15,person,0.4118562936782837,1.0,0.05369259789586067,0.5051676630973816
182,1775027459.8691278,13,person,0.7202329039573669,1.0,0.4082155227661133,0.7433720827102661
183,1775027464.9452765,1,person,0.5,0.6,0.13759258389472961,0.47063887119293213
183,1775027464.9452765,2,person,0.5,1.0,0.12933149933815002,0.5693997144699097
183,1775027464.9452765,3,person,0.5,1.0,0.11000092327594757,0.5665001273155212
183,1775027464.9452765,6,person,0.5,0.6,0.10594715178012848,0.46589207649230957
183,1775027464.9452765,9,person,0.5,0.6,0.15842366218566895,0.47376352548599243
183,1775027464.9452765,14,person,0.5,0.6,0.251912385225296,0.4877868592739105
183,1775027464.9452765,11,person,0.5,1.0,0.11472652852535248,0.567209005355835
183,1775027464.9452765,12,person,0.5,1.0,0.19186225533485413,0.5787793397903442
183,1775027464.9452765,15,person,0.40475398302078247,1.0,0.09707076102495193,0.5074130296707153
183,1775027464.9452765,13,person,0.7113185524940491,1.0,0.1570199579000473,0.7003441452980042
184,1775027468.6822069,1,person,0.5,0.6,0.17452338337898254,0.47617849707603455
184,1775027468.6822069,2,person,0.5,1.0,0.2168174684047699,0.5825226306915283
184,1775027468.6822069,3,person,0.5,1.0,0.058795202523469925,0.5588192939758301
184,1775027468.6822069,6,person,0.5,0.6,0.09202704578638077,0.4638040363788605
184,1775027468.6822069,9,person,0.5,1.0,0.7961385250091553,0.6694207787513733
184,1775027468.6822069,14,person,0.5,0.6,0.3917436897754669,0.5087615251541138
184,1775027468.6822069,11,person,0.5,1.0,0.20498542487621307,0.5807478427886963
184,1775027468.6822069,12,person,0.5,0.6,0.23699912428855896,0.4855498671531677
184,1775027468.6822069,15,person,0.419253408908844,1.0,0.2458755522966385,0.5384333729743958
184,1775027468.6822069,13,person,0.705058217048645,1.0,0.23708060383796692,0.7085970044136047
184,1775027468.6822069,7,person,0.5,1.0,0.38680773973464966,0.6080211997032166
185,1775027472.025,1,person,0.5,0.6,0.26323986053466797,0.4894859790802002
185,1775027472.025,2,person,0.5,1.0,0.12302329391241074,0.5684534907341003
185,1775027472.025,3,person,0.5,1.0,0.06734583526849747,0.5601018667221069
185,1775027472.025,6,person,0.5,0.6,0.09495715796947479,0.4642435610294342
185,1775027472.025,9,person,0.5,1.0,0.16437000036239624,0.5746555328369141
185,1775027472.025,14,person,0.5,0.6,0.16576240956783295,0.4748643636703491
185,1775027472.025,11,person,0.5,1.0,0.09570874273777008,0.5643563270568848
185,1775027472.025,12,person,0.5,0.6,0.14962366223335266,0.472443550825119
185,1775027472.025,15,person,0.40452516078948975,1.0,0.06710711866617203,0.5027811527252197
185,1775027472.025,13,person,0.6960395574569702,1.0,0.49421483278274536,0.7417559623718262
185,1775027472.025,7,person,0.5,1.0,0.185553640127182,0.5778330564498901
186,1775027474.8865986,1,person,0.5,0.6,0.25551530718803406,0.488327294588089
186,1775027474.8865986,2,person,0.5,1.0,0.10312376171350479,0.5654685497283936
186,1775027474.8865986,3,person,0.5,1.0,0.068976491689682,0.5603464841842651
186,1775027474.8865986,6,person,0.5,0.6,0.06782784312963486,0.46017417311668396
186,1775027474.8865986,9,person,0.5,1.0,0.472329705953598,0.6208494901657104
186,1775027474.8865986,14,person,0.5,0.6,0.13402578234672546,0.4701038599014282
186,1775027474.8865986,11,person,0.5,1.0,0.120616115629673,0.568092405796051
186,1775027474.8865986,12,person,0.5,0.6,0.22155305743217468,0.48323294520378113
186,1775027474.8865986,15,person,0.4041181802749634,1.0,0.11028514057397842,0.5090137124061584
186,1775027474.8865986,13,person,0.674410343170166,1.0,0.1257583647966385,0.673509955406189
186,1775027474.8865986,7,person,0.5,1.0,0.14603661000728607,0.5719054937362671
187,1775027477.3273885,1,person,0.5,0.6,0.19413895905017853,0.47912082076072693
187,1775027477.3273885,2,person,0.5,1.0,0.13486751914024353,0.5702301263809204
187,1775027477.3273885,3,person,0.5,1.0,0.12296916544437408,0.5684453845024109
187,1775027477.3273885,6,person,0.5,0.6,0.14097602665424347,0.4711464047431946
187,1775027477.3273885,9,person,0.5,1.0,0.27570265531539917,0.5913554430007935
187,1775027477.3273885,14,person,0.5,0.3,0.4545423984527588,0.4431813657283783
187,1775027477.3273885,11,person,0.5,1.0,0.06796030700206757,0.5601940751075745
187,1775027477.3273885,12,person,0.5,0.6,0.13450978696346283,0.47017645835876465
187,1775027477.3273885,15,person,0.28498321771621704,1.0,0.08653051406145096,0.43396949768066406
187,1775027477.3273885,13,person,0.6886875629425049,1.0,0.08861124515533447,0.6765042543411255
187,1775027477.3273885,7,person,0.5,1.0,0.17542630434036255,0.5763139724731445
188,1775027479.743174,1,person,0.5,0.6,0.1919448971748352,0.4787917137145996
188,1775027479.743174,2,person,0.5,1.0,0.09511277824640274,0.5642669200897217
188,1775027479.743174,3,person,0.5,1.0,0.07120460271835327,0.5606806874275208
188,1775027479.743174,6,person,0.5,0.6,0.12263580411672592,0.4683953523635864
188,1775027479.743174,9,person,0.5,1.0,0.11860878765583038,0.5677913427352905
188,1775027479.743174,14,person,0.5,0.3,0.35484829545021057,0.4282272458076477
188,1775027479.743174,11,person,0.5,1.0,0.039505328983068466,0.5559257864952087
188,1775027479.743174,12,person,0.5,0.6,0.21997074782848358,0.4829955995082855
188,1775027479.743174,15,person,0.5,1.0,0.05049804970622063,0.5575747489929199
188,1775027479.743174,13,person,0.5,1.0,0.13815471529960632,0.5707232356071472
188,1775027479.743174,7,person,0.5,1.0,0.17173075675964355,0.5757596492767334
189,1775027482.3275657,1,person,0.5,0.6,0.11797191947698593,0.46769577264785767
189,1775027482.3275657,2,person,0.5,1.0,0.0798962339758873,0.5619844198226929
189,1775027482.3275657,3,person,0.5,1.0,0.056861281394958496,0.5585291981697083
189,1775027482.3275657,6,person,0.5,0.6,0.1255972683429718,0.4688395857810974
189,1775027482.3275657,9,person,0.5,1.0,0.25470659136772156,0.5882059931755066
189,1775027482.3275657,14,person,0.5,0.6,0.1774802953004837,0.4766220450401306
189,1775027482.3275657,11,person,0.5,1.0,0.05971292778849602,0.5589569807052612
189,1775027482.3275657,12,person,0.5,0.6,0.15651914477348328,0.47347787022590637
189,1775027482.3275657,15,person,0.2798290252685547,1.0,0.25995129346847534,0.4568901062011719
189,1775027482.3275657,13,person,0.6545020341873169,1.0,0.31622231006622314,0.690134584903717
189,1775027482.3275657,7,person,0.5,1.0,0.04100935906171799,0.5561513900756836
190,1775027484.7277665,1,person,0.5,0.6,0.15702779591083527,0.47355416417121887
190,1775027484.7277665,2,person,0.5,1.0,0.09243923425674438,0.5638659000396729
190,1775027484.7277665,3,person,0.5,1.0,0.07625642418861389,0.5614385008811951
190,1775027484.7277665,6,person,0.5,0.6,0.06234355643391609,0.459351509809494
190,1775027484.7277665,9,person,0.5,1.0,0.14632806181907654,0.5719492435455322
190,1775027484.7277665,14,person,0.5,0.6,0.22824569046497345,0.48423683643341064
190,1775027484.7277665,11,person,0.5,1.0,0.04879703000187874,0.5573195815086365
190,1775027484.7277665,12,person,0.5,0.6,0.09502933919429779,0.46425437927246094
190,1775027484.7277665,15,person,0.5,1.0,0.08048153668642044,0.562072217464447
190,1775027484.7277665,7,person,0.5,1.0,0.09131831675767899,0.5636977553367615
191,1775027487.1677904,1,person,0.5,0.6,0.18308813869953156,0.4774632155895233
191,1775027487.1677904,2,person,0.5,1.0,0.08862928301095963,0.5632944107055664
191,1775027487.1677904,3,person,0.5,1.0,0.07572893798351288,0.5613593459129333
191,1775027487.1677904,6,person,0.5,0.6,0.12973575294017792,0.4694603383541107
191,1775027487.1677904,9,person,0.5,1.0,0.3551643490791321,0.6032746434211731
191,1775027487.1677904,14,person,0.5,0.6,0.14306771755218506,0.47146013379096985
191,1775027487.1677904,11,person,0.5,1.0,0.10492168366909027,0.5657382607460022
191,1775027487.1677904,12,person,0.5,0.6,0.15835526585578918,0.47375327348709106
191,1775027487.1677904,7,person,0.5,1.0,0.05223618075251579,0.5578354597091675
191,1775027487.1677904,13,person,0.6772669553756714,1.0,0.16335667669773102,0.6808636784553528
192,1775027489.4078438,1,person,0.5,0.6,0.14353451132774353,0.47153016924858093
192,1775027489.4078438,2,person,0.5,1.0,0.28279411792755127,0.5924191474914551
192,1775027489.4078438,3,person,0.5,1.0,0.06967561691999435,0.560451328754425
192,1775027489.4078438,6,person,0.5,0.6,0.10378410667181015,0.46556761860847473
192,1775027489.4078438,9,person,0.5,1.0,0.4341367781162262,0.615120530128479
192,1775027489.4078438,14,person,0.5,0.6,0.1987580507993698,0.47981369495391846
192,1775027489.4078438,11,person,0.5,1.0,0.19659017026424408,0.5794885158538818
192,1775027489.4078438,12,person,0.5,0.6,0.3538230359554291,0.5030734539031982
192,1775027489.4078438,7,person,0.5,1.0,0.13597509264945984,0.5703963041305542
192,1775027489.4078438,13,person,0.6905375123023987,1.0,0.30092260241508484,0.7094609141349792
193,1775027491.9186783,1,person,0.5,0.6,0.2061266154050827,0.4809189736843109
193,1775027491.9186783,2,person,0.5,1.0,0.17089520394802094,0.5756343007087708
193,1775027491.9186783,3,person,0.5,1.0,0.0647689700126648,0.5597153306007385
193,1775027491.9186783,6,person,0.5,0.6,0.09897260367870331,0.4648458659648895
193,1775027491.9186783,9,person,0.5,1.0,0.2706575095653534,0.5905986428260803
193,1775027491.9186783,14,person,0.5,0.6,0.1511424332857132,0.47267135977745056
193,1775027491.9186783,11,person,0.5,1.0,0.08879933506250381,0.5633199214935303
193,1775027491.9186783,12,person,0.5,0.6,0.22000420093536377,0.48300063610076904
193,1775027491.9186783,7,person,0.5,1.0,0.08819306641817093,0.563228964805603
193,1775027491.9186783,13,person,0.6654225587844849,1.0,0.1665354073047638,0.6742338538169861
194,1775027494.1535842,1,person,0.5,0.6,0.31530287861824036,0.49729540944099426
194,1775027494.1535842,2,person,0.5,1.0,0.19706681370735168,0.5795600414276123
194,1775027494.1535842,3,person,0.5,1.0,0.0659763291478157,0.5598964691162109
194,1775027494.1535842,6,person,0.5,0.6,0.09040284156799316,0.46356040239334106
194,1775027494.1535842,9,person,0.5,1.0,0.37814566493034363,0.6067218780517578
194,1775027494.1535842,14,person,0.5,0.6,0.3159450888633728,0.4973917603492737
194,1775027494.1535842,11,person,0.5,1.0,0.07667891681194305,0.5615018606185913
194,1775027494.1535842,12,person,0.5,1.0,0.5882153511047363,0.6382323503494263
194,1775027494.1535842,7,person,0.5,1.0,0.19213372468948364,0.5788200497627258
195,1775027496.39271,1,person,0.5,0.6,0.24780933558940887,0.48717138171195984
195,1775027496.39271,2,person,0.5,1.0,0.1396818906068802,0.570952296257019
195,1775027496.39271,3,person,0.5,1.0,0.09497862309217453,0.5642468333244324
195,1775027496.39271,6,person,0.5,0.6,0.146551713347435,0.4719827473163605
195,1775027496.39271,9,person,0.5,1.0,0.20660150051116943,0.5809902548789978
195,1775027496.39271,14,person,0.5,0.6,0.11813302338123322,0.4677199423313141
195,1775027496.39271,11,person,0.5,1.0,0.08640213310718536,0.5629603266716003
195,1775027496.39271,12,person,0.5,1.0,0.19483965635299683,0.5792259573936462
195,1775027496.39271,7,person,0.5,1.0,0.08879552036523819,0.5633193254470825
195,1775027496.39271,13,person,0.6680189967155457,1.0,0.3864782154560089,0.7087830901145935
196,1775027498.7543225,1,person,0.5,0.6,0.3236551582813263,0.4985482692718506
196,1775027498.7543225,2,person,0.5,1.0,0.19333350658416748,0.5790000557899475
196,1775027498.7543225,3,person,0.5,1.0,0.060157496482133865,0.5590236186981201
196,1775027498.7543225,6,person,0.5,0.6,0.22577285766601562,0.4838659167289734
196,1775027498.7543225,9,person,0.5,1.0,0.7770479321479797,0.6665571928024292
196,1775027498.7543225,14,person,0.5,0.6,0.09520021826028824,0.46428000926971436
196,1775027498.7543225,11,person,0.5,1.0,0.14434054493904114,0.5716511011123657
196,1775027498.7543225,12,person,0.5,1.0,0.12144932895898819,0.568217396736145
196,1775027498.7543225,7,person,0.5,1.0,0.09847392141819,0.5647711157798767
197,1775027500.8571868,1,person,0.5,0.6,0.11308840662240982,0.4669632613658905
197,1775027500.8571868,2,person,0.5,1.0,0.16947801411151886,0.5754216909408569
197,1775027500.8571868,3,person,0.5,1.0,0.04909297823905945,0.5573639869689941
197,1775027500.8571868,6,person,0.5,0.6,0.16337700188159943,0.47450652718544006
197,1775027500.8571868,9,person,0.5,1.0,0.38118037581443787,0.6071770787239075
197,1775027500.8571868,14,person,0.5,0.3,0.15062646567821503,0.39759397506713867
197,1775027500.8571868,11,person,0.5,1.0,0.07788652181625366,0.5616829991340637
197,1775027500.8571868,12,person,0.5,1.0,0.10670127719640732,0.5660052299499512
197,1775027500.8571868,7,person,0.5,1.0,0.0881408154964447,0.5632211565971375
197,1775027500.8571868,15,person,0.5,1.0,0.5580471754074097,0.6337071061134338
197,1775027500.8571868,13,person,0.7016232013702393,1.0,0.5668357014656067,0.7559992671012878
198,1775027503.252515,1,person,0.5,0.6,0.17906959354877472,0.4768604338169098
198,1775027503.252515,2,person,0.5,1.0,0.13301295042037964,0.5699519515037537
198,1775027503.252515,3,person,0.5,1.0,0.06509611755609512,0.5597644448280334
198,1775027503.252515,6,person,0.5,0.6,0.1944768726825714,0.4791715145111084
198,1775027503.252515,9,person,0.5,0.6,0.4037444591522217,0.5105616450309753
198,1775027503.252515,14,person,0.5,0.6,0.4683547019958496,0.5202531814575195
198,1775027503.252515,11,person,0.5,1.0,0.15569700300693512,0.5733545422554016
198,1775027503.252515,12,person,0.5,1.0,0.10871231555938721,0.5663068294525146
198,1775027503.252515,7,person,0.5,1.0,0.08644391596317291,0.5629665851593018
199,1775027505.6156394,1,person,0.5,0.6,0.18642422556877136,0.4779636263847351
199,1775027505.6156394,2,person,0.5,1.0,0.38709014654159546,0.6080635190010071
199,1775027505.6156394,3,person,0.5,1.0,0.06046609207987785,0.5590699315071106
199,1775027505.6156394,6,person,0.5,0.6,0.1344037652015686,0.4701605439186096
199,1775027505.6156394,9,person,0.5,0.6,0.795611560344696,0.5693417191505432
199,1775027505.6156394,14,person,0.5,0.6,0.09877302497625351,0.4648159444332123
199,1775027505.6156394,11,person,0.5,1.0,0.06541074812412262,0.5598116517066956
199,1775027505.6156394,12,person,0.5,1.0,0.07904624938964844,0.5618569254875183
199,1775027505.6156394,7,person,0.5,1.0,0.0770261138677597,0.561553955078125
200,1775027507.806892,1,person,0.5,0.6,0.27069681882858276,0.4906045198440552
200,1775027507.806892,2,person,0.5,1.0,0.2508727014064789,0.5876309275627136
200,1775027507.806892,3,person,0.5,1.0,0.10947360098361969,0.5664210319519043
200,1775027507.806892,6,person,0.5,0.6,0.08797220140695572,0.4631958305835724
200,1775027507.806892,9,person,0.5,1.0,0.3609558343887329,0.6041433811187744
200,1775027507.806892,14,person,0.5,0.6,0.33406469225883484,0.5001096725463867
200,1775027507.806892,11,person,0.5,1.0,0.2498026192188263,0.5874704122543335
200,1775027507.806892,12,person,0.5,1.0,0.05926306173205376,0.5588894486427307
200,1775027507.806892,7,person,0.5,1.0,0.10782916843891144,0.5661743879318237
201,1775027509.8816493,1,person,0.5,0.6,0.2546605169773102,0.48819905519485474
201,1775027509.8816493,2,person,0.5,1.0,0.1611975133419037,0.5741796493530273
201,1775027509.8816493,3,person,0.5,1.0,0.10414226353168488,0.5656213760375977
201,1775027509.8816493,6,person,0.5,0.6,0.17143499851226807,0.4757152497768402
201,1775027509.8816493,9,person,0.5,1.0,0.3920494019985199,0.6088074445724487
201,1775027509.8816493,14,person,0.5,0.6,0.1664157211780548,0.47496235370635986
201,1775027509.8816493,11,person,0.5,1.0,0.10935548692941666,0.566403329372406
201,1775027509.8816493,12,person,0.5,1.0,0.14347845315933228,0.5715217590332031
201,1775027509.8816493,7,person,0.5,1.0,0.15430650115013123,0.5731459856033325
202,1775027512.0189874,1,person,0.5,0.6,0.3050427734851837,0.4957564175128937
202,1775027512.0189874,2,person,0.5,1.0,0.19808849692344666,0.5797132849693298
202,1775027512.0189874,3,person,0.5,1.0,0.0626504123210907,0.5593975782394409
202,1775027512.0189874,6,person,0.5,0.6,0.16481462121009827,0.4747221767902374
202,1775027512.0189874,9,person,0.5,1.0,0.3733752965927124,0.6060063242912292
202,1775027512.0189874,14,person,0.5,0.6,0.16547712683677673,0.4748215675354004
202,1775027512.0189874,11,person,0.5,1.0,0.08756282180547714,0.5631344318389893
202,1775027512.0189874,12,person,0.5,1.0,0.10034577548503876,0.5650518536567688
202,1775027512.0189874,7,person,0.5,1.0,0.10863839089870453,0.5662957429885864
203,1775027514.0979102,1,person,0.5,0.6,0.40491819381713867,0.5107377171516418
203,1775027514.0979102,2,person,0.5,1.0,0.1342109739780426,0.5701316595077515
203,1775027514.0979102,3,person,0.5,1.0,0.08636660873889923,0.5629550218582153
203,1775027514.0979102,6,person,0.5,0.6,0.3208613395690918,0.4981291890144348
203,1775027514.0979102,9,person,0.5,1.0,0.25098347663879395,0.587647557258606
203,1775027514.0979102,14,person,0.5,0.6,0.2372855842113495,0.4855928421020508
203,1775027514.0979102,11,person,0.5,1.0,0.10132937133312225,0.5651994347572327
203,1775027514.0979102,12,person,0.5,1.0,0.08343694359064102,0.5625155568122864
203,1775027514.0979102,7,person,0.5,1.0,0.060289639979600906,0.5590434670448303
204,1775027516.1800785,1,person,0.5,0.6,0.4875304102897644,0.5231295824050903
204,1775027516.1800785,2,person,0.5,1.0,0.37353089451789856,0.6060296297073364
204,1775027516.1800785,3,person,0.5,1.0,0.08118221908807755,0.5621773600578308
204,1775027516.1800785,6,person,0.5,0.6,0.19518649578094482,0.47927796840667725
204,1775027516.1800785,9,person,0.5,1.0,0.1228199154138565,0.5684229731559753
204,1775027516.1800785,14,person,0.5,0.6,0.28203845024108887,0.4923057556152344
204,1775027516.1800785,11,person,0.5,1.0,0.07088754326105118,0.56063312292099
204,1775027516.1800785,12,person,0.5,1.0,0.07642076909542084,0.5614631175994873
204,1775027516.1800785,7,person,0.5,1.0,0.11671046912670135,0.5675066113471985
204,1775027516.1800785,13,person,0.5,1.0,0.8713071942329407,0.6806961297988892
205,1775027518.4045038,1,person,0.5,0.6,0.26619628071784973,0.4899294376373291
205,1775027518.4045038,2,person,0.5,1.0,0.15573197603225708,0.5733597874641418
205,1775027518.4045038,3,person,0.5,1.0,0.0473046749830246,0.5570957064628601
205,1775027518.4045038,6,person,0.5,0.6,0.2702520489692688,0.4905377924442291
205,1775027518.4045038,9,person,0.5,1.0,0.19761648774147034,0.5796424746513367
205,1775027518.4045038,14,person,0.5,0.6,0.2129301130771637,0.48193949460983276
205,1775027518.4045038,11,person,0.5,1.0,0.08096335828304291,0.5621445178985596
205,1775027518.4045038,12,person,0.5,1.0,0.15308362245559692,0.5729625821113586
205,1775027518.4045038,7,person,0.5,1.0,0.12415671348571777,0.5686235427856445
205,1775027518.4045038,13,person,0.6162701845169067,1.0,0.6196178197860718,0.7127047777175903
206,1775027520.6515965,1,person,0.5,0.6,0.3687226176261902,0.5053083896636963
206,1775027520.6515965,2,person,0.5,1.0,0.12618669867515564,0.5689280033111572
206,1775027520.6515965,3,person,0.5,1.0,0.0855691134929657,0.5628353953361511
206,1775027520.6515965,6,person,0.5,0.6,0.20209315419197083,0.4803139567375183
206,1775027520.6515965,9,person,0.5,1.0,0.19456401467323303,0.5791845917701721
206,1775027520.6515965,14,person,0.5,0.6,0.1641649752855301,0.47462472319602966
206,1775027520.6515965,11,person,0.5,1.0,0.14461766183376312,0.5716926455497742
206,1775027520.6515965,12,person,0.5,1.0,0.07667920738458633,0.5615019202232361
206,1775027520.6515965,7,person,0.5,1.0,0.2640300393104553,0.5896044969558716
206,1775027520.6515965,13,person,0.5,1.0,0.4445055425167084,0.616675853729248
207,1775027522.8337686,1,person,0.5,0.6,0.15110453963279724,0.4726656675338745
207,1775027522.8337686,2,person,0.5,1.0,0.15535147488117218,0.5733027458190918
207,1775027522.8337686,3,person,0.5,1.0,0.02722913958132267,0.5540843605995178
207,1775027522.8337686,6,person,0.5,0.6,0.07947394251823425,0.4619210660457611
207,1775027522.8337686,9,person,0.5,1.0,0.22423970699310303,0.5836359858512878
207,1775027522.8337686,14,person,0.5,0.6,0.1051037460565567,0.4657655358314514
207,1775027522.8337686,11,person,0.5,1.0,0.12139509618282318,0.5682092905044556
207,1775027522.8337686,12,person,0.5,1.0,0.05747367814183235,0.5586210489273071
207,1775027522.8337686,7,person,0.5,1.0,0.3295457065105438,0.5994318723678589
207,1775027522.8337686,13,person,0.5,1.0,0.2629983425140381,0.5894497632980347
208,1775027525.0697205,1,person,0.5,0.6,0.2940221428871155,0.4941033124923706
208,1775027525.0697205,2,person,0.5,1.0,0.15777908265590668,0.5736668705940247
208,1775027525.0697205,3,person,0.5,1.0,0.057989925146102905,0.5586984753608704
208,1775027525.0697205,6,person,0.5,0.6,0.1575392335653305,0.4736308753490448
208,1775027525.0697205,9,person,0.5,1.0,0.3206530213356018,0.5980979800224304
208,1775027525.0697205,14,person,0.5,0.6,0.12700363993644714,0.4690505266189575
208,1775027525.0697205,11,person,0.5,1.0,0.08708994090557098,0.5630635023117065
208,1775027525.0697205,12,person,0.5,1.0,0.10367085784673691,0.5655506253242493
208,1775027525.0697205,13,person,0.7108992338180542,1.0,0.2656707763671875,0.7163901329040527
208,1775027525.0697205,15,person,0.5,1.0,0.3316799998283386,0.5997520089149475
209,1775027527.256665,1,person,0.5,0.6,0.14436320960521698,0.47165447473526
209,1775027527.256665,2,person,0.5,1.0,0.18132194876670837,0.577198326587677
209,1775027527.256665,3,person,0.5,1.0,0.07976296544075012,0.5619644522666931
209,1775027527.256665,6,person,0.5,0.6,0.08271424472332001,0.46240711212158203
209,1775027527.256665,9,person,0.5,1.0,0.10840217024087906,0.5662603378295898
209,1775027527.256665,14,person,0.5,0.6,0.26621803641319275,0.48993268609046936
209,1775027527.256665,11,person,0.5,1.0,0.06517093628644943,0.5597756505012512
209,1775027527.256665,12,person,0.5,1.0,0.13703729212284088,0.5705556273460388
209,1775027527.256665,13,person,0.7179770469665527,1.0,0.29131823778152466,0.7244839668273926
209,1775027527.256665,15,person,0.5,1.0,0.08690101653337479,0.5630351901054382
209,1775027527.256665,7,person,0.5,1.0,0.2461785525083542,0.5869268178939819
210,1775027529.6493473,1,person,0.5,0.6,0.31087103486061096,0.49663063883781433
210,1775027529.6493473,2,person,0.5,1.0,0.26105421781539917,0.5891581773757935
210,1775027529.6493473,3,person,0.5,1.0,0.06601014733314514,0.5599015355110168
210,1775027529.6493473,6,person,0.5,0.6,0.17283400893211365,0.475925087928772
210,1775027529.6493473,9,person,0.5,1.0,0.14296738803386688,0.571445107460022
210,1775027529.6493473,14,person,0.5,0.6,0.28662580251693726,0.49299386143684387
210,1775027529.6493473,11,person,0.5,1.0,0.13831059634685516,0.5707466006278992
210,1775027529.6493473,12,person,0.5,1.0,0.06903006136417389,0.5603545308113098
211,1775027531.5393918,1,person,0.5,0.6,0.2028026580810547,0.48042038083076477
211,1775027531.5393918,2,person,0.5,1.0,0.22567696869373322,0.5838515758514404
211,1775027531.5393918,3,person,0.5,1.0,0.07154092192649841,0.5607311725616455
211,1775027531.5393918,6,person,0.5,0.6,0.18941554427146912,0.47841233015060425
211,1775027531.5393918,9,person,0.5,1.0,0.1296168714761734,0.5694425702095032
211,1775027531.5393918,14,person,0.5,0.6,0.19772158563137054,0.47965821623802185
211,1775027531.5393918,11,person,0.5,1.0,0.1556653380393982,0.5733498334884644
211,1775027531.5393918,12,person,0.5,1.0,0.12713712453842163,0.56907057762146
211,1775027531.5393918,15,person,0.5,1.0,0.3416255712509155,0.6012438535690308
211,1775027531.5393918,7,person,0.5,1.0,0.13942638039588928,0.5709139704704285
212,1775027533.7981095,1,person,0.5,0.6,0.2647295594215393,0.48970943689346313
212,1775027533.7981095,2,person,0.5,1.0,0.22134928405284882,0.5832024216651917
212,1775027533.7981095,3,person,0.5,1.0,0.04837070778012276,0.5572556257247925
212,1775027533.7981095,6,person,0.5,0.6,0.09295473247766495,0.4639431834220886
212,1775027533.7981095,9,person,0.5,0.6,0.33546239137649536,0.5003193616867065
212,1775027533.7981095,14,person,0.5,0.6,0.11127115786075592,0.46669065952301025
212,1775027533.7981095,11,person,0.5,1.0,0.1815291792154312,0.577229380607605
212,1775027533.7981095,12,person,0.5,1.0,0.0787234976887703,0.5618085265159607
212,1775027533.7981095,15,person,0.5,1.0,0.1540886014699936,0.5731133222579956
212,1775027533.7981095,7,person,0.5,1.0,0.09165666252374649,0.5637485384941101
213,1775027536.0586329,1,person,0.5,0.6,0.19839321076869965,0.47975897789001465
213,1775027536.0586329,2,person,0.5,1.0,0.1548050343990326,0.5732207894325256
213,1775027536.0586329,3,person,0.5,1.0,0.07190462201833725,0.560785710811615
213,1775027536.0586329,6,person,0.5,0.6,0.13152198493480682,0.4697282910346985
213,1775027536.0586329,9,person,0.5,1.0,0.3761753737926483,0.6064262986183167
213,1775027536.0586329,14,person,0.5,0.6,0.4351927638053894,0.5152789354324341
213,1775027536.0586329,11,person,0.5,1.0,0.06008647009730339,0.5590130090713501
213,1775027536.0586329,12,person,0.5,1.0,0.0664190873503685,0.5599628686904907
213,1775027536.0586329,15,person,0.5,1.0,0.13395564258098602,0.5700933337211609
213,1775027536.0586329,7,person,0.5,1.0,0.26860958337783813,0.590291440486908
214,1775027538.345734,1,person,0.5,0.6,0.3309323191642761,0.4996398389339447
214,1775027538.345734,2,person,0.5,1.0,0.13065029680728912,0.5695975422859192
214,1775027538.345734,3,person,0.5,1.0,0.12333472818136215,0.5685002207756042
214,1775027538.345734,6,person,0.5,0.6,0.0845821425318718,0.46268731355667114
214,1775027538.345734,9,person,0.5,1.0,0.5414161682128906,0.6312124729156494
214,1775027538.345734,14,person,0.5,0.6,0.37933653593063354,0.5069004893302917
214,1775027538.345734,11,person,0.5,1.0,0.1158478856086731,0.5673772096633911
214,1775027538.345734,12,person,0.5,1.0,0.051013875752687454,0.5576521158218384
214,1775027538.345734,15,person,0.5,1.0,0.12488679587841034,0.5687330365180969
214,1775027538.345734,7,person,0.5,1.0,0.12248621135950089,0.5683729648590088
215,1775027540.5437596,1,person,0.5,0.6,0.22825348377227783,0.48423802852630615
215,1775027540.5437596,2,person,0.5,1.0,0.17862510681152344,0.5767937898635864
215,1775027540.5437596,3,person,0.5,1.0,0.07672210037708282,0.561508297920227
215,1775027540.5437596,6,person,0.5,0.6,0.19571004807949066,0.4793564975261688
215,1775027540.5437596,9,person,0.5,1.0,0.13511942327022552,0.570267915725708
215,1775027540.5437596,14,person,0.5,0.6,0.5065995454788208,0.5259898900985718
215,1775027540.5437596,11,person,0.5,1.0,0.0708770602941513,0.5606315732002258
215,1775027540.5437596,12,person,0.5,1.0,0.06279672682285309,0.5594195127487183
215,1775027540.5437596,15,person,0.5,1.0,0.2141827791929245,0.5821274518966675
215,1775027540.5437596,7,person,0.5,1.0,0.13548113405704498,0.5703221559524536
215,1775027540.5437596,13,person,0.6440362930297852,1.0,0.6997705698013306,0.7413873672485352
216,1775027542.8971486,1,person,0.5,0.6,0.22555239498615265,0.48383283615112305
216,1775027542.8971486,2,person,0.5,1.0,0.21061496436595917,0.5815922617912292
216,1775027542.8971486,3,person,0.5,1.0,0.06401370465755463,0.5596020817756653
216,1775027542.8971486,6,person,0.5,0.6,0.1394403576850891,0.4709160327911377
216,1775027542.8971486,9,person,0.5,0.6,0.17958272993564606,0.4769374132156372
216,1775027542.8971486,14,person,0.5,0.6,0.544700026512146,0.5317050218582153
216,1775027542.8971486,11,person,0.5,1.0,0.16423507034778595,0.5746352672576904
216,1775027542.8971486,12,person,0.5,1.0,0.06548510491847992,0.5598227977752686
216,1775027542.8971486,15,person,0.5,1.0,0.10027031600475311,0.5650405883789062
216,1775027542.8971486,7,person,0.5,1.0,0.2378767728805542,0.5856815576553345
216,1775027542.8971486,13,person,0.5,1.0,0.35419243574142456,0.6031289100646973
217,1775027545.2168212,1,person,0.5,0.6,0.24638187885284424,0.48695728182792664
217,1775027545.2168212,2,person,0.5,1.0,0.08774178475141525,0.5631612539291382
217,1775027545.2168212,3,person,0.5,1.0,0.07976015657186508,0.5619640350341797
217,1775027545.2168212,6,person,0.5,0.6,0.2371898591518402,0.4855784773826599
217,1775027545.2168212,9,person,0.5,1.0,0.1472749412059784,0.572091281414032
217,1775027545.2168212,14,person,0.5,0.3,0.1445893943309784,0.39668840169906616
217,1775027545.2168212,11,person,0.5,1.0,0.052756763994693756,0.5579135417938232
217,1775027545.2168212,12,person,0.5,1.0,0.0884627252817154,0.5632694363594055
217,1775027545.2168212,15,person,0.5,1.0,0.09556954354047775,0.5643354654312134
217,1775027545.2168212,7,person,0.5,1.0,0.18564702570438385,0.5778470635414124
218,1775027547.460654,1,person,0.5,0.6,0.2673622965812683,0.4901043176651001
218,1775027547.460654,2,person,0.5,1.0,0.11534737050533295,0.5673021078109741
218,1775027547.460654,3,person,0.5,1.0,0.07887779176235199,0.5618316531181335
218,1775027547.460654,6,person,0.5,0.6,0.13107211887836456,0.46966081857681274
218,1775027547.460654,9,person,0.5,0.6,0.9130962491035461,0.5869644284248352
218,1775027547.460654,14,person,0.5,0.6,0.17922474443912506,0.4768837094306946
218,1775027547.460654,11,person,0.5,1.0,0.16962893307209015,0.5754443407058716
218,1775027547.460654,12,person,0.5,1.0,0.08461658656597137,0.5626925230026245
218,1775027547.460654,15,person,0.5,1.0,0.10576535761356354,0.5658648014068604
218,1775027547.460654,7,person,0.5,1.0,0.18032999336719513,0.5770494937896729
218,1775027547.460654,13,person,0.5,1.0,0.8626192212104797,0.67939293384552
219,1775027549.8558695,1,person,0.5,0.6,0.1910707652568817,0.47866061329841614
219,1775027549.8558695,2,person,0.5,1.0,0.2580183446407318,0.5887027382850647
219,1775027549.8558695,3,person,0.5,1.0,0.07110915333032608,0.5606663823127747
219,1775027549.8558695,6,person,0.5,0.6,0.11961676180362701,0.4679425060749054
219,1775027549.8558695,9,person,0.5,0.6,0.5211621522903442,0.5281742811203003
219,1775027549.8558695,14,person,0.5,0.6,0.2128939926624298,0.4819341003894806
219,1775027549.8558695,11,person,0.5,1.0,0.07132882624864578,0.5606993436813354
219,1775027549.8558695,12,person,0.5,1.0,0.1023579090833664,0.5653536915779114
219,1775027549.8558695,15,person,0.5,1.0,0.10903086513280869,0.5663546323776245
219,1775027549.8558695,7,person,0.5,1.0,0.11023664474487305,0.5665355324745178
220,1775027552.0854774,1,person,0.5,0.6,0.2329457700252533,0.48494184017181396
220,1775027552.0854774,2,person,0.5,1.0,0.1112101823091507,0.5666815638542175
220,1775027552.0854774,3,person,0.5,1.0,0.0643782988190651,0.5596567392349243
220,1775027552.0854774,6,person,0.5,0.6,0.19258323311805725,0.4788874685764313
220,1775027552.0854774,9,person,0.5,0.6,0.43488454818725586,0.5152326822280884
220,1775027552.0854774,14,person,0.5,0.6,0.14915193617343903,0.47237277030944824
220,1775027552.0854774,11,person,0.5,1.0,0.12000389397144318,0.5680006146430969
220,1775027552.0854774,12,person,0.5,1.0,0.14260272681713104,0.5713904500007629
220,1775027552.0854774,15,person,0.5,1.0,0.050706010311841965,0.5576059222221375
220,1775027552.0854774,7,person,0.5,1.0,0.12230143696069717,0.5683452486991882
221,1775027554.338206,1,person,0.5,0.6,0.17055855691432953,0.4755837619304657
221,1775027554.338206,2,person,0.5,1.0,0.1499229520559311,0.5724884271621704
221,1775027554.338206,3,person,0.5,1.0,0.0669773668050766,0.5600466132164001
221,1775027554.338206,6,person,0.5,0.6,0.06543505936861038,0.45981523394584656
221,1775027554.338206,9,person,0.5,0.6,0.11341937631368637,0.467012882232666
221,1775027554.338206,14,person,0.5,0.6,0.16950760781764984,0.4754261374473572
221,1775027554.338206,11,person,0.5,1.0,0.09518031030893326,0.5642770528793335
221,1775027554.338206,12,person,0.5,1.0,0.10405395179986954,0.5656080842018127
221,1775027554.338206,15,person,0.5,1.0,0.06692449748516083,0.560038685798645
221,1775027554.338206,7,person,0.5,1.0,0.08271989226341248,0.5624079704284668
221,1775027554.338206,13,person,0.5,1.0,1.0,0.7000000000000001
222,1775027557.1861868,1,person,0.5,0.6,0.282608300447464,0.4923912286758423
222,1775027557.1861868,2,person,0.5,1.0,0.15949243307113647,0.5739238858222961
222,1775027557.1861868,3,person,0.5,1.0,0.061285726726055145,0.5591928958892822
222,1775027557.1861868,6,person,0.5,0.6,0.0658579170703888,0.45987868309020996
222,1775027557.1861868,9,person,0.5,0.6,0.15590955317020416,0.47338640689849854
222,1775027557.1861868,14,person,0.5,0.6,0.11346060037612915,0.46701908111572266
222,1775027557.1861868,11,person,0.5,1.0,0.08340190351009369,0.5625103116035461
222,1775027557.1861868,12,person,0.5,1.0,0.13640961050987244,0.5704614520072937
222,1775027557.1861868,15,person,0.5,1.0,0.10015581548213959,0.5650233626365662
222,1775027557.1861868,7,person,0.5,1.0,0.21735939383506775,0.582603931427002
222,1775027557.1861868,13,person,0.5,1.0,0.3577013313770294,0.603655219078064
223,1775027559.7266042,1,person,0.5,0.6,0.32370835542678833,0.4985562562942505
223,1775027559.7266042,2,person,0.5,1.0,0.15625286102294922,0.5734379291534424
223,1775027559.7266042,3,person,0.5,1.0,0.05008518695831299,0.5575128197669983
223,1775027559.7266042,6,person,0.5,0.6,0.11392229795455933,0.46708834171295166
223,1775027559.7266042,9,person,0.5,0.6,0.11496470868587494,0.4672446846961975
223,1775027559.7266042,14,person,0.5,0.6,0.11257026344537735,0.4668855369091034
223,1775027559.7266042,11,person,0.5,1.0,0.11377628892660141,0.5670664310455322
223,1775027559.7266042,12,person,0.5,1.0,0.08606021851301193,0.5629090666770935
223,1775027559.7266042,15,person,0.5,1.0,0.0947948768734932,0.5642192363739014
223,1775027559.7266042,7,person,0.5,1.0,0.35591602325439453,0.6033874154090881
223,1775027559.7266042,13,person,0.5,1.0,0.2622929811477661,0.5893439650535583
224,1775027562.0459683,1,person,0.5,0.6,0.3491308391094208,0.5023696422576904
224,1775027562.0459683,2,person,0.5,1.0,0.20684638619422913,0.5810269713401794
224,1775027562.0459683,3,person,0.5,1.0,0.08241894841194153,0.5623628497123718
224,1775027562.0459683,6,person,0.5,0.6,0.33148249983787537,0.49972236156463623
224,1775027562.0459683,9,person,0.5,0.6,0.20492294430732727,0.48073843121528625
224,1775027562.0459683,14,person,0.5,0.6,0.14720208942890167,0.4720802903175354
224,1775027562.0459683,11,person,0.5,1.0,0.2495434582233429,0.5874315500259399
224,1775027562.0459683,12,person,0.5,1.0,0.10060324519872665,0.5650904774665833
224,1775027562.0459683,15,person,0.5,1.0,0.10970516502857208,0.5664557814598083
224,1775027562.0459683,7,person,0.5,1.0,0.13289371132850647,0.569934070110321
224,1775027562.0459683,13,person,0.5,1.0,0.2185397893190384,0.5827809572219849
225,1775027564.3282692,1,person,0.5,0.6,0.22025859355926514,0.4830387830734253
225,1775027564.3282692,2,person,0.5,1.0,0.3253282904624939,0.5987992286682129
225,1775027564.3282692,3,person,0.5,1.0,0.0589783601462841,0.5588467717170715
225,1775027564.3282692,6,person,0.5,0.6,0.0809030681848526,0.4621354341506958
225,1775027564.3282692,9,person,0.5,0.6,0.43971681594848633,0.5159575343132019
225,1775027564.3282692,14,person,0.5,0.6,0.36130958795547485,0.5041964054107666
225,1775027564.3282692,11,person,0.5,1.0,0.12238486856222153,0.5683577656745911
225,1775027564.3282692,12,person,0.5,1.0,0.05757690221071243,0.5586365461349487
225,1775027564.3282692,15,person,0.5,1.0,0.18990358710289001,0.5784855484962463
225,1775027564.3282692,7,person,0.5,1.0,0.14886973798274994,0.5723304748535156
225,1775027564.3282692,13,person,0.48706769943237305,1.0,0.8015424609184265,0.6624720096588135
226,1775027566.7400115,1,person,0.5,0.6,0.31189388036727905,0.4967840611934662
226,1775027566.7400115,2,person,0.5,1.0,0.10973133891820908,0.5664597153663635
226,1775027566.7400115,3,person,0.5,1.0,0.060752518475055695,0.5591129064559937
226,1775027566.7400115,6,person,0.5,0.6,0.1645815074443817,0.47468721866607666
226,1775027566.7400115,9,person,0.5,0.6,0.2233426570892334,0.4835013747215271
226,1775027566.7400115,14,person,0.5,0.6,0.6351149082183838,0.5452672243118286
226,1775027566.7400115,11,person,0.3741440773010254,1.0,0.08586905896663666,0.48736679553985596
226,1775027566.7400115,12,person,0.5,1.0,0.056528814136981964,0.5584793090820312
226,1775027566.7400115,15,person,0.5,1.0,0.11685538291931152,0.5675283074378967
226,1775027566.7400115,7,person,0.5,1.0,0.059108562767505646,0.5588663220405579
226,1775027566.7400115,13,person,0.47475171089172363,1.0,0.43504786491394043,0.6001082062721252
227,1775027569.223044,1,person,0.5,0.6,0.3071579933166504,0.4960736930370331
227,1775027569.223044,2,person,0.5,1.0,0.10327398777008057,0.5654911398887634
227,1775027569.223044,3,person,0.5,1.0,0.06624916940927505,0.5599373579025269
227,1775027569.223044,6,person,0.5,0.6,0.12091682851314545,0.4681375026702881
227,1775027569.223044,9,person,0.5,0.6,0.08569394052028656,0.4628540873527527
227,1775027569.223044,14,person,0.5,0.3,0.19510848820209503,0.40426626801490784
227,1775027569.223044,11,person,0.5,1.0,0.11206473410129547,0.5668097138404846
227,1775027569.223044,12,person,0.5,1.0,0.11800926923751831,0.5677013993263245
227,1775027569.223044,15,person,0.5,1.0,0.1903945505619049,0.5785592198371887
227,1775027569.223044,7,person,0.5,1.0,0.08009248971939087,0.5620138645172119
228,1775027571.417113,1,person,0.5,0.6,0.17134299874305725,0.4757014513015747
228,1775027571.417113,2,person,0.5,1.0,0.25301438570022583,0.587952196598053
228,1775027571.417113,3,person,0.5,1.0,0.06644825637340546,0.5599672794342041
228,1775027571.417113,6,person,0.5,0.6,0.179985910654068,0.47699788212776184
228,1775027571.417113,9,person,0.5,0.6,0.16517199575901031,0.4747757911682129
228,1775027571.417113,14,person,0.5,0.6,0.1874651461839676,0.47811976075172424
228,1775027571.417113,11,person,0.5,1.0,0.0847594141960144,0.5627139210700989
228,1775027571.417113,12,person,0.5,1.0,0.04269927367568016,0.5564048886299133
228,1775027571.417113,15,person,0.5,1.0,0.025269562378525734,0.5537904500961304
228,1775027571.417113,7,person,0.5,1.0,0.07238395512104034,0.5608575940132141
228,1775027571.417113,62,person,0.5,0.6,0.0,0.44999999999999996
229,1775027573.7711735,1,person,0.5,0.6,0.21780724823474884,0.4826710820198059
229,1775027573.7711735,2,person,0.5,1.0,0.10258091986179352,0.5653871297836304
229,1775027573.7711735,3,person,0.5,1.0,0.1144481748342514,0.5671672224998474
229,1775027573.7711735,6,person,0.5,0.6,0.07218741625547409,0.46082809567451477
229,1775027573.7711735,9,person,0.5,0.6,0.36179864406585693,0.5042697787284851
229,1775027573.7711735,14,person,0.5,0.6,0.1567661613225937,0.4735149145126343
229,1775027573.7711735,11,person,0.5,1.0,0.12358224391937256,0.5685373544692993
229,1775027573.7711735,12,person,0.5,1.0,0.11482091248035431,0.5672231316566467
229,1775027573.7711735,15,person,0.5,1.0,0.06871183961629868,0.5603067874908447
229,1775027573.7711735,7,person,0.5,1.0,0.08020222187042236,0.5620303750038147
230,1775027575.9629576,1,person,0.5,0.6,0.24065425992012024,0.48609814047813416
230,1775027575.9629576,2,person,0.5,1.0,0.055627405643463135,0.5583441257476807
230,1775027575.9629576,3,person,0.5,1.0,0.10128770023584366,0.5651931762695312
230,1775027575.9629576,6,person,0.5,0.6,0.16694898903369904,0.47504234313964844
230,1775027575.9629576,9,person,0.5,0.6,0.8928135633468628,0.5839220285415649
230,1775027575.9629576,14,person,0.5,0.6,0.20068974792957306,0.480103462934494
230,1775027575.9629576,11,person,0.5,1.0,0.07832209765911102,0.5617483258247375
230,1775027575.9629576,12,person,0.5,1.0,0.12093862146139145,0.5681408047676086
230,1775027575.9629576,15,person,0.5,1.0,0.08758996427059174,0.563138484954834
230,1775027575.9629576,7,person,0.5,1.0,0.07135047018527985,0.5607025623321533
231,1775027578.1831007,1,person,0.5,0.6,0.11781668663024902,0.4676724970340729
231,1775027578.1831007,2,person,0.5,1.0,0.18947698175907135,0.5784215331077576
231,1775027578.1831007,3,person,0.5,1.0,0.12466584146022797,0.5686998963356018
231,1775027578.1831007,6,person,0.5,0.6,0.14766579866409302,0.4721498489379883
231,1775027578.1831007,9,person,0.5,0.6,0.6058882474899292,0.5408832430839539
231,1775027578.1831007,14,person,0.5,0.3,0.14390301704406738,0.39658546447753906
231,1775027578.1831007,11,person,0.5,1.0,0.16675965487957,0.5750139355659485
231,1775027578.1831007,12,person,0.5,1.0,0.08602259308099747,0.5629034042358398
231,1775027578.1831007,15,person,0.5,1.0,0.10088221728801727,0.5651323199272156
231,1775027578.1831007,7,person,0.5,1.0,0.08720939606428146,0.5630814433097839
231,1775027578.1831007,62,person,0.5,0.6,0.2720186114311218,0.4908027648925781
232,1775027580.499214,1,person,0.5,0.6,0.17454220354557037,0.4761813282966614
232,1775027580.499214,2,person,0.5,1.0,0.13248838484287262,0.5698732733726501
232,1775027580.499214,3,person,0.5,1.0,0.1649952232837677,0.5747492909431458
232,1775027580.499214,6,person,0.5,0.6,0.17287293076515198,0.47593092918395996
232,1775027580.499214,9,person,0.5,0.6,0.10843402147293091,0.46626508235931396
232,1775027580.499214,14,person,0.5,0.6,0.39651602506637573,0.5094773769378662
232,1775027580.499214,11,person,0.5,1.0,0.10386799275875092,0.5655801892280579
232,1775027580.499214,12,person,0.5,1.0,0.18558676540851593,0.5778380036354065
232,1775027580.499214,15,person,0.5,1.0,0.055624134838581085,0.5583436489105225
232,1775027580.499214,7,person,0.5,1.0,0.21234972774982452,0.5818524956703186
233,1775027582.75855,1,person,0.5,0.6,0.24394440650939941,0.486591637134552
233,1775027582.75855,2,person,0.5,1.0,0.14678512513637543,0.5720177888870239
233,1775027582.75855,3,person,0.5,1.0,0.1997518390417099,0.5799627900123596
233,1775027582.75855,6,person,0.5,0.6,0.14369499683380127,0.4715542495250702
233,1775027582.75855,9,person,0.5,0.6,0.6534888744354248,0.5480233430862427
233,1775027582.75855,14,person,0.5,0.6,0.3453463315963745,0.5018019676208496
233,1775027582.75855,11,person,0.5,1.0,0.08595727384090424,0.5628936290740967
233,1775027582.75855,12,person,0.5,1.0,0.08226340264081955,0.5623395442962646
233,1775027582.75855,15,person,0.5,1.0,0.3566719889640808,0.6035008430480957
233,1775027582.75855,7,person,0.5,1.0,0.25038817524909973,0.5875582695007324
234,1775027584.9023783,1,person,0.5,0.6,0.14222988486289978,0.47133445739746094
234,1775027584.9023783,2,person,0.5,1.0,0.16565319895744324,0.5748479962348938
234,1775027584.9023783,3,person,0.5,1.0,0.21961042284965515,0.5829415917396545
234,1775027584.9023783,6,person,0.5,0.6,0.21217171847820282,0.48182573914527893
234,1775027584.9023783,9,person,0.5,1.0,0.7510887384414673,0.6626633405685425
234,1775027584.9023783,14,person,0.5,0.6,0.17076417803764343,0.47561460733413696
234,1775027584.9023783,11,person,0.5,1.0,0.10342560708522797,0.5655138492584229
234,1775027584.9023783,12,person,0.5,1.0,0.0418313667178154,0.5562747120857239
234,1775027584.9023783,15,person,0.5,1.0,0.15164992213249207,0.572747528553009
234,1775027584.9023783,7,person,0.5,1.0,0.19883212447166443,0.5798248052597046
235,1775027587.2050352,1,person,0.5,0.6,0.23003828525543213,0.4845057427883148
235,1775027587.2050352,2,person,0.5,1.0,0.11446471512317657,0.567169725894928
235,1775027587.2050352,3,person,0.5,1.0,0.2950352728366852,0.5942553281784058
235,1775027587.2050352,6,person,0.5,0.6,0.10620395839214325,0.4659305810928345
235,1775027587.2050352,9,person,0.5,0.6,0.5013211965560913,0.5251981616020203
235,1775027587.2050352,14,person,0.5,0.6,0.33752673864364624,0.5006290078163147
235,1775027587.2050352,11,person,0.5,1.0,0.09317082166671753,0.5639756321907043
235,1775027587.2050352,12,person,0.5,1.0,0.112038753926754,0.5668058395385742
235,1775027587.2050352,15,person,0.5,1.0,0.14184103906154633,0.5712761878967285
235,1775027587.2050352,7,person,0.5,1.0,0.16662530601024628,0.5749937891960144
235,1775027587.2050352,62,person,0.5,0.6,0.4171656668186188,0.5125748515129089
236,1775027589.5912445,1,person,0.5,0.6,0.1997447907924652,0.47996169328689575
236,1775027589.5912445,2,person,0.5,1.0,0.1112535372376442,0.566688060760498
236,1775027589.5912445,3,person,0.5,1.0,0.33522698283195496,0.6002840399742126
236,1775027589.5912445,6,person,0.5,0.6,0.06693572551012039,0.4600403606891632
236,1775027589.5912445,9,person,0.5,1.0,0.18333525955677032,0.5775002837181091
236,1775027589.5912445,14,person,0.5,0.3,0.23884232342243195,0.41082635521888733
236,1775027589.5912445,11,person,0.5,1.0,0.12503066658973694,0.5687546133995056
236,1775027589.5912445,12,person,0.5,1.0,0.14831805229187012,0.5722477436065674
236,1775027589.5912445,15,person,0.5,1.0,0.15806543827056885,0.5737098455429077
236,1775027589.5912445,7,person,0.5,1.0,0.14064350724220276,0.5710965394973755
236,1775027589.5912445,62,person,0.5,1.0,0.29652273654937744,0.5944784283638
236,1775027589.5912445,13,person,0.5693494081497192,1.0,1.0,0.7416096448898316
237,1775027592.215105,1,person,0.5,0.6,0.1584480106830597,0.4737671911716461
237,1775027592.215105,2,person,0.5,1.0,0.14055117964744568,0.5710827112197876
237,1775027592.215105,3,person,0.5,1.0,0.3829232156276703,0.6074385046958923
237,1775027592.215105,6,person,0.5,0.6,0.12291242927312851,0.4684368669986725
237,1775027592.215105,9,person,0.5,0.6,0.8849438428878784,0.5827415585517883
237,1775027592.215105,14,person,0.5,0.3,0.3164028525352478,0.4224604368209839
237,1775027592.215105,11,person,0.5,1.0,0.09926123917102814,0.5648891925811768
237,1775027592.215105,12,person,0.5,1.0,0.08748818933963776,0.5631232261657715
237,1775027592.215105,15,person,0.5,1.0,0.045733630657196045,0.5568600296974182
237,1775027592.215105,7,person,0.5,1.0,0.1546255648136139,0.5731938481330872
237,1775027592.215105,62,person,0.5,1.0,0.12665341794490814,0.5689980387687683
237,1775027592.215105,13,person,0.5187625885009766,1.0,0.30685004591941833,0.6072850227355957
238,1775027595.440515,1,person,0.5,0.6,0.24127145111560822,0.48619070649147034
238,1775027595.440515,2,person,0.5,1.0,0.16989801824092865,0.5754846930503845
238,1775027595.440515,3,person,0.5,1.0,0.3959125876426697,0.6093869209289551
238,1775027595.440515,6,person,0.5,0.6,0.13683009147644043,0.47052448987960815
238,1775027595.440515,9,person,0.5,1.0,0.3470461368560791,0.6020569205284119
238,1775027595.440515,14,person,0.5,0.6,0.07365070283412933,0.46104758977890015
238,1775027595.440515,11,person,0.5,1.0,0.13830973207950592,0.5707464814186096
238,1775027595.440515,12,person,0.5,1.0,0.5163083672523499,0.6274462938308716
238,1775027595.440515,15,person,0.5,1.0,0.12136580049991608,0.5682048797607422
238,1775027595.440515,7,person,0.5,1.0,0.09283255785703659,0.5639249086380005
238,1775027595.440515,62,person,0.5,1.0,0.1293954700231552,0.5694093108177185
239,1775027598.027158,1,person,0.5,0.6,0.17012900114059448,0.4755193293094635
239,1775027598.027158,2,person,0.5,1.0,0.1823526918888092,0.5773529410362244
239,1775027598.027158,3,person,0.5,1.0,0.4330369830131531,0.6149555444717407
239,1775027598.027158,6,person,0.5,0.6,0.18018636107444763,0.477027952671051
239,1775027598.027158,9,person,0.5,0.6,0.8152145147323608,0.5722821950912476
239,1775027598.027158,14,person,0.5,0.6,0.10919754207134247,0.4663796126842499
239,1775027598.027158,11,person,0.5,1.0,0.1251286268234253,0.5687693357467651
239,1775027598.027158,12,person,0.5,1.0,0.8006647825241089,0.6700997352600098
239,1775027598.027158,15,person,0.5,1.0,0.12242098152637482,0.5683631896972656
239,1775027598.027158,7,person,0.5,1.0,0.1537906676530838,0.5730686187744141
240,1775027600.3617275,1,person,0.5,0.6,0.16376067698001862,0.4745640754699707
240,1775027600.3617275,2,person,0.5,1.0,0.08115288615226746,0.5621729493141174
240,1775027600.3617275,3,person,0.5,1.0,0.3971553444862366,0.6095733046531677
240,1775027600.3617275,6,person,0.5,0.6,0.060816727578639984,0.45912250876426697
240,1775027600.3617275,9,person,0.5,0.6,0.5941128730773926,0.5391169190406799
240,1775027600.3617275,14,person,0.5,0.6,0.30288246273994446,0.4954323470592499
240,1775027600.3617275,11,person,0.5,1.0,0.16040123999118805,0.5740602016448975
240,1775027600.3617275,12,person,0.5,1.0,0.11134215444326401,0.566701352596283
240,1775027600.3617275,15,person,0.5,1.0,0.13656552135944366,0.5704848170280457
240,1775027600.3617275,7,person,0.5,1.0,0.08272495120763779,0.5624087452888489
240,1775027600.3617275,13,person,0.4994044303894043,1.0,0.7786895036697388,0.6664460897445679
241,1775027602.794611,1,person,0.5,0.6,0.21377745270729065,0.4820666015148163
241,1775027602.794611,2,person,0.5,1.0,0.06526867300271988,0.559790313243866
241,1775027602.794611,3,person,0.5,1.0,0.34987184405326843,0.6024807691574097
241,1775027602.794611,6,person,0.5,0.6,0.09246335923671722,0.46386948227882385
241,1775027602.794611,9,person,0.5,1.0,0.2573866546154022,0.5886080265045166
241,1775027602.794611,14,person,0.5,0.6,0.4360896944999695,0.5154134631156921
241,1775027602.794611,11,person,0.5,1.0,0.20300686359405518,0.5804510712623596
241,1775027602.794611,12,person,0.5,1.0,0.36704039573669434,0.6050560474395752
241,1775027602.794611,15,person,0.5,1.0,0.0892115980386734,0.5633817315101624
241,1775027602.794611,7,person,0.5,1.0,0.0673932209610939,0.56010901927948
241,1775027602.794611,13,person,0.5596082210540771,1.0,0.44752535223960876,0.6528937816619873
242,1775027605.6829815,1,person,0.5,0.6,0.17284122109413147,0.47592616081237793
242,1775027605.6829815,2,person,0.5,1.0,0.2678394913673401,0.5901759266853333
242,1775027605.6829815,3,person,0.5,1.0,0.2812716066837311,0.5921907424926758
242,1775027605.6829815,6,person,0.5,0.6,0.16830727458000183,0.4752460718154907
242,1775027605.6829815,9,person,0.5,0.6,0.1516822874546051,0.47275233268737793
242,1775027605.6829815,14,person,0.5,0.6,0.22200898826122284,0.4833013415336609
242,1775027605.6829815,11,person,0.5,1.0,0.09612734615802765,0.5644190907478333
242,1775027605.6829815,12,person,0.5,1.0,0.2163274586200714,0.5824491381645203
242,1775027605.6829815,7,person,0.5,1.0,0.07391180098056793,0.5610867738723755
242,1775027605.6829815,13,person,0.5555704832077026,1.0,0.2777659296989441,0.6250072121620178
243,1775027608.1866398,1,person,0.5,0.6,0.24304072558879852,0.48645609617233276
243,1775027608.1866398,2,person,0.5,1.0,0.13629557192325592,0.5704443454742432
243,1775027608.1866398,3,person,0.5,1.0,0.22734013199806213,0.5841010212898254
243,1775027608.1866398,6,person,0.5,0.6,0.07692539691925049,0.46153879165649414
243,1775027608.1866398,9,person,0.5,0.6,0.15418587625026703,0.4731278717517853
243,1775027608.1866398,14,person,0.5,0.3,0.21272054314613342,0.4069080948829651
243,1775027608.1866398,11,person,0.5,1.0,0.055168937891721725,0.5582753419876099
243,1775027608.1866398,12,person,0.5,1.0,0.10958611965179443,0.5664379596710205
243,1775027608.1866398,7,person,0.5,1.0,0.1673269122838974,0.5750990509986877
243,1775027608.1866398,13,person,0.5,1.0,0.6412121057510376,0.6461818218231201
244,1775027610.4751527,1,person,0.5,0.6,0.13042788207530975,0.46956416964530945
244,1775027610.4751527,2,person,0.5,1.0,0.11382120847702026,0.5670731663703918
244,1775027610.4751527,3,person,0.5,1.0,0.16199636459350586,0.5742994546890259
244,1775027610.4751527,6,person,0.5,0.6,0.05641382932662964,0.45846205949783325
244,1775027610.4751527,9,person,0.5,1.0,0.12139411270618439,0.5682091116905212
244,1775027610.4751527,14,person,0.5,0.6,0.3624178171157837,0.5043626427650452
244,1775027610.4751527,11,person,0.5,1.0,0.09218308329582214,0.5638274550437927
244,1775027610.4751527,12,person,0.5,1.0,0.08738606423139572,0.5631079077720642
244,1775027610.4751527,7,person,0.5,1.0,0.11419160664081573,0.5671287775039673
244,1775027610.4751527,13,person,0.5,1.0,0.6632513403892517,0.6494877338409424
244,1775027610.4751527,15,person,0.5,1.0,0.32098478078842163,0.5981477499008179
245,1775027613.006092,1,person,0.5,0.6,0.12663328647613525,0.46899497509002686
245,1775027613.006092,2,person,0.5,1.0,0.07798191905021667,0.5616973042488098
245,1775027613.006092,3,person,0.5,1.0,0.12404555082321167,0.5686068534851074
245,1775027613.006092,6,person,0.5,0.6,0.06549917906522751,0.4598248600959778
245,1775027613.006092,9,person,0.5,1.0,0.31839293241500854,0.597758948802948
245,1775027613.006092,14,person,0.5,0.6,0.5283517837524414,0.5292527675628662
245,1775027613.006092,11,person,0.5,1.0,0.08756735920906067,0.5631350874900818
245,1775027613.006092,12,person,0.5,1.0,0.10833152383565903,0.5662497282028198
245,1775027613.006092,7,person,0.5,1.0,0.07841993123292923,0.5617629885673523
245,1775027613.006092,13,person,0.5,1.0,0.349152535200119,0.6023728847503662
245,1775027613.006092,15,person,0.5,1.0,0.09076985716819763,0.5636155009269714
246,1775027615.9045866,1,person,0.5,0.6,0.18959081172943115,0.4784386157989502
246,1775027615.9045866,2,person,0.5,1.0,0.20563820004463196,0.5808457136154175
246,1775027615.9045866,3,person,0.5,1.0,0.08840680122375488,0.5632610321044922
246,1775027615.9045866,6,person,0.5,0.6,0.057784486562013626,0.45866766571998596
246,1775027615.9045866,9,person,0.5,1.0,0.1948428750038147,0.5792264342308044
246,1775027615.9045866,14,person,0.5,0.6,0.272570937871933,0.4908856153488159
246,1775027615.9045866,11,person,0.5,1.0,0.10511711984872818,0.5657675862312317
246,1775027615.9045866,12,person,0.5,1.0,0.06705611944198608,0.5600584149360657
246,1775027615.9045866,7,person,0.5,1.0,0.1722552478313446,0.5758383274078369
246,1775027615.9045866,15,person,0.5,1.0,0.09757789969444275,0.5646367073059082
247,1775027618.1954439,1,person,0.5,0.6,0.16690626740455627,0.4750359356403351
247,1775027618.1954439,2,person,0.5,1.0,0.13795343041419983,0.5706930160522461
247,1775027618.1954439,3,person,0.5,1.0,0.06006670743227005,0.5590100288391113
247,1775027618.1954439,6,person,0.5,0.6,0.0850754827260971,0.4627613127231598
247,1775027618.1954439,9,person,0.5,0.6,0.09285778552293777,0.4639286696910858
247,1775027618.1954439,14,person,0.5,0.6,0.475623220205307,0.521343469619751
247,1775027618.1954439,11,person,0.5,1.0,0.07569973170757294,0.5613549947738647
247,1775027618.1954439,12,person,0.5,1.0,0.1455436646938324,0.5718315839767456
247,1775027618.1954439,7,person,0.5,1.0,0.10055111348628998,0.5650826692581177
247,1775027618.1954439,15,person,0.5,1.0,0.07772950828075409,0.5616594552993774
248,1775027620.4570806,1,person,0.5,0.6,0.09137408435344696,0.4637061059474945
248,1775027620.4570806,2,person,0.5,1.0,0.12980379164218903,0.5694705843925476
248,1775027620.4570806,3,person,0.5,1.0,0.07232467830181122,0.5608487129211426
248,1775027620.4570806,6,person,0.5,0.6,0.07493138313293457,0.46123969554901123
248,1775027620.4570806,9,person,0.5,1.0,0.11203956604003906,0.5668059587478638
248,1775027620.4570806,14,person,0.5,0.6,0.20526628196239471,0.4807899296283722
248,1775027620.4570806,11,person,0.5,1.0,0.18235982954502106,0.5773540139198303
248,1775027620.4570806,12,person,0.5,1.0,0.058726806193590164,0.5588090419769287
248,1775027620.4570806,7,person,0.5,1.0,0.1851089596748352,0.5777663588523865
248,1775027620.4570806,15,person,0.5,1.0,0.16913339495658875,0.5753700137138367
249,1775027622.7228467,1,person,0.5,0.6,0.1323019564151764,0.4698452949523926
249,1775027622.7228467,2,person,0.5,1.0,0.10865487903356552,0.566298246383667
249,1775027622.7228467,3,person,0.5,1.0,0.062135957181453705,0.5593203902244568
249,1775027622.7228467,6,person,0.5,0.6,0.08894991874694824,0.46334248781204224
249,1775027622.7228467,9,person,0.5,1.0,0.10614097118377686,0.5659211874008179
249,1775027622.7228467,14,person,0.5,0.6,0.11525078862905502,0.4672876000404358
249,1775027622.7228467,11,person,0.5,1.0,0.14122118055820465,0.5711832046508789
249,1775027622.7228467,12,person,0.5,1.0,0.10307556390762329,0.5654613375663757
249,1775027622.7228467,7,person,0.5,1.0,0.09656276553869247,0.5644844174385071
249,1775027622.7228467,15,person,0.5,1.0,0.12114882469177246,0.5681723356246948
250,1775027625.1672733,1,person,0.5,0.6,0.06262822449207306,0.4593942165374756
250,1775027625.1672733,2,person,0.5,1.0,0.10520923137664795,0.5657814145088196
250,1775027625.1672733,3,person,0.5,1.0,0.07892541587352753,0.5618388056755066
250,1775027625.1672733,6,person,0.5,0.6,0.14425168931484222,0.4716377556324005
250,1775027625.1672733,9,person,0.5,1.0,0.13740485906600952,0.570610761642456
250,1775027625.1672733,14,person,0.5,0.6,0.1790269911289215,0.47685402631759644
250,1775027625.1672733,11,person,0.5,1.0,0.06061220169067383,0.5590918660163879
250,1775027625.1672733,12,person,0.5,1.0,0.11533915996551514,0.5673009157180786
250,1775027625.1672733,7,person,0.5,1.0,0.12579001486301422,0.5688685178756714
250,1775027625.1672733,15,person,0.5,1.0,0.15566854178905487,0.5733503103256226
250,1775027625.1672733,13,person,0.5,1.0,0.4573836326599121,0.6186075806617737
251,1775027627.7472742,1,person,0.5,0.6,0.11678443104028702,0.4675176441669464
251,1775027627.7472742,2,person,0.5,1.0,0.08791691809892654,0.5631875395774841
251,1775027627.7472742,3,person,0.5,1.0,0.07361695915460587,0.5610425472259521
251,1775027627.7472742,6,person,0.5,0.6,0.06177178770303726,0.4592657685279846
251,1775027627.7472742,9,person,0.5,1.0,0.12783671915531158,0.5691755414009094
251,1775027627.7472742,14,person,0.5,0.6,0.1350822001695633,0.4702623188495636
251,1775027627.7472742,11,person,0.5,1.0,0.06116418167948723,0.559174656867981
251,1775027627.7472742,12,person,0.5,1.0,0.09777314960956573,0.5646659731864929
251,1775027627.7472742,7,person,0.5,1.0,0.05401698499917984,0.558102548122406
251,1775027627.7472742,15,person,0.5,1.0,0.12681682407855988,0.569022536277771
252,1775027630.3768659,1,person,0.5,0.6,0.13500617444515228,0.4702509045600891
252,1775027630.3768659,2,person,0.5,1.0,0.09028685837984085,0.5635430216789246
252,1775027630.3768659,3,person,0.5,1.0,0.0940808430314064,0.56411212682724
252,1775027630.3768659,6,person,0.5,0.6,0.05576413869857788,0.4583646059036255
252,1775027630.3768659,9,person,0.5,1.0,0.19343338906764984,0.5790150165557861
252,1775027630.3768659,14,person,0.5,0.6,0.05193284898996353,0.45778992772102356
252,1775027630.3768659,11,person,0.5,1.0,0.05641741678118706,0.5584626197814941
252,1775027630.3768659,12,person,0.5,1.0,0.07335423678159714,0.5610031485557556
252,1775027630.3768659,7,person,0.5,1.0,0.046293724328279495,0.5569440722465515
252,1775027630.3768659,15,person,0.5,1.0,0.11333850771188736,0.5670008063316345
252,1775027630.3768659,13,person,0.5,1.0,0.24476496875286102,0.5867147445678711
253,1775027633.959555,1,person,0.5,0.6,0.12936200201511383,0.46940428018569946
253,1775027633.959555,2,person,0.5,1.0,0.09867873787879944,0.564801812171936
253,1775027633.959555,3,person,0.5,1.0,0.12144249677658081,0.5682163834571838
253,1775027633.959555,6,person,0.5,0.6,0.0774921104311943,0.46162381768226624
253,1775027633.959555,9,person,0.5,1.0,0.18074828386306763,0.5771122574806213
253,1775027633.959555,14,person,0.5,0.6,0.38982853293418884,0.5084742903709412
253,1775027633.959555,11,person,0.5,1.0,0.1307717263698578,0.5696157813072205
253,1775027633.959555,12,person,0.5,1.0,0.13447260856628418,0.5701708793640137
253,1775027633.959555,7,person,0.5,1.0,0.09718846529722214,0.5645782947540283
253,1775027633.959555,15,person,0.5,1.0,0.09786444157361984,0.5646796822547913
254,1775027637.8719466,1,person,0.5,0.6,0.07365937530994415,0.4610489010810852
254,1775027637.8719466,2,person,0.5,1.0,0.22762155532836914,0.5841432213783264
254,1775027637.8719466,3,person,0.5,1.0,0.13201890885829926,0.5698028206825256
254,1775027637.8719466,6,person,0.5,0.6,0.12216520309448242,0.46832478046417236
254,1775027637.8719466,9,person,0.5,1.0,0.09930618107318878,0.5648959279060364
254,1775027637.8719466,14,person,0.5,0.6,0.3761537969112396,0.5064230561256409
254,1775027637.8719466,11,person,0.5,1.0,0.08157950639724731,0.5622369647026062
254,1775027637.8719466,12,person,0.5,1.0,0.09970472753047943,0.5649557113647461
254,1775027637.8719466,7,person,0.5,1.0,0.18670940399169922,0.5780064463615417
254,1775027637.8719466,15,person,0.5,1.0,0.11840339750051498,0.5677605271339417
255,1775027641.128829,1,person,0.5,0.6,0.06073269993066788,0.459109902381897
255,1775027641.128829,2,person,0.5,1.0,0.12652313709259033,0.568978488445282
255,1775027641.128829,3,person,0.5,1.0,0.12074799835681915,0.5681121945381165
255,1775027641.128829,6,person,0.5,0.6,0.09722897410392761,0.4645843207836151
255,1775027641.128829,9,person,0.5,1.0,0.17872320115566254,0.576808512210846
255,1775027641.128829,14,person,0.5,0.6,0.2960541248321533,0.49440810084342957
255,1775027641.128829,11,person,0.5,1.0,0.060719091445207596,0.5591078996658325
255,1775027641.128829,12,person,0.5,1.0,0.07937853783369064,0.5619068145751953
255,1775027641.128829,15,person,0.5,1.0,0.055151958018541336,0.5582727789878845
256,1775027644.2614706,1,person,0.5,0.6,0.07713504135608673,0.46157023310661316
256,1775027644.2614706,2,person,0.5,1.0,0.1311105191707611,0.5696665644645691
256,1775027644.2614706,3,person,0.5,1.0,0.1789141148328781,0.5768371224403381
256,1775027644.2614706,6,person,0.5,0.6,0.14398238062858582,0.4715973436832428
256,1775027644.2614706,9,person,0.5,1.0,0.276346355676651,0.5914519429206848
256,1775027644.2614706,14,person,0.5,0.6,0.5342131853103638,0.5301319360733032
256,1775027644.2614706,11,person,0.5,1.0,0.06233701854944229,0.5593505501747131
256,1775027644.2614706,12,person,0.5,1.0,0.13732366263866425,0.5705985426902771
256,1775027644.2614706,15,person,0.5,1.0,0.06353503465652466,0.5595302581787109
256,1775027644.2614706,7,person,0.5,1.0,0.15081769227981567,0.5726226568222046
257,1775027646.7361577,1,person,0.5,0.6,0.04090088605880737,0.4561351239681244
257,1775027646.7361577,2,person,0.5,1.0,0.12517960369586945,0.5687769651412964
257,1775027646.7361577,3,person,0.5,1.0,0.1816379427909851,0.5772457122802734
257,1775027646.7361577,6,person,0.5,0.6,0.09681494534015656,0.46452224254608154
257,1775027646.7361577,9,person,0.5,1.0,0.1890181005001068,0.5783527493476868
257,1775027646.7361577,14,person,0.5,0.6,0.2555389702320099,0.4883308410644531
257,1775027646.7361577,11,person,0.5,1.0,0.05425018072128296,0.5581375360488892
257,1775027646.7361577,12,person,0.5,1.0,0.11865999549627304,0.5677990317344666
257,1775027646.7361577,15,person,0.5,1.0,0.11371692270040512,0.5670575499534607
257,1775027646.7361577,7,person,0.5,1.0,0.08818769454956055,0.563228189945221
257,1775027646.7361577,13,person,0.5,1.0,0.2731408476829529,0.5909711122512817
258,1775027649.0362368,1,person,0.5,0.6,0.08200178295373917,0.46230024099349976
258,1775027649.0362368,2,person,0.5,1.0,0.19900090992450714,0.5798501372337341
258,1775027649.0362368,3,person,0.5,1.0,0.2589913010597229,0.5888487100601196
258,1775027649.0362368,6,person,0.5,0.6,0.08838845789432526,0.4632582664489746
258,1775027649.0362368,9,person,0.5,1.0,0.24840018153190613,0.5872600674629211
258,1775027649.0362368,14,person,0.5,0.3,0.15941809117794037,0.3989127278327942
258,1775027649.0362368,11,person,0.5,1.0,0.07026109844446182,0.560539186000824
258,1775027649.0362368,12,person,0.5,1.0,0.14105302095413208,0.5711579918861389
258,1775027649.0362368,15,person,0.5,1.0,0.05921398848295212,0.5588821172714233
258,1775027649.0362368,7,person,0.5,1.0,0.11444664001464844,0.5671669840812683
258,1775027649.0362368,13,person,0.5,1.0,0.1255730837583542,0.568835973739624
259,1775027651.3480995,1,person,0.5,0.6,0.10241030156612396,0.4653615355491638
259,1775027651.3480995,2,person,0.5,1.0,0.1010216623544693,0.5651532411575317
259,1775027651.3480995,3,person,0.5,1.0,0.2789609730243683,0.5918441414833069
259,1775027651.3480995,6,person,0.5,0.6,0.171927347779274,0.4757890999317169
259,1775027651.3480995,9,person,0.5,1.0,0.6762465238571167,0.651436984539032
259,1775027651.3480995,14,person,0.5,0.6,0.14712050557136536,0.47206807136535645
259,1775027651.3480995,11,person,0.5,1.0,0.08091244101524353,0.5621368885040283
259,1775027651.3480995,12,person,0.5,1.0,0.42718368768692017,0.6140775680541992
259,1775027651.3480995,7,person,0.5,1.0,0.09939203411340714,0.5649088025093079
260,1775027653.3050413,1,person,0.5,0.6,0.06985022127628326,0.4604775309562683
260,1775027653.3050413,2,person,0.5,1.0,0.05723755434155464,0.5585856437683105
260,1775027653.3050413,3,person,0.5,1.0,0.38307294249534607,0.6074609756469727
260,1775027653.3050413,6,person,0.5,0.6,0.043509773910045624,0.4565264582633972
260,1775027653.3050413,9,person,0.5,1.0,0.6521221995353699,0.6478183269500732
260,1775027653.3050413,14,person,0.5,0.6,0.18565288186073303,0.4778479337692261
260,1775027653.3050413,11,person,0.5,1.0,0.06576048582792282,0.5598641037940979
260,1775027653.3050413,12,person,0.5,1.0,0.30703574419021606,0.5960553884506226
260,1775027653.3050413,7,person,0.5,1.0,0.12676593661308289,0.5690149068832397
260,1775027653.3050413,13,person,0.4719633460044861,1.0,0.2219417542219162,0.5664693117141724
261,1775027655.4042158,1,person,0.5,0.6,0.1316702514886856,0.4697505235671997
261,1775027655.4042158,2,person,0.5,1.0,0.14000767469406128,0.5710011720657349
261,1775027655.4042158,3,person,0.5,1.0,0.4545937478542328,0.6181890964508057
261,1775027655.4042158,6,person,0.5,0.6,0.15032005310058594,0.4725480079650879
261,1775027655.4042158,9,person,0.5,1.0,0.3044740855693817,0.5956711173057556
261,1775027655.4042158,14,person,0.5,0.6,0.0978756994009018,0.46468135714530945
261,1775027655.4042158,11,person,0.5,1.0,0.10618414729833603,0.5659276247024536
261,1775027655.4042158,12,person,0.5,1.0,0.24151797592639923,0.5862277150154114
261,1775027655.4042158,7,person,0.5,1.0,0.0887049213051796,0.5633057355880737
261,1775027655.4042158,13,person,0.5,1.0,0.09213323891162872,0.5638200044631958
261,1775027655.4042158,15,person,0.5,1.0,0.24573847651481628,0.5868607759475708
262,1775027657.627543,1,person,0.5,0.6,0.12435803562402725,0.46865367889404297
262,1775027657.627543,2,person,0.5,1.0,0.08600781857967377,0.5629011988639832
262,1775027657.627543,3,person,0.5,1.0,0.46679696440696716,0.6200195550918579
262,1775027657.627543,6,person,0.5,0.6,0.08231201022863388,0.46234679222106934
262,1775027657.627543,9,person,0.5,1.0,0.18988490104675293,0.5784827470779419
262,1775027657.627543,14,person,0.5,0.6,0.21256199479103088,0.48188430070877075
262,1775027657.627543,11,person,0.5,1.0,0.04894805699586868,0.5573422312736511
262,1775027657.627543,12,person,0.5,1.0,0.4524739384651184,0.617871105670929
262,1775027657.627543,13,person,0.5,1.0,0.33720213174819946,0.6005803346633911
262,1775027657.627543,15,person,0.5,1.0,0.05072607845067978,0.5576089024543762
263,1775027659.7793581,1,person,0.5,0.6,0.16542589664459229,0.47481387853622437
263,1775027659.7793581,2,person,0.5,1.0,0.10498777776956558,0.5657481551170349
263,1775027659.7793581,3,person,0.5,1.0,0.5092984437942505,0.6263947486877441
263,1775027659.7793581,6,person,0.5,1.0,0.14025844633579254,0.5710387825965881
263,1775027659.7793581,9,person,0.5,1.0,0.28986242413520813,0.5934793949127197
263,1775027659.7793581,14,person,0.5,0.6,0.3772733807563782,0.5065910220146179
263,1775027659.7793581,11,person,0.5,1.0,0.05944434925913811,0.5589166879653931
263,1775027659.7793581,12,person,0.5,1.0,0.3601306974887848,0.6040196418762207
263,1775027659.7793581,13,person,0.5,1.0,0.23005592823028564,0.5845084190368652
263,1775027659.7793581,15,person,0.5,1.0,0.10262174904346466,0.5653932690620422
263,1775027659.7793581,7,person,0.5,1.0,0.12608519196510315,0.5689128041267395
264,1775027662.348875,1,person,0.5,0.6,0.14992409944534302,0.4724886119365692
264,1775027662.348875,2,person,0.5,1.0,0.13450390100479126,0.5701755881309509
264,1775027662.348875,3,person,0.5,1.0,0.393044650554657,0.6089566946029663
264,1775027662.348875,6,person,0.5,1.0,0.08882410824298859,0.5633236169815063
264,1775027662.348875,9,person,0.5,1.0,0.2007627785205841,0.5801144242286682
264,1775027662.348875,14,person,0.5,0.6,0.3131808042526245,0.4969771206378937
264,1775027662.348875,11,person,0.5,1.0,0.1008039116859436,0.5651205778121948
264,1775027662.348875,12,person,0.5,1.0,0.23344877362251282,0.5850173234939575
264,1775027662.348875,13,person,0.5,0.6,0.30831074714660645,0.4962466061115265
264,1775027662.348875,15,person,0.5,1.0,0.09824754297733307,0.5647371411323547
264,1775027662.348875,7,person,0.5,1.0,0.10353167355060577,0.5655297636985779
265,1775027664.6190774,1,person,0.5,0.6,0.13469341397285461,0.4702039957046509
265,1775027664.6190774,2,person,0.5,1.0,0.17257091403007507,0.5758856534957886
265,1775027664.6190774,3,person,0.5,1.0,0.529740571975708,0.6294611096382141
265,1775027664.6190774,6,person,0.5,0.6,0.1225372776389122,0.46838057041168213
265,1775027664.6190774,9,person,0.5,1.0,0.4525756239891052,0.6178863644599915
265,1775027664.6190774,14,person,0.5,0.6,0.31102120876312256,0.49665316939353943
265,1775027664.6190774,11,person,0.5,1.0,0.045345477759838104,0.5568018555641174
265,1775027664.6190774,12,person,0.5,1.0,0.16506998240947723,0.5747604966163635
265,1775027664.6190774,13,person,0.5,1.0,0.27157092094421387,0.590735673904419
265,1775027664.6190774,15,person,0.5,1.0,0.11971701681613922,0.5679575800895691
265,1775027664.6190774,7,person,0.5,1.0,0.07198063284158707,0.5607970952987671
266,1775027666.8123882,1,person,0.5,0.6,0.160504549741745,0.47407567501068115
266,1775027666.8123882,2,person,0.5,1.0,0.12512081861495972,0.5687681436538696
266,1775027666.8123882,3,person,0.5,1.0,0.4684882164001465,0.620273232460022
266,1775027666.8123882,6,person,0.5,0.6,0.08128609508275986,0.4621928930282593
266,1775027666.8123882,9,person,0.5,1.0,0.27098122239112854,0.5906472206115723
266,1775027666.8123882,14,person,0.5,0.6,0.17800070345401764,0.476700097322464
266,1775027666.8123882,11,person,0.5,1.0,0.06527365744113922,0.559791088104248
266,1775027666.8123882,12,person,0.5,1.0,0.0684547871351242,0.560268223285675
266,1775027666.8123882,13,person,0.5,1.0,0.13279594480991364,0.5699194073677063
266,1775027666.8123882,15,person,0.27159005403518677,1.0,0.05886869877576828,0.42178434133529663
266,1775027666.8123882,7,person,0.5,1.0,0.1396508365869522,0.5709476470947266
267,1775027669.0282485,1,person,0.5,0.6,0.21789416670799255,0.48268410563468933
267,1775027669.0282485,2,person,0.5,1.0,0.1301354020833969,0.5695202946662903
267,1775027669.0282485,3,person,0.5,1.0,0.3629347085952759,0.6044402122497559
267,1775027669.0282485,6,person,0.5,0.6,0.1581677794456482,0.47372516989707947
267,1775027669.0282485,9,person,0.5,1.0,0.32372480630874634,0.5985587239265442
267,1775027669.0282485,14,person,0.5,0.6,0.29668495059013367,0.4945027232170105
267,1775027669.0282485,11,person,0.5,1.0,0.07461409270763397,0.5611921548843384
267,1775027669.0282485,12,person,0.5,1.0,0.11780770123004913,0.5676711797714233
267,1775027669.0282485,13,person,0.5,1.0,0.1310374140739441,0.5696555972099304
267,1775027669.0282485,15,person,0.28273338079452515,1.0,0.05188985913991928,0.42742350697517395
267,1775027669.0282485,7,person,0.5,1.0,0.11405352503061295,0.5671080350875854
268,1775027671.263403,1,person,0.5,0.6,0.09072892367839813,0.46360933780670166
268,1775027671.263403,2,person,0.5,1.0,0.07364599406719208,0.5610468983650208
268,1775027671.263403,3,person,0.8047659397125244,1.0,0.2683885991573334,0.7731178402900696
268,1775027671.263403,6,person,0.5,0.6,0.046606551855802536,0.45699095726013184
268,1775027671.263403,9,person,0.5,1.0,0.30061230063438416,0.5950918793678284
268,1775027671.263403,14,person,0.5,0.6,0.14364783465862274,0.4715471565723419
268,1775027671.263403,11,person,0.5,1.0,0.09520827233791351,0.5642812252044678
268,1775027671.263403,12,person,0.5,1.0,0.11804517358541489,0.5677067637443542
268,1775027671.263403,13,person,0.5,1.0,0.25243645906448364,0.5878654718399048
268,1775027671.263403,15,person,0.5,1.0,0.042758453637361526,0.5564137697219849
268,1775027671.263403,7,person,0.5,1.0,0.06729121506214142,0.5600937008857727
269,1775027673.5155416,1,person,0.5,0.6,0.07925580441951752,0.4618883728981018
269,1775027673.5155416,2,person,0.5,1.0,0.05974798649549484,0.5589622259140015
269,1775027673.5155416,3,person,0.8448705077171326,1.0,0.2151976376771927,0.7892019748687744
269,1775027673.5155416,6,person,0.5,0.6,0.10391762107610703,0.46558764576911926
269,1775027673.5155416,9,person,0.5,1.0,0.14480307698249817,0.5717204809188843
269,1775027673.5155416,14,person,0.5,0.6,0.17787964642047882,0.4766819477081299
269,1775027673.5155416,11,person,0.5,1.0,0.06482560187578201,0.5597238540649414
269,1775027673.5155416,12,person,0.5,1.0,0.08640509843826294,0.5629608035087585
269,1775027673.5155416,13,person,0.5,1.0,0.17723850905895233,0.5765857696533203
269,1775027673.5155416,15,person,0.5,1.0,0.0856875330209732,0.5628531575202942
269,1775027673.5155416,7,person,0.5,1.0,0.14109104871749878,0.5711636543273926
270,1775027675.735573,1,person,0.5,0.6,0.054374050348997116,0.45815610885620117
270,1775027675.735573,2,person,0.5,1.0,0.1513545662164688,0.5727031826972961
270,1775027675.735573,3,person,0.8387607336044312,1.0,0.14514586329460144,0.7750283479690552
270,1775027675.735573,6,person,0.5,0.6,0.050820380449295044,0.45762303471565247
270,1775027675.735573,9,person,0.5,1.0,0.5015181303024292,0.6252277493476868
270,1775027675.735573,14,person,0.5,0.3,0.18779399991035461,0.40316909551620483
270,1775027675.735573,11,person,0.5,1.0,0.024699432775378227,0.5537049174308777
270,1775027675.735573,12,person,0.5,1.0,0.052510570734739304,0.5578765869140625
270,1775027675.735573,15,person,0.2805463671684265,1.0,0.06764820963144302,0.4284750521183014
270,1775027675.735573,7,person,0.5,1.0,0.11975804716348648,0.567963719367981
271,1775027677.8214283,1,person,0.5,0.6,0.15782499313354492,0.4736737310886383
271,1775027677.8214283,2,person,0.5,1.0,0.08772344887256622,0.5631585121154785
271,1775027677.8214283,3,person,0.8536538481712341,1.0,0.12757298350334167,0.7813282608985901
271,1775027677.8214283,6,person,0.5,0.6,0.08911310136318207,0.46336695551872253
271,1775027677.8214283,9,person,0.5,1.0,0.24912989139556885,0.5873695015907288
271,1775027677.8214283,14,person,0.5,0.6,0.31750738620758057,0.49762609601020813
271,1775027677.8214283,11,person,0.5,1.0,0.07992829382419586,0.5619892477989197
271,1775027677.8214283,12,person,0.5,1.0,0.09840184450149536,0.5647602677345276
271,1775027677.8214283,15,person,0.299369215965271,1.0,0.07587621361017227,0.4410029649734497
271,1775027677.8214283,7,person,0.5,1.0,0.059056125581264496,0.5588584542274475
272,1775027679.8981524,1,person,0.5,0.6,0.08082721382379532,0.4621240794658661
272,1775027679.8981524,2,person,0.5,1.0,0.09255135804414749,0.5638827085494995
272,1775027679.8981524,3,person,0.8315321803092957,1.0,0.11761555820703506,0.7665616273880005
272,1775027679.8981524,6,person,0.5,0.6,0.09571792930364609,0.4643576741218567
272,1775027679.8981524,9,person,0.5,1.0,0.3556966483592987,0.6033545136451721
272,1775027679.8981524,14,person,0.5,0.3,0.22980567812919617,0.4094708561897278
272,1775027679.8981524,11,person,0.5,1.0,0.08844594657421112,0.563266932964325
272,1775027679.8981524,12,person,0.5,1.0,0.028195176273584366,0.5542292594909668
272,1775027679.8981524,15,person,0.3011534810066223,1.0,0.04540363699197769,0.4375026226043701
272,1775027679.8981524,7,person,0.5,1.0,0.10279568284749985,0.5654193758964539
272,1775027679.8981524,13,person,0.47844386100769043,1.0,0.3218840956687927,0.5853489637374878
273,1775027682.1253724,1,person,0.5,0.6,0.1260090172290802,0.4689013361930847
273,1775027682.1253724,2,person,0.5,1.0,0.08745555579662323,0.5631183385848999
273,1775027682.1253724,3,person,0.8299264907836914,1.0,0.34867554903030396,0.8002572655677795
273,1775027682.1253724,6,person,0.5,0.6,0.07515904307365417,0.46127384901046753
273,1775027682.1253724,9,person,0.5,1.0,0.8689478635787964,0.6803421974182129
273,1775027682.1253724,14,person,0.5,0.6,0.14519914984703064,0.47177985310554504
273,1775027682.1253724,11,person,0.5,1.0,0.06744662672281265,0.5601170063018799
273,1775027682.1253724,12,person,0.5,1.0,0.12426767498254776,0.5686401724815369
273,1775027682.1253724,15,person,0.2756681442260742,1.0,0.15072131156921387,0.4380090832710266
273,1775027682.1253724,7,person,0.5,1.0,0.1633017659187317,0.574495255947113
273,1775027682.1253724,13,person,0.4995366930961609,1.0,0.29940831661224365,0.5946332812309265
274,1775027684.4802074,1,person,0.5,0.6,0.18102210760116577,0.47715330123901367
274,1775027684.4802074,2,person,0.5,1.0,0.09199588745832443,0.5637993812561035
274,1775027684.4802074,3,person,0.8295775651931763,1.0,0.18515077233314514,0.7755191326141357
274,1775027684.4802074,6,person,0.5,1.0,0.10479780286550522,0.5657196640968323
274,1775027684.4802074,9,person,0.5,1.0,0.45797672867774963,0.6186965107917786
274,1775027684.4802074,14,person,0.5,0.3,0.2041911780834198,0.40562868118286133
274,1775027684.4802074,11,person,0.5,1.0,0.13259556889533997,0.5698893666267395
274,1775027684.4802074,12,person,0.5,1.0,0.12385032325983047,0.5685775876045227
274,1775027684.4802074,15,person,0.5,1.0,0.06836433708667755,0.560254693031311
274,1775027684.4802074,7,person,0.5,1.0,0.17292189598083496,0.5759382843971252
275,1775027686.5772343,1,person,0.5,0.6,0.12102405726909637,0.46815359592437744
275,1775027686.5772343,2,person,0.5,1.0,0.05414990708231926,0.5581225156784058
275,1775027686.5772343,3,person,0.8133262395858765,1.0,0.1013130396604538,0.7531927227973938
275,1775027686.5772343,6,person,0.5,0.6,0.2207297384738922,0.4831094443798065
275,1775027686.5772343,9,person,0.5,1.0,0.41090378165245056,0.6116355657577515
275,1775027686.5772343,14,person,0.5,0.6,0.5350298881530762,0.5302544832229614
275,1775027686.5772343,11,person,0.5,1.0,0.07074732333421707,0.5606120824813843
275,1775027686.5772343,12,person,0.5,1.0,0.17779076099395752,0.5766686201095581
275,1775027686.5772343,15,person,0.5,1.0,0.09443460404872894,0.5641651749610901
275,1775027686.5772343,7,person,0.5,1.0,0.28401216864585876,0.5926018357276917
275,1775027686.5772343,13,person,0.5,1.0,0.3451076149940491,0.6017661690711975
276,1775027688.8137736,1,person,0.5,0.6,0.22170034050941467,0.4832550287246704
276,1775027688.8137736,2,person,0.5,1.0,0.06953571736812592,0.5604303479194641
276,1775027688.8137736,3,person,0.8245675563812256,1.0,0.43702101707458496,0.8102936744689941
276,1775027688.8137736,6,person,0.5,0.6,0.07035155594348907,0.46055272221565247
276,1775027688.8137736,9,person,0.5,1.0,0.19963636994361877,0.57994544506073
276,1775027688.8137736,14,person,0.5,0.6,0.22300294041633606,0.48345044255256653
276,1775027688.8137736,11,person,0.5,1.0,0.04122047871351242,0.5561830997467041
276,1775027688.8137736,12,person,0.5,1.0,0.10532063245773315,0.5657981038093567
276,1775027688.8137736,15,person,0.5,1.0,0.07634604722261429,0.5614519119262695
276,1775027688.8137736,7,person,0.5,1.0,0.18864202499389648,0.5782963037490845
276,1775027688.8137736,13,person,0.5,1.0,0.31367138028144836,0.5970507264137268
277,1775027691.0182776,1,person,0.5,0.6,0.07284576445817947,0.4609268605709076
277,1775027691.0182776,2,person,0.5,1.0,0.11179709434509277,0.5667695999145508
277,1775027691.0182776,3,person,0.8176032900810242,1.0,0.43629759550094604,0.8060066103935242
277,1775027691.0182776,6,person,0.5,0.6,0.05892528221011162,0.4588387906551361
277,1775027691.0182776,9,person,0.5,0.5,0.4594811499118805,0.4939221739768982
277,1775027691.0182776,14,person,0.5,0.6,0.1791740506887436,0.4768761098384857
277,1775027691.0182776,11,person,0.5,1.0,0.030057791620492935,0.5545086860656738
277,1775027691.0182776,12,person,0.5,1.0,0.06636334210634232,0.5599545240402222
277,1775027691.0182776,7,person,0.5,1.0,0.11693122237920761,0.5675396919250488
277,1775027691.0182776,13,person,0.5746406316757202,1.0,0.23791177570819855,0.6304711699485779
278,1775027693.2760816,1,person,0.5,0.6,0.15125636756420135,0.4726884365081787
278,1775027693.2760816,2,person,0.5,1.0,0.1612083613872528,0.5741812586784363
278,1775027693.2760816,3,person,0.7596651911735535,1.0,0.3855898380279541,0.7636376023292542
278,1775027693.2760816,6,person,0.5,0.6,0.15274962782859802,0.47291243076324463
278,1775027693.2760816,9,person,0.5,0.5,0.4240735173225403,0.48861104249954224
278,1775027693.2760816,14,person,0.5,0.6,0.18252338469028473,0.4773784875869751
278,1775027693.2760816,11,person,0.5,1.0,0.13660117983818054,0.5704901814460754
278,1775027693.2760816,12,person,0.5,1.0,0.08334755897521973,0.5625021457672119
278,1775027693.2760816,7,person,0.5,1.0,0.15263691544532776,0.5728955268859863
278,1775027693.2760816,13,person,0.6665714979171753,1.0,0.19104570150375366,0.6785997152328491
278,1775027693.2760816,15,person,0.2548256516456604,1.0,0.11224842071533203,0.4197326600551605
279,1775027695.6848187,1,person,0.5,0.6,0.17635402083396912,0.47645309567451477
279,1775027695.6848187,2,person,0.5,1.0,0.10309573262929916,0.5654643774032593
279,1775027695.6848187,3,person,0.5,1.0,0.3086054027080536,0.5962908267974854
279,1775027695.6848187,6,person,0.5,0.6,0.16273300349712372,0.47440993785858154
279,1775027695.6848187,9,person,0.5,0.5,0.9814184308052063,0.572212815284729
279,1775027695.6848187,14,person,0.5,0.6,0.21942372620105743,0.4829135537147522
279,1775027695.6848187,11,person,0.5,1.0,0.08941278606653214,0.5634119510650635
279,1775027695.6848187,12,person,0.5,1.0,0.0829729437828064,0.5624459385871887
279,1775027695.6848187,7,person,0.5,1.0,0.3120521605014801,0.5968078374862671
279,1775027695.6848187,13,person,0.6581141948699951,1.0,0.27832159399986267,0.6866167187690735
280,1775027697.9236534,1,person,0.5,0.6,0.11609842628240585,0.4674147665500641
280,1775027697.9236534,2,person,0.5,1.0,0.21586911380290985,0.5823803544044495
280,1775027697.9236534,3,person,0.7116975784301758,1.0,0.18803837895393372,0.7052242755889893
280,1775027697.9236534,6,person,0.5,0.6,0.11820020526647568,0.46773001551628113
280,1775027697.9236534,9,person,0.5,0.5,0.7335193753242493,0.5350279211997986
280,1775027697.9236534,14,person,0.5,0.6,0.9041180610656738,0.58561772108078
280,1775027697.9236534,11,person,0.4302564859390259,1.0,0.07490800321102142,0.5193901062011719
280,1775027697.9236534,12,person,0.5,1.0,0.10738444328308105,0.5661076903343201
280,1775027697.9236534,7,person,0.5,1.0,0.13057947158813477,0.5695869326591492
280,1775027697.9236534,13,person,0.5,1.0,0.23182913661003113,0.584774374961853
281,1775027700.0514536,1,person,0.5,0.6,0.16243824362754822,0.4743657112121582
281,1775027700.0514536,2,person,0.5,1.0,0.15199637413024902,0.5727994441986084
281,1775027700.0514536,3,person,0.5,1.0,0.17791642248630524,0.5766874551773071
281,1775027700.0514536,6,person,0.5,0.6,0.20538318157196045,0.48080745339393616
281,1775027700.0514536,9,person,0.5,0.5,0.5964980125427246,0.5144747495651245
281,1775027700.0514536,14,person,0.5,0.6,0.34424450993537903,0.5016366839408875
281,1775027700.0514536,11,person,0.5,1.0,0.23047944903373718,0.5845719575881958
281,1775027700.0514536,12,person,0.5,1.0,0.10490936040878296,0.5657364130020142
281,1775027700.0514536,7,person,0.5,1.0,0.1324482262134552,0.5698672533035278
281,1775027700.0514536,13,person,0.5244237184524536,1.0,0.2191450595855713,0.5975260138511658
282,1775027702.2250865,1,person,0.5,0.6,0.24182820320129395,0.48627421259880066
282,1775027702.2250865,2,person,0.5,1.0,0.24608036875724792,0.5869120955467224
282,1775027702.2250865,3,person,0.5,1.0,0.1468026489019394,0.572020411491394
282,1775027702.2250865,6,person,0.5,0.6,0.19131389260292053,0.4786970615386963
282,1775027702.2250865,9,person,0.5,0.5,1.0,0.575
282,1775027702.2250865,14,person,0.5,0.6,0.6491864919662476,0.5473779439926147
282,1775027702.2250865,11,person,0.5,1.0,0.147312730550766,0.5720969438552856
282,1775027702.2250865,12,person,0.5,1.0,0.11162382364273071,0.5667436122894287
282,1775027702.2250865,7,person,0.5,1.0,0.19219230115413666,0.5788288712501526
282,1775027702.2250865,13,person,0.5,1.0,0.2380339354276657,0.5857051014900208
283,1775027704.6523662,1,person,0.5,0.6,0.1419057697057724,0.4712858498096466
283,1775027704.6523662,2,person,0.5,1.0,0.07963839918375015,0.5619457960128784
283,1775027704.6523662,3,person,0.5,1.0,0.15100295841693878,0.5726504325866699
283,1775027704.6523662,6,person,0.5,0.6,0.09236806631088257,0.46385520696640015
283,1775027704.6523662,9,person,0.5,0.5,0.6628277897834778,0.5244241952896118
283,1775027704.6523662,14,person,0.5,0.6,0.27589738368988037,0.4913845956325531
283,1775027704.6523662,11,person,0.39393943548202515,1.0,0.057664863765239716,0.49501338601112366
283,1775027704.6523662,12,person,0.5,1.0,0.12064570188522339,0.5680968761444092
283,1775027704.6523662,7,person,0.5,1.0,0.3194798231124878,0.5979219675064087
283,1775027704.6523662,13,person,0.5,1.0,0.19712723791599274,0.5795691013336182
284,1775027707.1417513,1,person,0.5,0.6,0.17383089661598206,0.4760746359825134
284,1775027707.1417513,2,person,0.5,1.0,0.20047569274902344,0.5800713896751404
284,1775027707.1417513,3,person,0.5,1.0,0.19404786825180054,0.5791071653366089
284,1775027707.1417513,6,person,0.5,0.6,0.0539129376411438,0.45808693766593933
284,1775027707.1417513,9,person,0.5,0.5,0.4440029561519623,0.4916004538536072
284,1775027707.1417513,14,person,0.5,0.3,0.36974772810935974,0.43046215176582336
284,1775027707.1417513,11,person,0.5,1.0,0.2013392448425293,0.5802009105682373
284,1775027707.1417513,12,person,0.5,1.0,0.09481464326381683,0.5642222166061401
284,1775027707.1417513,7,person,0.5,1.0,0.19615550339221954,0.5794233083724976
284,1775027707.1417513,15,person,0.24932140111923218,1.0,0.27737778425216675,0.44119951128959656
285,1775027709.5176132,1,person,0.5,0.6,0.15884184837341309,0.47382625937461853
285,1775027709.5176132,2,person,0.5,1.0,0.22970087826251984,0.584455132484436
285,1775027709.5176132,3,person,0.7586721181869507,1.0,0.16391989588737488,0.7297912836074829
285,1775027709.5176132,6,person,0.5,0.6,0.16132424771785736,0.4741986393928528
285,1775027709.5176132,9,person,0.5,0.5,0.7863572835922241,0.542953610420227
285,1775027709.5176132,14,person,0.5,0.6,0.45800167322158813,0.5187002420425415
285,1775027709.5176132,11,person,0.5,1.0,0.12944211065769196,0.569416344165802
285,1775027709.5176132,12,person,0.5,1.0,0.1131245493888855,0.5669686794281006
285,1775027709.5176132,7,person,0.5,1.0,0.175912007689476,0.5763868093490601
285,1775027709.5176132,13,person,0.5049880146980286,1.0,0.700996458530426,0.6581422686576843
286,1775027711.66926,1,person,0.5,0.6,0.1613095998764038,0.4741964340209961
286,1775027711.66926,2,person,0.5,1.0,0.1678679883480072,0.5751802325248718
286,1775027711.66926,3,person,0.7860009670257568,1.0,0.1804499477148056,0.7486680746078491
286,1775027711.66926,6,person,0.5,0.6,0.15867166221141815,0.47380074858665466
286,1775027711.66926,9,person,0.5,0.5,0.6265430450439453,0.5189814567565918
286,1775027711.66926,14,person,0.5,0.6,0.3577730357646942,0.5036659240722656
286,1775027711.66926,11,person,0.5,1.0,0.15056470036506653,0.5725847482681274
286,1775027711.66926,12,person,0.5,1.0,0.07112889736890793,0.5606693625450134
286,1775027711.66926,7,person,0.5,1.0,0.1678527295589447,0.5751779079437256
286,1775027711.66926,13,person,0.5746277570724487,1.0,0.245647594332695,0.6316237449645996
287,1775027713.7855978,1,person,0.5,0.6,0.24368253350257874,0.486552357673645
287,1775027713.7855978,2,person,0.5,1.0,0.2701397240161896,0.590520977973938
287,1775027713.7855978,3,person,0.7923909425735474,1.0,0.23820433020591736,0.761165201663971
287,1775027713.7855978,6,person,0.5,0.6,0.14399251341819763,0.47159886360168457
287,1775027713.7855978,9,person,0.5,0.5,0.46207165718078613,0.49431076645851135
287,1775027713.7855978,14,person,0.5,0.6,0.14516736567020416,0.471775084733963
287,1775027713.7855978,11,person,0.5,1.0,0.16234956681728363,0.5743524432182312
287,1775027713.7855978,12,person,0.5,1.0,0.09686362743377686,0.564529538154602
287,1775027713.7855978,7,person,0.5,1.0,0.2560308575630188,0.588404655456543
287,1775027713.7855978,13,person,0.4950219988822937,1.0,0.40440407395362854,0.6076738238334656
288,1775027715.9591062,1,person,0.5,0.6,0.22145970165729523,0.4832189381122589
288,1775027715.9591062,2,person,0.5,1.0,0.20476563274860382,0.5807148814201355
288,1775027715.9591062,3,person,0.7706270813941956,1.0,0.39489877223968506,0.7716110348701477
288,1775027715.9591062,6,person,0.5,1.0,0.16848763823509216,0.5752731561660767
288,1775027715.9591062,9,person,0.5,0.5,0.8679662942886353,0.5551949739456177
288,1775027715.9591062,14,person,0.5,0.6,0.1354481428861618,0.47031721472740173
288,1775027715.9591062,11,person,0.5,1.0,0.22990958392620087,0.5844864249229431
288,1775027715.9591062,12,person,0.5,1.0,0.07406587898731232,0.5611099004745483
288,1775027715.9591062,7,person,0.5,1.0,0.19935594499111176,0.5799034237861633
288,1775027715.9591062,13,person,0.5,1.0,0.2612554430961609,0.5891883373260498
289,1775027718.1474643,1,person,0.5,0.6,0.2373044192790985,0.4855956435203552
289,1775027718.1474643,2,person,0.5,1.0,0.20927977561950684,0.5813919901847839
289,1775027718.1474643,3,person,0.8073002099990845,1.0,0.2416706085205078,0.7706307172775269
289,1775027718.1474643,6,person,0.5,1.0,0.08314579725265503,0.562471866607666
289,1775027718.1474643,9,person,0.8270928263664246,1.0,0.8520776033401489,0.8740673065185547
289,1775027718.1474643,14,person,0.5,0.6,0.2802175283432007,0.49203261733055115
289,1775027718.1474643,11,person,0.5,1.0,0.13721680641174316,0.5705825090408325
289,1775027718.1474643,12,person,0.5,1.0,0.1023489236831665,0.5653523802757263
289,1775027718.1474643,7,person,0.5,1.0,0.1394042670726776,0.570910632610321
289,1775027718.1474643,13,person,0.5,1.0,0.3331960141658783,0.5999794006347656
290,1775027720.2769895,1,person,0.5,0.6,0.19452784955501556,0.47917917370796204
290,1775027720.2769895,2,person,0.5,1.0,0.13985377550125122,0.5709781050682068
290,1775027720.2769895,3,person,0.7931710481643677,1.0,0.18129250407218933,0.7530965209007263
290,1775027720.2769895,6,person,0.5,0.6,0.25795549154281616,0.4886932969093323
290,1775027720.2769895,9,person,0.5,0.5,0.5115886926651001,0.5017383098602295
290,1775027720.2769895,14,person,0.5,0.3,0.4894542098045349,0.44841814041137695
290,1775027720.2769895,11,person,0.5,1.0,0.19398906826972961,0.5790983438491821
290,1775027720.2769895,12,person,0.5,1.0,0.08995742350816727,0.5634936094284058
290,1775027720.2769895,13,person,0.5,1.0,0.3506767749786377,0.6026015281677246
290,1775027720.2769895,15,person,0.5,1.0,0.37704452872276306,0.6065567135810852
291,1775027722.3274775,1,person,0.5,0.6,0.20745189487934113,0.48111778497695923
291,1775027722.3274775,2,person,0.5,1.0,0.13940992951393127,0.5709115266799927
291,1775027722.3274775,3,person,0.7767819166183472,1.0,0.3239358365535736,0.7646595239639282
291,1775027722.3274775,6,person,0.5,0.6,0.07665950804948807,0.4614989161491394
291,1775027722.3274775,9,person,0.8683820962905884,1.0,0.572747528553009,0.8569413423538208
291,1775027722.3274775,14,person,0.5,0.3,0.12741926312446594,0.39411288499832153
291,1775027722.3274775,11,person,0.5,1.0,0.25850605964660645,0.5887759327888489
291,1775027722.3274775,12,person,0.5,1.0,0.0796709805727005,0.56195068359375
291,1775027722.3274775,13,person,0.5,1.0,0.3297152519226074,0.599457323551178
291,1775027722.3274775,69,person,0.5,0.6,0.0,0.44999999999999996
291,1775027722.3274775,7,person,0.5,1.0,0.38589438796043396,0.6078841686248779
292,1775027724.5454633,1,person,0.5,0.6,0.08516419678926468,0.4627746045589447
292,1775027724.5454633,2,person,0.5,1.0,0.21807143092155457,0.5827107429504395
292,1775027724.5454633,3,person,0.773044228553772,1.0,0.2625204622745514,0.7532045841217041
292,1775027724.5454633,6,person,0.5,0.6,0.13679957389831543,0.47051993012428284
292,1775027724.5454633,9,person,0.8498678207397461,1.0,0.7099031209945679,0.8664062023162842
292,1775027724.5454633,14,person,0.5,0.6,0.11526431888341904,0.46728962659835815
292,1775027724.5454633,11,person,0.5,1.0,0.4467923045158386,0.6170188784599304
292,1775027724.5454633,12,person,0.5,1.0,0.10845918953418732,0.5662689208984375
292,1775027724.5454633,13,person,0.5,1.0,0.5298155546188354,0.6294723749160767
292,1775027724.5454633,7,person,0.5,1.0,0.23997502028942108,0.5859962701797485
293,1775027726.7942894,1,person,0.5,0.6,0.20481126010417938,0.48072168231010437
293,1775027726.7942894,2,person,0.5,1.0,0.2461787462234497,0.5869268178939819
293,1775027726.7942894,3,person,0.7727527022361755,1.0,0.20495212078094482,0.7443944215774536
293,1775027726.7942894,6,person,0.5,0.6,0.19459950923919678,0.4791899025440216
293,1775027726.7942894,9,person,0.8495746850967407,1.0,0.7238150835037231,0.8683170676231384
293,1775027726.7942894,14,person,0.5,0.6,0.43443259596824646,0.515164852142334
293,1775027726.7942894,11,person,0.5,1.0,0.12538307905197144,0.5688074827194214
293,1775027726.7942894,12,person,0.5,1.0,0.09536301344633102,0.5643044710159302
293,1775027726.7942894,13,person,0.5,1.0,0.22709226608276367,0.5840638279914856
293,1775027726.7942894,7,person,0.5,1.0,0.17797526717185974,0.5766962766647339
293,1775027726.7942894,69,person,0.5,1.0,0.49008768796920776,0.6235131621360779
294,1775027729.1095235,1,person,0.5,0.6,0.141513392329216,0.4712269902229309
294,1775027729.1095235,2,person,0.5,1.0,0.1809224635362625,0.577138364315033
294,1775027729.1095235,3,person,0.7931373119354248,1.0,0.16940361261367798,0.7512929439544678
294,1775027729.1095235,6,person,0.5,0.6,0.215754896402359,0.482363224029541
294,1775027729.1095235,9,person,0.8286964893341064,1.0,0.43786144256591797,0.8128970861434937
294,1775027729.1095235,14,person,0.5,0.6,0.1493961364030838,0.4724093973636627
294,1775027729.1095235,11,person,0.5,1.0,0.09905117005109787,0.5648576617240906
294,1775027729.1095235,12,person,0.5,1.0,0.11645139753818512,0.5674677491188049
294,1775027729.1095235,13,person,0.5,1.0,0.31582874059677124,0.5973743200302124
294,1775027729.1095235,7,person,0.5,1.0,0.120231032371521,0.5680346488952637
295,1775027731.1779723,1,person,0.5,0.6,0.15392272174358368,0.4730883836746216
295,1775027731.1779723,2,person,0.5,1.0,0.24399550259113312,0.5865993499755859
295,1775027731.1779723,3,person,0.8240139484405518,1.0,0.18653365969657898,0.7723883986473083
295,1775027731.1779723,6,person,0.5,0.6,0.04938472434878349,0.457407683134079
295,1775027731.1779723,9,person,0.8250716924667358,1.0,1.0,0.8950430154800415
295,1775027731.1779723,14,person,0.5,0.6,0.09770064055919647,0.4646550714969635
295,1775027731.1779723,11,person,0.5,1.0,0.16415826976299286,0.5746237635612488
295,1775027731.1779723,12,person,0.5,1.0,0.059279393404722214,0.5588918924331665
295,1775027731.1779723,13,person,0.5,1.0,0.32941964268684387,0.5994129776954651
295,1775027731.1779723,7,person,0.5,1.0,0.10556695610284805,0.5658350586891174
296,1775027733.3140259,1,person,0.5,0.6,0.20986294746398926,0.4814794361591339
296,1775027733.3140259,2,person,0.5,1.0,0.28215986490249634,0.5923240184783936
296,1775027733.3140259,3,person,0.8563129901885986,1.0,0.3214540183544159,0.8120059370994568
296,1775027733.3140259,6,person,0.5,0.6,0.13938793540000916,0.47090816497802734
296,1775027733.3140259,9,person,0.8575142621994019,1.0,0.45718979835510254,0.8330870270729065
296,1775027733.3140259,14,person,0.5,0.6,0.921042263507843,0.5881563425064087
296,1775027733.3140259,11,person,0.5,1.0,0.2121877372264862,0.5818281769752502
296,1775027733.3140259,12,person,0.5,1.0,0.1292000114917755,0.5693800449371338
296,1775027733.3140259,13,person,0.5,1.0,0.25094351172447205,0.5876415371894836
296,1775027733.3140259,7,person,0.5,1.0,0.19440527260303497,0.5791608095169067
297,1775027735.3989458,1,person,0.5,0.6,0.26607197523117065,0.4899107813835144
297,1775027735.3989458,2,person,0.5,1.0,0.2749095559120178,0.5912364721298218
297,1775027735.3989458,3,person,0.8673731088638306,1.0,0.22751951217651367,0.8045518398284912
297,1775027735.3989458,6,person,0.5,0.6,0.08981981873512268,0.46347296237945557
297,1775027735.3989458,9,person,0.8174759149551392,1.0,0.3540668785572052,0.793595552444458
297,1775027735.3989458,14,person,0.5,0.6,0.2766578793525696,0.4914986789226532
297,1775027735.3989458,11,person,0.5,1.0,0.1059562936425209,0.5658934712409973
297,1775027735.3989458,12,person,0.5,1.0,0.07661231607198715,0.561491847038269
297,1775027735.3989458,13,person,0.5,1.0,0.13468068838119507,0.570202112197876
297,1775027735.3989458,7,person,0.5,1.0,0.2234005182981491,0.5835101008415222
298,1775027737.49125,1,person,0.5,0.6,0.22137503325939178,0.48320624232292175
298,1775027737.49125,2,person,0.5,1.0,0.2317351996898651,0.584760308265686
298,1775027737.49125,3,person,0.8605045080184937,1.0,0.14865335822105408,0.7886006832122803
298,1775027737.49125,6,person,0.5,0.6,0.05771405249834061,0.45865708589553833
298,1775027737.49125,9,person,0.5,1.0,0.2472037374973297,0.5870805978775024
298,1775027737.49125,14,person,0.5,0.6,0.48007550835609436,0.5220113396644592
298,1775027737.49125,11,person,0.5,1.0,0.20312313735485077,0.580468475818634
298,1775027737.49125,12,person,0.5,1.0,0.10713785886764526,0.5660706758499146
298,1775027737.49125,13,person,0.5,1.0,0.11747519671916962,0.5676212906837463
298,1775027737.49125,7,person,0.5,1.0,0.19472505152225494,0.5792087912559509
298,1775027737.49125,69,person,0.5,1.0,1.0,0.7000000000000001
299,1775027739.6960845,1,person,0.5,0.6,0.2101762294769287,0.4815264344215393
299,1775027739.6960845,2,person,0.5,1.0,0.20483803749084473,0.5807257294654846
299,1775027739.6960845,3,person,0.8405347466468811,1.0,0.14043019711971283,0.7753853797912598
299,1775027739.6960845,6,person,0.5,1.0,0.1787034124135971,0.5768055319786072
299,1775027739.6960845,9,person,0.8045517206192017,1.0,0.20052707195281982,0.7628101110458374
299,1775027739.6960845,14,person,0.5,0.6,0.38172656297683716,0.507258951663971
299,1775027739.6960845,11,person,0.5,1.0,0.09378726035356522,0.564068078994751
299,1775027739.6960845,12,person,0.5,1.0,0.23032799363136292,0.5845491886138916
299,1775027739.6960845,7,person,0.5,1.0,0.21092495322227478,0.581638753414154
299,1775027739.6960845,69,person,0.5,0.6,0.49503788352012634,0.5242556929588318
300,1775027741.8889537,1,person,0.5,0.6,0.15713383257389069,0.4735700488090515
300,1775027741.8889537,2,person,0.5,1.0,0.8533316850662231,0.67799973487854
300,1775027741.8889537,3,person,0.8385807275772095,1.0,0.21988077461719513,0.7861305475234985
300,1775027741.8889537,6,person,0.5,1.0,0.07271142303943634,0.560906708240509
300,1775027741.8889537,9,person,0.8259037733078003,1.0,0.24688294529914856,0.7825747132301331
300,1775027741.8889537,14,person,0.5,1.0,0.10748614370822906,0.5661229491233826
300,1775027741.8889537,11,person,0.5,1.0,0.26177963614463806,0.5892669558525085
300,1775027741.8889537,12,person,0.5,1.0,0.11612334102392197,0.5674185156822205
300,1775027741.8889537,7,person,0.5,1.0,0.2842246890068054,0.5926337242126465
300,1775027741.8889537,69,person,0.5,1.0,0.4570653438568115,0.6185598373413086
300,1775027741.8889537,13,person,0.5,1.0,0.7243907451629639,0.6586586236953735
