frame,timestamp,local_track_id,global_student_id,reid_confidence,class_name,gaze_score,posture_score,motion_score,head_down,writing_posture,activity,engagement_score
1,1776751227.4219415,1,20,1.0,person,0.55,1.0,0.0,False,False,,0.7749999999999999
1,1776751227.4219415,2,2,1.0,person,0.85,1.0,0.0,True,True,WRITING,1.0
1,1776751227.4219415,3,3,1.0,person,0.85,1.0,0.0,True,True,WRITING,1.0
1,1776751227.4219415,5,4,1.0,person,0.9862341741028988,1.0,0.0,True,True,WRITING,1.0
1,1776751227.4219415,7,5,1.0,person,0.55,1.0,0.0,False,False,,0.7749999999999999
1,1776751227.4219415,9,1,1.0,person,0.85,1.0,0.0,True,True,WRITING,1.0
1,1776751227.4219415,10,7,1.0,person,0.85,1.0,0.0,True,True,WRITING,1.0
1,1776751227.4219415,13,8,1.0,person,0.85,0.85,0.0,True,True,WRITING,0.985
3,1776751231.044604,1,20,1.0,person,0.55,1.0,0.08140729367733,False,False,,0.7424370646476746
3,1776751231.044604,2,2,1.0,person,0.85,1.0,0.237113282084465,True,True,WRITING,0.9881443381309508
3,1776751231.044604,3,3,1.0,person,0.85,1.0,0.2091420143842697,True,True,WRITING,0.9895429015159608
3,1776751231.044604,5,4,1.0,person,0.962616311982018,1.0,0.2460362464189529,True,True,WRITING,0.9876981973648072
3,1776751231.044604,7,5,1.0,person,0.55,1.0,0.0928414463996887,False,False,,0.7378634214401245
3,1776751231.044604,9,1,1.0,person,0.85,1.0,1.0,True,True,WRITING,0.95
3,1776751231.044604,10,7,1.0,person,0.85,1.0,1.0,True,True,WRITING,0.95
3,1776751231.044604,13,8,1.0,person,0.85,0.85,0.1565044373273849,True,True,WRITING,0.9771747589111328
5,1776751233.712947,1,20,1.0,person,0.55,1.0,0.2273500710725784,False,False,,0.723727900452084
5,1776751233.712947,2,2,1.0,person,0.85,1.0,0.1383621245622635,True,True,WRITING,0.9929733872413636
5,1776751233.712947,3,3,1.0,person,0.85,1.0,0.2050060033798217,True,True,WRITING,0.9919585982958476
5,1776751233.712947,5,4,1.0,person,0.965820019971982,1.0,0.1142676621675491,True,True,WRITING,0.9933601087994046
5,1776751233.712947,7,5,1.0,person,0.55,1.0,0.084816999733448,False,False,,0.7475425587760077
5,1776751233.712947,9,1,1.0,person,0.85,1.0,1.0,True,True,WRITING,0.9611111111111108
5,1776751233.712947,10,7,1.0,person,0.85,1.0,0.2135370969772339,True,True,WRITING,0.9785880618625216
5,1776751233.712947,13,8,1.0,person,0.85,0.85,0.1269131004810333,True,True,WRITING,0.9795712863074408
7,1776751236.509849,1,20,1.0,person,0.55,1.0,0.1159544736146926,False,False,,0.7270420763227675
7,1776751236.509849,2,2,1.0,person,0.85,1.0,0.2043194025754928,True,True,WRITING,0.992038372490141
7,1776751236.509849,3,3,1.0,person,0.85,1.0,0.1630765199661255,True,True,WRITING,0.9921109345224168
7,1776751236.509849,5,4,1.0,person,0.967658061199029,1.0,0.0621508061885833,True,True,WRITING,0.994643360376358
7,1776751236.509849,7,5,1.0,person,0.55,1.0,0.241432636976242,False,False,,0.7251322872108883
7,1776751236.509849,9,1,1.0,person,0.85,1.0,0.4677601754665375,True,True,WRITING,0.9672039906183878
7,1776751236.509849,10,7,1.0,person,0.85,1.0,0.4545714259147644,True,True,WRITING,0.9783469067679512
7,1776751236.509849,13,8,1.0,person,0.85,0.85,0.1506595760583877,True,True,WRITING,0.9789873701996272
9,1776751239.5504496,1,20,1.0,person,0.55,1.0,0.2221048176288604,False,False,,0.7168712369600932
9,1776751239.5504496,2,2,1.0,person,0.85,1.0,0.1675174087285995,True,True,WRITING,0.992023128271103
9,1776751239.5504496,3,3,1.0,person,0.85,1.0,0.2511332333087921,True,True,WRITING,0.9909560720125834
9,1776751239.5504496,5,4,1.0,person,0.9607408360842902,1.0,0.0940042212605476,True,True,WRITING,0.9948285261789958
9,1776751239.5504496,7,5,1.0,person,0.55,1.0,0.1213070154190063,False,False,,0.7265520783265432
9,1776751239.5504496,9,1,1.0,person,0.85,1.0,0.173130914568901,True,True,WRITING,0.973901043732961
9,1776751239.5504496,10,7,1.0,person,0.85,1.0,0.9775274991989136,True,True,WRITING,0.9711942553520204
9,1776751239.5504496,13,8,1.0,person,0.85,0.85,0.1830568760633468,True,True,WRITING,0.9782282075087227
11,1776751242.0142736,1,20,1.0,person,0.55,1.0,0.4854999482631683,False,False,,0.6873424530029296
11,1776751242.0142736,2,2,1.0,person,0.85,1.0,0.1151347383856773,True,True,WRITING,0.9925724625587464
11,1776751242.0142736,3,3,1.0,person,0.85,1.0,0.1530531197786331,True,True,WRITING,0.9913497289021812
11,1776751242.0142736,5,4,1.0,person,0.9669109937171866,1.0,0.0595059916377067,True,True,WRITING,0.9953173319498698
11,1776751242.0142736,7,5,1.0,person,0.55,1.0,0.0938684940338134,False,False,,0.7295539855957031
11,1776751242.0142736,10,7,1.0,person,0.85,1.0,0.1226083859801292,True,True,WRITING,0.9764942502975464
11,1776751242.0142736,13,8,1.0,person,0.7,0.7,0.1142786294221878,True,False,FOCUSED,0.966466433207194
13,1776751244.15576,1,20,1.0,person,0.55,1.0,0.5912337899208069,False,False,,0.6671029157108731
13,1776751244.15576,2,2,1.0,person,0.85,1.0,0.2061474621295929,True,True,WRITING,0.9920468245233808
13,1776751244.15576,3,3,1.0,person,0.85,1.0,0.1130177155137062,True,True,WRITING,0.9919659788646394
13,1776751244.15576,5,4,1.0,person,0.9649171159603024,1.0,0.0786520168185234,True,True,WRITING,0.9954490557549492
13,1776751244.15576,7,5,1.0,person,0.55,1.0,0.1197602897882461,False,False,,0.7293868816088116
13,1776751244.15576,10,7,1.0,person,0.85,1.0,0.1216797083616256,True,True,WRITING,0.9798542965026128
13,1776751244.15576,13,8,1.0,person,0.85,0.85,0.0687356516718864,True,True,WRITING,0.9696649410989548
13,1776751244.15576,9,1,1.0,person,0.85,1.0,0.3087239861488342,True,True,WRITING,0.9762360978126527
15,1776751246.5964572,1,20,1.0,person,0.55,1.0,0.1843143105506897,False,False,,0.6740166292304085
15,1776751246.5964572,2,2,1.0,person,0.85,1.0,0.1739275455474853,True,True,WRITING,0.9919496533416566
15,1776751246.5964572,3,3,1.0,person,0.85,1.0,0.1542250663042068,True,True,WRITING,0.9920378228028616
15,1776751246.5964572,5,4,1.0,person,0.9618049850642106,1.0,0.0732015818357467,True,True,WRITING,0.9955871247109912
15,1776751246.5964572,7,5,1.0,person,0.55,1.0,0.0540571212768554,False,False,,0.7335957471813476
15,1776751246.5964572,10,7,1.0,person,0.85,1.0,0.534949541091919,True,True,WRITING,0.978712617357572
15,1776751246.5964572,13,8,1.0,person,0.85,0.85,0.0756603628396987,True,True,WRITING,0.9717456584317344
15,1776751246.5964572,9,1,1.0,person,0.85,1.0,0.1299970746040344,True,True,WRITING,0.9794467451080442
17,1776751249.2065268,1,20,1.0,person,0.55,1.0,0.1234376430511474,False,False,,0.6744380730958212
17,1776751249.2065268,2,2,1.0,person,0.85,1.0,0.1013807877898216,True,True,WRITING,0.9918444043114072
17,1776751249.2065268,3,3,1.0,person,0.85,1.0,0.1170424222946167,True,True,WRITING,0.9918057194777896
17,1776751249.2065268,5,4,1.0,person,0.9600112899299158,1.0,0.1030600294470787,True,True,WRITING,0.9951615170353936
17,1776751249.2065268,7,5,1.0,person,0.55,1.0,0.0535466596484184,False,False,,0.7338739903200239
17,1776751249.2065268,10,7,1.0,person,0.85,1.0,0.4167452752590179,True,True,WRITING,0.9772783492292676
17,1776751249.2065268,13,8,1.0,person,0.85,0.85,0.1337284445762634,True,True,WRITING,0.9717988306567782
17,1776751249.2065268,9,1,1.0,person,0.85,1.0,0.1743498742580413,True,True,WRITING,0.9812990323418664
19,1776751251.6630862,1,20,1.0,person,0.55,1.0,0.160229355096817,False,False,,0.6753204586960019
19,1776751251.6630862,2,2,1.0,person,0.85,1.0,0.1948967427015304,True,True,WRITING,0.9918670434327354
19,1776751251.6630862,3,3,1.0,person,0.85,1.0,0.0737573876976966,True,True,WRITING,0.9927509270963216
19,1776751251.6630862,5,4,1.0,person,0.9472745516902016,1.0,0.1805807948112487,True,True,WRITING,0.9950299497161592
19,1776751251.6630862,7,5,1.0,person,0.55,1.0,0.1046089380979538,False,False,,0.7336556797935848
19,1776751251.6630862,10,7,1.0,person,0.85,1.0,0.1354536563158035,True,True,WRITING,0.9820076745180856
19,1776751251.6630862,13,8,1.0,person,0.85,0.85,0.185706689953804,True,True,WRITING,0.9720574021339417
19,1776751251.6630862,9,1,1.0,person,0.85,1.0,0.2191970348358154,True,True,WRITING,0.9814092722677048
21,1776751254.1273582,1,20,1.0,person,0.55,1.0,0.1664263308048248,False,False,,0.6803348497265862
21,1776751254.1273582,2,2,1.0,person,0.85,1.0,0.1080656424164772,True,True,WRITING,0.9922354632899874
21,1776751254.1273582,3,3,1.0,person,0.85,1.0,0.0955941826105117,True,True,WRITING,0.993418806365558
21,1776751254.1273582,5,4,1.0,person,0.9569493217194122,1.0,0.1181653141975402,True,True,WRITING,0.9949089508681068
21,1776751254.1273582,7,5,1.0,person,0.55,1.0,0.1906920224428177,False,False,,0.7275252611864181
21,1776751254.1273582,10,7,1.0,person,0.85,1.0,0.1005988121032714,True,True,WRITING,0.9837040468340827
21,1776751254.1273582,13,8,1.0,person,0.85,0.85,0.6696416735649109,True,True,WRITING,0.9681948815073286
21,1776751254.1273582,9,1,1.0,person,0.85,1.0,0.1789602935314178,True,True,WRITING,0.9855567212615696
23,1776751257.1616333,1,20,1.0,person,0.55,1.0,0.3870424628257751,False,False,,0.6671686532951536
23,1776751257.1616333,2,2,1.0,person,0.85,1.0,0.3065562546253204,True,True,WRITING,0.9911673225107648
23,1776751257.1616333,3,3,1.0,person,0.85,1.0,0.1506483107805252,True,True,WRITING,0.9934130240054356
23,1776751257.1616333,5,4,1.0,person,0.9726765407188148,1.0,0.056313406676054,True,True,WRITING,0.9951195702666328
23,1776751257.1616333,7,5,1.0,person,0.55,1.0,0.1625640988349914,False,False,,0.728248934660639
23,1776751257.1616333,10,7,1.0,person,0.85,1.0,0.3162463307380676,True,True,WRITING,0.9843969699882326
23,1776751257.1616333,13,8,1.0,person,0.85,0.85,0.5094956159591675,True,True,WRITING,0.9660747699794316
23,1776751257.1616333,9,1,1.0,person,0.85,1.0,0.2176366597414016,True,True,WRITING,0.9888931541215804
25,1776751260.668769,1,20,1.0,person,0.55,1.0,0.2385427206754684,False,False,,0.6682262034643264
25,1776751260.668769,2,2,1.0,person,0.85,1.0,0.2943280637264251,True,True,WRITING,0.9901305039723716
25,1776751260.668769,3,3,1.0,person,0.85,1.0,0.2146436423063278,True,True,WRITING,0.9931810377609164
25,1776751260.668769,5,4,1.0,person,0.957503188318548,1.0,0.1382131427526474,True,True,WRITING,0.9947579758507864
25,1776751260.668769,7,5,1.0,person,0.55,1.0,0.1871325373649597,False,False,,0.7235269844532013
25,1776751260.668769,10,7,1.0,person,0.85,1.0,0.2940422892570495,True,True,WRITING,0.9870602928456806
25,1776751260.668769,13,8,1.0,person,0.85,0.85,0.5468441843986511,True,True,WRITING,0.963972716530164
25,1776751260.668769,9,1,1.0,person,0.85,1.0,0.3282707631587982,True,True,WRITING,0.9889410847709292
27,1776751263.8061814,1,20,1.0,person,0.55,1.0,0.5245711803436279,False,False,,0.6594571231376557
27,1776751263.8061814,2,2,1.0,person,0.85,1.0,0.1818126589059829,True,True,WRITING,0.9899197064694903
27,1776751263.8061814,3,3,1.0,person,0.85,1.0,0.2793880105018616,True,True,WRITING,0.9920375020731064
27,1776751263.8061814,5,4,1.0,person,0.975781767694298,1.0,0.155333325266838,True,True,WRITING,0.9941568211430596
27,1776751263.8061814,7,5,1.0,person,0.55,1.0,0.3322942852973938,False,False,,0.7086570809284846
27,1776751263.8061814,10,7,1.0,person,0.85,1.0,0.1358316987752914,True,True,WRITING,0.9875819221848534
27,1776751263.8061814,13,8,1.0,person,0.85,0.85,0.7335339784622192,True,True,WRITING,0.9641633942013697
27,1776751263.8061814,9,1,1.0,person,0.85,1.0,0.2637543380260467,True,True,WRITING,0.9883913823536464
29,1776751267.1449394,1,20,1.0,person,0.55,1.0,0.2772831916809082,False,False,,0.6660191591296877
29,1776751267.1449394,2,2,1.0,person,0.85,1.0,0.2735753357410431,True,True,WRITING,0.9893089561235336
29,1776751267.1449394,3,3,1.0,person,0.85,1.0,0.2993664145469665,True,True,WRITING,0.990659697424798
29,1776751267.1449394,5,4,1.0,person,0.9615120439335668,1.0,0.1653827428817749,True,True,WRITING,0.9935973414352964
29,1776751267.1449394,7,5,1.0,person,0.85,1.0,0.4548791348934173,True,True,WRITING,0.7515246023734411
29,1776751267.1449394,10,7,1.0,person,0.85,1.0,0.399411678314209,True,True,WRITING,0.985911604903993
29,1776751267.1449394,13,8,1.0,person,0.85,0.85,0.5154415965080261,True,True,WRITING,0.961853619132723
29,1776751267.1449394,9,1,1.0,person,0.85,1.0,0.2332016676664352,True,True,WRITING,0.9886344855739958
31,1776751270.8671894,1,20,1.0,person,0.55,1.0,0.1038729324936866,False,False,,0.6740617364645004
31,1776751270.8671894,2,2,1.0,person,0.85,1.0,0.2479659616947174,True,True,WRITING,0.9888366851068678
31,1776751270.8671894,3,3,1.0,person,0.85,1.0,0.1961872279644012,True,True,WRITING,0.990399814077786
31,1776751270.8671894,5,4,1.0,person,0.95498848737212,1.0,0.0628882497549057,True,True,WRITING,0.9939241366727012
31,1776751270.8671894,7,5,1.0,person,0.85,1.0,0.2298802584409713,True,True,WRITING,0.7914117787565503
31,1776751270.8671894,10,7,1.0,person,0.85,1.0,0.2692856192588806,True,True,WRITING,0.9869669512623832
31,1776751270.8671894,13,8,1.0,person,0.85,0.85,0.6224588751792908,True,True,WRITING,0.95894265742529
31,1776751270.8671894,9,1,1.0,person,0.85,1.0,0.0981135815382003,True,True,WRITING,0.9893200574886232
33,1776751273.8199165,1,20,1.0,person,0.55,1.0,0.1020133048295974,False,False,,0.6801059055896032
33,1776751273.8199165,2,2,1.0,person,0.85,1.0,0.2149568796157837,True,True,WRITING,0.9884244671889714
33,1776751273.8199165,3,3,1.0,person,0.85,1.0,0.1804664134979248,True,True,WRITING,0.9901631197759084
33,1776751273.8199165,5,4,1.0,person,0.9754157622955496,1.0,0.1097870618104934,True,True,WRITING,0.9939606125865664
33,1776751273.8199165,7,5,1.0,person,0.85,1.0,0.4102732539176941,True,True,WRITING,0.8269819475355602
33,1776751273.8199165,10,7,1.0,person,0.85,1.0,0.3333596289157867,True,True,WRITING,0.9869080618733452
33,1776751273.8199165,13,8,1.0,person,0.9598049513121868,0.85,0.7843078374862671,True,True,WRITING,0.9552158230826968
33,1776751273.8199165,9,1,1.0,person,0.85,1.0,0.2438487112522125,True,True,WRITING,0.9889306000300816
35,1776751276.453194,1,20,1.0,person,0.55,1.0,0.2136790752410888,False,False,,0.6796548536845615
35,1776751276.453194,2,2,1.0,person,0.85,1.0,0.1268921792507171,True,True,WRITING,0.9891477078199388
35,1776751276.453194,3,3,1.0,person,0.85,1.0,0.1966531872749328,True,True,WRITING,0.989674693771771
35,1776751276.453194,5,4,1.0,person,0.9418339990680812,1.0,0.1114117056131362,True,True,WRITING,0.9942644117843537
35,1776751276.453194,7,5,1.0,person,0.85,1.0,0.371148020029068,True,True,WRITING,0.8616477300723394
35,1776751276.453194,10,7,1.0,person,0.85,1.0,0.1917916983366012,True,True,WRITING,0.9869746473573504
35,1776751276.453194,13,8,1.0,person,0.85,0.85,0.6730271577835083,True,True,WRITING,0.9529892113946732
35,1776751276.453194,9,1,1.0,person,0.85,1.0,0.3814043402671814,True,True,WRITING,0.9875963798591068
37,1776751279.0783622,1,20,1.0,person,0.55,1.0,0.3242880702018738,False,False,,0.6722614508299601
37,1776751279.0783622,2,2,1.0,person,0.85,1.0,0.1496261656284332,True,True,WRITING,0.9893309062435516
37,1776751279.0783622,3,3,1.0,person,0.85,1.0,0.2737517058849334,True,True,WRITING,0.9886949204263232
37,1776751279.0783622,5,4,1.0,person,0.95536616722019,1.0,0.1114199161529541,True,True,WRITING,0.9943040566784994
37,1776751279.0783622,7,5,1.0,person,0.85,1.0,0.3047239482402801,True,True,WRITING,0.896370781319482
37,1776751279.0783622,10,7,1.0,person,0.85,1.0,1.0,True,True,WRITING,0.9802152229206902
37,1776751279.0783622,13,8,1.0,person,0.9823663094936502,0.85,0.9002786874771118,True,True,WRITING,0.9508872415338244
37,1776751279.0783622,9,1,1.0,person,0.85,1.0,0.2399268597364425,True,True,WRITING,0.9873939887398766
39,1776751281.4883451,1,20,1.0,person,0.55,1.0,0.205906867980957,False,False,,0.679815171446119
39,1776751281.4883451,2,2,1.0,person,0.85,1.0,0.2009437829256057,True,True,WRITING,0.989820095045226
39,1776751281.4883451,3,3,1.0,person,0.85,1.0,0.1299380660057068,True,True,WRITING,0.9892162673530124
39,1776751281.4883451,5,4,1.0,person,0.9496757162827036,1.0,0.0894501283764839,True,True,WRITING,0.9943018733035952
39,1776751281.4883451,7,5,1.0,person,0.85,1.0,0.3407362401485443,True,True,WRITING,0.926584834144229
39,1776751281.4883451,10,7,1.0,person,0.85,1.0,0.4943915903568268,True,True,WRITING,0.978974725235076
39,1776751281.4883451,13,8,1.0,person,0.9134031121601818,0.85,0.8643997311592102,True,True,WRITING,0.9486496036960966
39,1776751281.4883451,9,1,1.0,person,0.85,1.0,0.2337859570980072,True,True,WRITING,0.9874171870095388
41,1776751283.8627875,1,20,1.0,person,0.55,1.0,0.1622635126113891,False,False,,0.6851730420475914
41,1776751283.8627875,2,2,1.0,person,0.85,1.0,0.1457225680351257,True,True,WRITING,0.9906629238809858
41,1776751283.8627875,3,3,1.0,person,0.85,1.0,0.1994613260030746,True,True,WRITING,0.989374483625094
41,1776751283.8627875,5,4,1.0,person,0.9662723911397214,1.0,0.0616100803017616,True,True,WRITING,0.9948439165240242
41,1776751283.8627875,7,5,1.0,person,0.85,1.0,0.3194120526313782,True,True,WRITING,0.954428676338423
41,1776751283.8627875,10,7,1.0,person,0.85,1.0,0.3967325091361999,True,True,WRITING,0.978574788570404
41,1776751283.8627875,13,8,1.0,person,0.98812267363773,0.7,1.0,True,False,,0.9071368225634266
41,1776751283.8627875,9,1,1.0,person,0.85,1.0,0.2055107653141021,True,True,WRITING,0.9880807484899248
43,1776751286.309683,1,20,1.0,person,0.55,1.0,0.1186281889677047,False,False,,0.7005469096558435
43,1776751286.309683,2,2,1.0,person,0.85,1.0,0.1291825026273727,True,True,WRITING,0.9911532955510276
43,1776751286.309683,3,3,1.0,person,0.85,1.0,0.1935041695833206,True,True,WRITING,0.9898045353946232
43,1776751286.309683,5,4,1.0,person,0.9559780477294844,1.0,0.1018709912896156,True,True,WRITING,0.9950659892388752
43,1776751286.309683,7,5,1.0,person,0.55,1.0,0.4011284410953522,False,False,,0.9214603127468198
43,1776751286.309683,10,7,1.0,person,0.85,1.0,0.3267442286014557,True,True,WRITING,0.978254179301716
43,1776751286.309683,13,8,1.0,person,0.85,0.85,1.0,True,True,WRITING,0.90779957463753
43,1776751286.309683,9,1,1.0,person,0.85,1.0,0.1259140968322754,True,True,WRITING,0.9891041197947094
45,1776751288.950669,1,20,1.0,person,0.55,1.0,0.0919845104217529,False,False,,0.7095176336311159
45,1776751288.950669,2,2,1.0,person,0.85,1.0,0.1268077194690704,True,True,WRITING,0.991959851412546
45,1776751288.950669,3,3,1.0,person,0.85,1.0,0.2369248420000076,True,True,WRITING,0.9898929766246248
45,1776751288.950669,5,4,1.0,person,0.9587416186483562,1.0,0.0670354217290878,True,True,WRITING,0.9955824244590032
45,1776751288.950669,7,5,1.0,person,0.85,1.0,0.3998700082302093,True,True,WRITING,0.9257883848178952
45,1776751288.950669,10,7,1.0,person,0.85,1.0,0.1015015095472335,True,True,WRITING,0.9808655856620696
45,1776751288.950669,13,8,1.0,person,0.85,0.85,0.7253657579421997,True,True,WRITING,0.9101306568871697
45,1776751288.950669,9,1,1.0,person,0.85,1.0,0.1462003588676452,True,True,WRITING,0.9897672803629012
47,1776751291.4270446,1,20,1.0,person,0.55,1.0,0.227991908788681,False,False,,0.7035842339197794
47,1776751291.4270446,2,2,1.0,person,0.85,1.0,0.0506850853562355,True,True,WRITING,0.9932219343526022
47,1776751291.4270446,3,3,1.0,person,0.85,1.0,0.1380103379487991,True,True,WRITING,0.9904000354664668
47,1776751291.4270446,5,4,1.0,person,0.9593965572611576,1.0,0.0391674526035785,True,True,WRITING,0.9959065105233872
47,1776751291.4270446,7,5,1.0,person,0.55,1.0,0.1556876450777053,False,False,,0.8847332277468273
47,1776751291.4270446,10,7,1.0,person,0.85,1.0,0.1433995068073272,True,True,WRITING,0.9824857831001282
47,1776751291.4270446,13,8,1.0,person,0.85,0.85,0.7940056324005127,True,True,WRITING,0.9123969041844544
47,1776751291.4270446,9,1,1.0,person,0.85,1.0,0.2913618683815002,True,True,WRITING,0.9886865211384638
49,1776751293.914176,1,20,1.0,person,0.55,1.0,0.1256625652313232,False,False,,0.7050107043413888
49,1776751293.914176,2,2,1.0,person,0.85,1.0,0.0714318603277206,True,True,WRITING,0.9940758056583858
49,1776751293.914176,3,3,1.0,person,0.85,1.0,0.1798960417509079,True,True,WRITING,0.9904672730536688
49,1776751293.914176,5,4,1.0,person,0.9559337503497032,1.0,0.0491416379809379,True,True,WRITING,0.9963008513053256
49,1776751293.914176,7,5,1.0,person,0.85,1.0,0.1469800919294357,True,True,WRITING,0.8942597799357914
49,1776751293.914176,10,7,1.0,person,0.85,1.0,0.1478334069252014,True,True,WRITING,0.9842229283991314
49,1776751293.914176,13,8,1.0,person,0.85,0.85,0.5362664461135864,True,True,WRITING,0.9174911144309018
49,1776751293.914176,9,1,1.0,person,0.85,1.0,0.1835492253303527,True,True,WRITING,0.9891397115730104
51,1776751296.4676688,1,20,1.0,person,0.55,1.0,0.3117288053035736,False,False,,0.6973358321757543
51,1776751296.4676688,2,2,1.0,person,0.85,1.0,0.095936007797718,True,True,WRITING,0.9943255335092543
51,1776751296.4676688,3,3,1.0,person,0.85,1.0,0.0955642610788345,True,True,WRITING,0.9912947522742408
51,1776751296.4676688,5,4,1.0,person,0.974333977077791,1.0,0.1050465106964111,True,True,WRITING,0.9961990167697272
51,1776751296.4676688,7,5,1.0,person,0.85,1.0,0.1186282262206077,True,True,WRITING,0.903726142786798
51,1776751296.4676688,10,7,1.0,person,0.85,1.0,0.0965343788266182,True,True,WRITING,0.9857715399492354
51,1776751296.4676688,13,8,1.0,person,0.85,0.85,0.1803064346313476,True,True,WRITING,0.9250065845574152
51,1776751296.4676688,9,1,1.0,person,0.85,1.0,0.1772388219833374,True,True,WRITING,0.9901008605957032
53,1776751299.0654614,1,20,1.0,person,0.55,1.0,0.1520203351974487,False,False,,0.7039353457235155
53,1776751299.0654614,2,2,1.0,person,0.85,1.0,0.1727336198091507,True,True,WRITING,0.9939980443034852
53,1776751299.0654614,3,3,1.0,person,0.85,1.0,0.092132344841957,True,True,WRITING,0.9923660116536276
53,1776751299.0654614,5,4,1.0,person,0.9841230302452172,1.0,0.10651246458292,True,True,WRITING,0.9960812145755406
53,1776751299.0654614,7,5,1.0,person,0.55,1.0,0.0782617405056953,False,False,,0.8710760914144062
53,1776751299.0654614,10,7,1.0,person,0.85,1.0,0.1170456260442733,True,True,WRITING,0.989978980450403
53,1776751299.0654614,13,8,1.0,person,0.85,0.85,0.149344339966774,True,True,WRITING,0.9332984023438116
53,1776751299.0654614,9,1,1.0,person,0.85,1.0,0.1522330939769745,True,True,WRITING,0.9906435835929144
55,1776751301.474414,1,20,1.0,person,0.55,1.0,0.2914486527442932,False,False,,0.6970369908071699
55,1776751301.474414,2,2,1.0,person,0.85,1.0,0.1349222362041473,True,True,WRITING,0.9941826853014174
55,1776751301.474414,3,3,1.0,person,0.85,1.0,0.0836727917194366,True,True,WRITING,0.992886034505708
55,1776751301.474414,5,4,1.0,person,0.9766228151474572,1.0,0.1148011907935142,True,True,WRITING,0.9958129539376214
55,1776751301.474414,7,5,1.0,person,0.55,1.0,0.0954860001802444,False,False,,0.84027623349712
55,1776751301.474414,10,7,1.0,person,0.85,1.0,0.1503413021564483,True,True,WRITING,0.9915776401758194
55,1776751301.474414,13,8,1.0,person,0.85,0.85,0.2442048490047454,True,True,WRITING,0.9402245868922784
55,1776751301.474414,9,1,1.0,person,0.85,1.0,0.18427574634552,True,True,WRITING,0.9908451594057536
57,1776751303.8244116,1,20,1.0,person,0.55,1.0,0.2640899419784546,False,False,,0.6911229498329616
57,1776751303.8244116,2,2,1.0,person,0.85,1.0,0.1472697705030441,True,True,WRITING,0.9940279111975716
57,1776751303.8244116,3,3,1.0,person,0.85,1.0,0.0852886587381362,True,True,WRITING,0.9936133438632604
57,1776751303.8244116,5,4,1.0,person,0.9704598151972036,1.0,0.0778006687760353,True,True,WRITING,0.9957686889739265
57,1776751303.8244116,7,5,1.0,person,0.85,1.0,0.0748666450381279,True,True,WRITING,0.8555725039470764
57,1776751303.8244116,10,7,1.0,person,0.85,1.0,0.059978287667036,True,True,WRITING,0.9933757526533944
57,1776751303.8244116,13,8,1.0,person,0.85,0.85,0.1856900155544281,True,True,WRITING,0.9642491402512504
57,1776751303.8244116,9,1,1.0,person,0.85,1.0,0.1293366849422454,True,True,WRITING,0.9913741052150726
59,1776751306.1632817,1,20,1.0,person,0.55,1.0,0.1341733038425445,False,False,,0.6931081726437522
59,1776751306.1632817,2,2,1.0,person,0.85,1.0,0.1660603284835815,True,True,WRITING,0.9936583943310238
59,1776751306.1632817,3,3,1.0,person,0.85,1.0,0.1366754621267318,True,True,WRITING,0.9938231997546696
59,1776751306.1632817,5,4,1.0,person,0.969544753349135,1.0,0.1375305950641632,True,True,WRITING,0.9953801050072624
59,1776751306.1632817,7,5,1.0,person,0.85,1.0,0.1333298534154892,True,True,WRITING,0.896627508458637
59,1776751306.1632817,10,7,1.0,person,0.85,1.0,0.1582075655460357,True,True,WRITING,0.9939048850820176
59,1776751306.1632817,13,8,1.0,person,0.85,0.85,0.1199645772576332,True,True,WRITING,0.9690918035450437
59,1776751306.1632817,9,1,1.0,person,0.85,1.0,0.1242654472589492,True,True,WRITING,0.9916156977415084
61,1776751308.5310595,1,20,1.0,person,0.55,1.0,0.2599949836730957,False,False,,0.6860180589414778
61,1776751308.5310595,2,2,1.0,person,0.85,1.0,0.135007232427597,True,True,WRITING,0.9935611316135952
61,1776751308.5310595,3,3,1.0,person,0.85,1.0,0.1580754220485687,True,True,WRITING,0.9939759664592288
61,1776751308.5310595,5,4,1.0,person,0.9934788043470172,1.0,0.0565553680062294,True,True,WRITING,0.9955631288744154
61,1776751308.5310595,7,5,1.0,person,0.55,1.0,0.1278468966484069,False,False,,0.8621569878998256
61,1776751308.5310595,10,7,1.0,person,0.85,1.0,0.1404743492603302,True,True,WRITING,0.9936770307166236
61,1776751308.5310595,13,8,1.0,person,0.85,0.85,0.2053235471248626,True,True,WRITING,0.9717184773513248
61,1776751308.5310595,9,1,1.0,person,0.85,1.0,0.1485438644886016,True,True,WRITING,0.9917264403331846
63,1776751310.854178,1,20,1.0,person,0.55,1.0,0.1388734281063079,False,False,,0.6916886951242174
63,1776751310.854178,2,2,1.0,person,0.85,1.0,0.0720103234052658,True,True,WRITING,0.9937218519903364
63,1776751310.854178,3,3,1.0,person,0.85,1.0,0.1180026978254318,True,True,WRITING,0.9940624804723828
63,1776751310.854178,5,4,1.0,person,0.9894044356070316,1.0,0.1324822008609771,True,True,WRITING,0.9950076597077504
63,1776751310.854178,7,5,1.0,person,0.55,1.0,0.1726840436458587,False,False,,0.8468382103102546
63,1776751310.854178,10,7,1.0,person,0.85,1.0,0.1310618966817855,True,True,WRITING,0.9937004475366504
63,1776751310.854178,13,8,1.0,person,0.85,0.85,0.2426863610744476,True,True,WRITING,0.9739693885757812
63,1776751310.854178,9,1,1.0,person,0.85,1.0,0.1204660087823867,True,True,WRITING,0.9925909986098608
65,1776751313.136123,1,20,1.0,person,0.55,1.0,0.2354983389377594,False,False,,0.6875696075814112
65,1776751313.136123,2,2,1.0,person,0.85,1.0,0.2547837197780609,True,True,WRITING,0.9924462558258146
65,1776751313.136123,3,3,1.0,person,0.85,1.0,0.0983325392007827,True,True,WRITING,0.994450588311468
65,1776751313.136123,5,4,1.0,person,0.9840519074575256,1.0,0.0641184002161026,True,True,WRITING,0.9951130485250838
65,1776751313.136123,7,5,1.0,person,0.55,1.0,0.1047449260950088,False,False,,0.8161349268186661
65,1776751313.136123,10,7,1.0,person,0.85,1.0,0.3471809327602386,True,True,WRITING,0.991931364649818
65,1776751313.136123,13,8,1.0,person,0.85,0.85,0.1254251301288604,True,True,WRITING,0.9759488162540254
65,1776751313.136123,9,1,1.0,person,0.85,1.0,0.0996297150850296,True,True,WRITING,0.99314241537026
67,1776751315.454806,1,20,1.0,person,0.55,1.0,0.249972864985466,False,False,,0.6883247544368108
67,1776751315.454806,2,2,1.0,person,0.85,1.0,0.2856170535087585,True,True,WRITING,0.99111036388647
67,1776751315.454806,3,3,1.0,person,0.85,1.0,0.1018965095281601,True,True,WRITING,0.9944592671734944
67,1776751315.454806,5,4,1.0,person,0.9863365705192636,1.0,0.1274352222681045,True,True,WRITING,0.9948993750980925
67,1776751315.454806,7,5,1.0,person,0.55,1.0,0.1203046441078186,False,False,,0.787382946837516
67,1776751315.454806,10,7,1.0,person,0.85,1.0,0.2187460362911224,True,True,WRITING,0.9911680200270244
67,1776751315.454806,13,8,1.0,person,0.85,0.85,0.2385416030883789,True,True,WRITING,0.9754697715952282
67,1776751315.454806,9,1,1.0,person,0.85,1.0,0.143183559179306,True,True,WRITING,0.9932584031706764
69,1776751317.905136,1,20,1.0,person,0.55,1.0,0.1996513754129409,False,False,,0.6875774959723154
69,1776751317.905136,2,2,1.0,person,0.85,1.0,0.3625904023647308,True,True,WRITING,0.9895202113049372
69,1776751317.905136,3,3,1.0,person,0.85,1.0,0.0736776441335678,True,True,WRITING,0.99469460830802
69,1776751317.905136,5,4,1.0,person,0.9809784816779296,1.0,0.1004580035805702,True,True,WRITING,0.9949290794985636
69,1776751317.905136,7,5,1.0,person,0.55,1.0,0.1258596777915954,False,False,,0.7793252645503906
69,1776751317.905136,10,7,1.0,person,0.85,1.0,0.0604095049202442,True,True,WRITING,0.991870152808371
69,1776751317.905136,13,8,1.0,person,0.85,0.85,0.1970317214727401,True,True,WRITING,0.9752607267527352
69,1776751317.905136,9,1,1.0,person,0.85,1.0,0.1136410981416702,True,True,WRITING,0.9935110019786016
71,1776751320.451609,1,20,1.0,person,0.55,1.0,0.1495005637407302,False,False,,0.6943841030200323
71,1776751320.451609,2,2,1.0,person,0.85,1.0,0.4576669633388519,True,True,WRITING,0.987115720907847
71,1776751320.451609,3,3,1.0,person,0.85,1.0,0.1347209811210632,True,True,WRITING,0.9943800682113284
71,1776751320.451609,5,4,1.0,person,0.9888480872721204,1.0,0.1787619590759277,True,True,WRITING,0.9943322404509498
71,1776751320.451609,7,5,1.0,person,0.55,1.0,0.0851810798048973,False,False,,0.7746982730570293
71,1776751320.451609,10,7,1.0,person,0.85,1.0,0.1596280038356781,True,True,WRITING,0.9918306633120492
71,1776751320.451609,13,8,1.0,person,0.85,0.85,0.3417296707630157,True,True,WRITING,0.974213033914566
71,1776751320.451609,9,1,1.0,person,0.85,1.0,0.2005635499954223,True,True,WRITING,0.9931307101533524
73,1776751322.8780053,1,20,1.0,person,0.55,1.0,0.0621915757656097,False,False,,0.7055536877541315
73,1776751322.8780053,2,2,1.0,person,0.85,1.0,0.5189234018325806,True,True,WRITING,0.984436965414456
73,1776751322.8780053,3,3,1.0,person,0.85,1.0,0.0944004505872726,True,True,WRITING,0.9944376881633484
73,1776751322.8780053,5,4,1.0,person,0.9805487412681556,1.0,0.1779368370771408,True,True,WRITING,0.9936482147091912
73,1776751322.8780053,7,5,1.0,person,0.55,1.0,0.1721391230821609,False,False,,0.7456927867162796
73,1776751322.8780053,10,7,1.0,person,0.85,1.0,0.1064255833625793,True,True,WRITING,0.9919173355613436
73,1776751322.8780053,13,8,1.0,person,0.85,0.85,0.228395789861679,True,True,WRITING,0.9739588648080826
73,1776751322.8780053,9,1,1.0,person,0.85,1.0,0.2493521869182586,True,True,WRITING,0.9921573301156362
75,1776751325.2461653,1,20,1.0,person,0.55,1.0,0.0645455569028854,False,False,,0.7118930121262869
75,1776751325.2461653,2,2,1.0,person,0.85,1.0,0.6395213007926941,True,True,WRITING,0.9810415591512408
75,1776751325.2461653,3,3,1.0,person,0.85,1.0,0.1249641776084899,True,True,WRITING,0.9944295535484948
75,1776751325.2461653,5,4,1.0,person,0.9727240718773708,1.0,0.1470581740140915,True,True,WRITING,0.9934944276298796
75,1776751325.2461653,7,5,1.0,person,0.55,1.0,0.1155087351799011,False,False,,0.7241251717011133
75,1776751325.2461653,10,7,1.0,person,0.85,1.0,0.1075832843780517,True,True,WRITING,0.992372814388502
75,1776751325.2461653,13,8,1.0,person,0.85,0.85,0.1710469722747802,True,True,WRITING,0.9739732841650643
75,1776751325.2461653,9,1,1.0,person,0.85,1.0,0.1024164929986,True,True,WRITING,0.992461744518507
75,1776751325.2461653,27,9,1.0,person,0.5,0.5,0.0,False,False,,0.6000000000000001
77,1776751327.7453923,1,20,1.0,person,0.55,1.0,0.1366789638996124,False,False,,0.7166867880594161
77,1776751327.7453923,2,2,1.0,person,0.85,1.0,0.6513491868972778,True,True,WRITING,0.9777185015735173
77,1776751327.7453923,3,3,1.0,person,0.85,1.0,0.0474679805338382,True,True,WRITING,0.9951366846050534
77,1776751327.7453923,5,4,1.0,person,0.9911385620468348,1.0,0.2365380525588989,True,True,WRITING,0.9923114506971268
77,1776751327.7453923,7,5,1.0,person,0.55,1.0,0.1337613612413406,False,False,,0.72373798986276
77,1776751327.7453923,10,7,1.0,person,0.85,1.0,0.183255061507225,True,True,WRITING,0.9921042330208278
77,1776751327.7453923,13,8,1.0,person,0.85,0.85,0.088428296148777,True,True,WRITING,0.9750114551612308
77,1776751327.7453923,9,1,1.0,person,0.85,1.0,0.1036030501127243,True,True,WRITING,0.9928299664031892
79,1776751330.222649,1,20,1.0,person,0.55,1.0,0.1760060787200927,False,False,,0.7148109291281018
79,1776751330.222649,2,2,1.0,person,0.85,1.0,0.5156529545783997,True,True,WRITING,0.9756086142290205
79,1776751330.222649,3,3,1.0,person,0.85,1.0,0.0735640078783035,True,True,WRITING,0.995417390550886
79,1776751330.222649,5,4,1.0,person,0.985636994942316,1.0,0.2502595782279968,True,True,WRITING,0.9913924322241828
79,1776751330.222649,7,5,1.0,person,0.55,1.0,0.0925250276923179,False,False,,0.7274091186977568
79,1776751330.222649,10,7,1.0,person,0.85,1.0,0.3405717015266418,True,True,WRITING,0.9905165348734174
79,1776751330.222649,13,8,1.0,person,0.85,0.85,0.103549376130104,True,True,WRITING,0.9759874691565832
79,1776751330.222649,9,1,1.0,person,0.85,1.0,0.0966252908110618,True,True,WRITING,0.9931293115729378
81,1776751332.629497,1,20,1.0,person,0.55,1.0,0.0497915260493755,False,False,,0.7242868982610249
81,1776751332.629497,2,2,1.0,person,0.85,1.0,0.5331882238388062,True,True,WRITING,0.974269429133052
81,1776751332.629497,3,3,1.0,person,0.85,1.0,0.094290405511856,True,True,WRITING,0.9954286721490678
81,1776751332.629497,5,4,1.0,person,0.9776415761782558,1.0,0.0939292162656784,True,True,WRITING,0.9916021149782906
81,1776751332.629497,7,5,1.0,person,0.55,1.0,0.0744351297616958,False,False,,0.7299634196928569
81,1776751332.629497,10,7,1.0,person,0.85,1.0,0.2428717166185379,True,True,WRITING,0.9906395588602338
81,1776751332.629497,13,8,1.0,person,0.85,0.85,0.2116747349500656,True,True,WRITING,0.9755608297529674
81,1776751332.629497,9,1,1.0,person,0.85,1.0,0.1072336807847023,True,True,WRITING,0.9932516501063392
83,1776751335.0159223,1,20,1.0,person,0.55,1.0,0.08289086073637,False,False,,0.7310854842265447
83,1776751335.0159223,2,2,1.0,person,0.9073960564925196,1.0,0.6326125860214233,True,True,WRITING,0.9723775464864004
83,1776751335.0159223,3,3,1.0,person,0.85,1.0,0.0697176828980445,True,True,WRITING,0.995655044913292
83,1776751335.0159223,5,4,1.0,person,0.9934547686246992,1.0,0.086598977446556,True,True,WRITING,0.99211675851118
83,1776751335.0159223,7,5,1.0,person,0.55,1.0,0.0827954709529876,False,False,,0.7322605862503959
83,1776751335.0159223,10,7,1.0,person,0.85,1.0,0.1841665208339691,True,True,WRITING,0.9907310129631132
83,1776751335.0159223,13,8,1.0,person,0.9744551119061682,0.85,0.3175692856311798,True,True,WRITING,0.9747070606265748
83,1776751335.0159223,9,1,1.0,person,0.85,1.0,0.308993935585022,True,True,WRITING,0.991852723416828
85,1776751337.3797474,1,20,1.0,person,0.55,1.0,0.1221598014235496,False,False,,0.7330327587468283
85,1776751337.3797474,2,2,1.0,person,0.9185740382773598,1.0,0.5682485103607178,True,True,WRITING,0.971503476301829
85,1776751337.3797474,3,3,1.0,person,0.85,1.0,0.1326155662536621,True,True,WRITING,0.995237341948918
85,1776751337.3797474,5,4,1.0,person,0.9810639003737688,1.0,0.2431136816740036,True,True,WRITING,0.9912064550887972
85,1776751337.3797474,7,5,1.0,person,0.55,1.0,0.0809508264064788,False,False,,0.734660831235704
85,1776751337.3797474,10,7,1.0,person,0.85,1.0,0.1090829595923423,True,True,WRITING,0.9908620828673954
85,1776751337.3797474,13,8,1.0,person,0.85,0.85,0.2521220445632934,True,True,WRITING,0.974297475247156
85,1776751337.3797474,9,1,1.0,person,0.85,1.0,0.2594310045242309,True,True,WRITING,0.9908600052197776
87,1776751339.762704,1,20,1.0,person,0.55,1.0,0.1621980518102646,False,False,,0.7305089320455278
87,1776751339.762704,2,2,1.0,person,0.8965530591169977,1.0,0.7929083108901978,True,True,WRITING,0.9692192191169374
87,1776751339.762704,3,3,1.0,person,0.85,1.0,0.4050261378288269,True,True,WRITING,0.9928026362544016
87,1776751339.762704,5,4,1.0,person,0.995381848134362,1.0,0.2513348758220672,True,True,WRITING,0.9905922214190164
87,1776751339.762704,7,5,1.0,person,0.55,1.0,0.1084195598959922,False,False,,0.7338537332557497
87,1776751339.762704,10,7,1.0,person,0.85,1.0,0.3774332404136657,True,True,WRITING,0.9891402324040732
87,1776751339.762704,13,8,1.0,person,0.937332551102535,0.85,0.128309816122055,True,True,WRITING,0.9754692394108998
87,1776751339.762704,9,1,1.0,person,0.85,1.0,0.6402816772460938,True,True,WRITING,0.9870907564957936
89,1776751342.1611686,1,20,1.0,person,0.55,1.0,0.1267720907926559,False,False,,0.7279127502725237
89,1776751342.1611686,2,2,1.0,person,0.9100286884051886,1.0,0.8303285837173462,True,True,WRITING,0.9670414534353076
89,1776751342.1611686,3,3,1.0,person,0.85,1.0,0.3993209898471832,True,True,WRITING,0.9904323709862574
89,1776751342.1611686,5,4,1.0,person,0.9928505886013704,1.0,0.2057261019945144,True,True,WRITING,0.9903983040934518
89,1776751342.1611686,7,5,1.0,person,0.55,1.0,0.0743540078401565,False,False,,0.7379128485918045
89,1776751342.1611686,10,7,1.0,person,0.85,1.0,0.7297553420066833,True,True,WRITING,0.9844220011007218
89,1776751342.1611686,13,8,1.0,person,0.85,0.85,0.10999246686697,True,True,WRITING,0.9762618385610128
89,1776751342.1611686,9,1,1.0,person,0.85,1.0,0.3070655763149261,True,True,WRITING,0.9865342818555378
91,1776751344.5761862,1,20,1.0,person,0.55,1.0,0.1848546862602234,False,False,,0.7218191886232012
91,1776751344.5761862,2,2,1.0,person,0.8816371561400556,1.0,0.4788134694099426,True,True,WRITING,0.9684090451115654
91,1776751344.5761862,3,3,1.0,person,0.85,1.0,0.1733839362859726,True,True,WRITING,0.9902355748982656
91,1776751344.5761862,5,4,1.0,person,0.968175310926132,1.0,0.2547776103019714,True,True,WRITING,0.9897018926484245
91,1776751344.5761862,7,5,1.0,person,0.55,1.0,0.082600750029087,False,False,,0.7393385264135542
91,1776751344.5761862,10,7,1.0,person,0.85,1.0,0.1043522134423255,True,True,WRITING,0.985290628813562
91,1776751344.5761862,13,8,1.0,person,0.967379005834444,0.85,0.0854358598589897,True,True,WRITING,0.9769837884675888
91,1776751344.5761862,9,1,1.0,person,0.85,1.0,0.4190417230129242,True,True,WRITING,0.9845542581308454
93,1776751346.9821205,1,20,1.0,person,0.55,1.0,0.1074270009994506,False,False,,0.7235213227215267
93,1776751346.9821205,2,2,1.0,person,0.85,1.0,0.2114239633083343,True,True,WRITING,0.9719514598449072
93,1776751346.9821205,3,3,1.0,person,0.85,1.0,0.0897625461220741,True,True,WRITING,0.9904876734529222
93,1776751346.9821205,5,4,1.0,person,0.977652144845111,1.0,0.1165371909737587,True,True,WRITING,0.990541168621608
93,1776751346.9821205,7,5,1.0,person,0.55,1.0,0.064364805817604,False,False,,0.7423447377624965
93,1776751346.9821205,10,7,1.0,person,0.85,1.0,0.113679826259613,True,True,WRITING,0.9863498544409164
93,1776751346.9821205,13,8,1.0,person,0.9750421078130626,0.85,0.0855628252029419,True,True,WRITING,0.9773586477552142
93,1776751346.9821205,9,1,1.0,person,0.85,1.0,0.2021345645189285,True,True,WRITING,0.9845745031322752
95,1776751349.422833,1,20,1.0,person,0.55,1.0,0.1657676994800567,False,False,,0.7223184080350967
95,1776751349.422833,2,2,1.0,person,0.85,1.0,0.238168716430664,True,True,WRITING,0.9745245100486843
95,1776751349.422833,3,3,1.0,person,0.85,1.0,0.1002901941537857,True,True,WRITING,0.9907704095045724
95,1776751349.422833,5,4,1.0,person,0.9627342340123316,1.0,0.1298561990261078,True,True,WRITING,0.9912470252740948
95,1776751349.422833,7,5,1.0,person,0.55,1.0,0.0530014634132385,False,False,,0.7445998645964123
95,1776751349.422833,10,7,1.0,person,0.85,1.0,0.125456154346466,True,True,WRITING,0.987831378976504
95,1776751349.422833,13,8,1.0,person,0.9670261392824366,0.85,0.080624833703041,True,True,WRITING,0.97782696499711
95,1776751349.422833,9,1,1.0,person,0.85,1.0,0.0735669881105423,True,True,WRITING,0.9856998679183778
95,1776751349.422833,27,9,0.865,person,0.5,0.5,0.4225278496742248,False,False,,0.4309888780117035
97,1776751352.6239665,1,20,1.0,person,0.55,1.0,0.098044104874134,False,False,,0.7219755245106562
97,1776751352.6239665,2,2,1.0,person,0.85,1.0,0.1868987828493118,True,True,WRITING,0.9774222750039328
97,1776751352.6239665,3,3,1.0,person,0.85,1.0,0.0796202048659324,True,True,WRITING,0.9913153364544822
97,1776751352.6239665,5,4,1.0,person,0.9586854368196006,1.0,0.1010100692510604,True,True,WRITING,0.9915632782947448
97,1776751352.6239665,7,5,1.0,person,0.55,1.0,0.066068984568119,False,False,,0.7452787544046129
97,1776751352.6239665,10,7,1.0,person,0.85,1.0,0.0617054998874664,True,True,WRITING,0.9893671891519
97,1776751352.6239665,13,8,1.0,person,0.85,0.85,0.082478292286396,True,True,WRITING,0.9786523502497444
97,1776751352.6239665,9,1,1.0,person,0.85,1.0,0.2273800671100616,True,True,WRITING,0.9855676272085736
99,1776751355.8291671,1,20,1.0,person,0.55,1.0,0.1180928573012352,False,False,,0.7214715161493847
99,1776751355.8291671,2,2,1.0,person,0.85,1.0,0.2375605106353759,True,True,WRITING,0.9800468214920588
99,1776751355.8291671,3,3,1.0,person,0.85,1.0,0.0727874413132667,True,True,WRITING,0.9918207036597388
99,1776751355.8291671,5,4,1.0,person,0.9665996596337444,1.0,0.0852557569742202,True,True,WRITING,0.9919888561680202
99,1776751355.8291671,7,5,1.0,person,0.55,1.0,0.1515419632196426,False,False,,0.7404584813685644
99,1776751355.8291671,10,7,1.0,person,0.85,1.0,0.1030260771512985,True,True,WRITING,0.9902411521900266
99,1776751355.8291671,13,8,1.0,person,0.85,0.85,0.7253796458244324,True,True,WRITING,0.974421514641671
99,1776751355.8291671,9,1,1.0,person,0.85,1.0,0.2178035676479339,True,True,WRITING,0.9863072761467524
99,1776751355.8291671,27,9,1.0,person,0.5,0.5,0.290665328502655,False,False,,0.491989133755366
101,1776751360.0652192,1,20,1.0,person,0.55,1.0,0.2015722095966339,False,False,,0.716691818975267
101,1776751360.0652192,2,2,1.0,person,0.85,0.85,0.330325037240982,True,True,WRITING,0.978933308096159
101,1776751360.0652192,3,3,1.0,person,0.85,1.0,0.0996519848704338,True,True,WRITING,0.9923286657957804
101,1776751360.0652192,5,4,1.0,person,0.9518461269468204,1.0,0.1602865159511566,True,True,WRITING,0.992347362495604
101,1776751360.0652192,7,5,1.0,person,0.55,1.0,0.2456720620393753,False,False,,0.7296375227825983
101,1776751360.0652192,10,7,1.0,person,0.85,1.0,0.0518653020262718,True,True,WRITING,0.9912250070344834
101,1776751360.0652192,13,8,1.0,person,0.85,0.85,0.2174851447343826,True,True,WRITING,0.9744321398791812
101,1776751360.0652192,9,1,1.0,person,0.85,1.0,0.1514675468206405,True,True,WRITING,0.987368439634641
101,1776751360.0652192,27,9,1.0,person,0.5,0.5,0.3907354474067688,False,False,,0.4780477742354075
103,1776751363.5098062,1,20,1.0,person,0.55,1.0,0.0727449655532836,False,False,,0.722022708682787
103,1776751363.5098062,2,2,1.0,person,0.85,0.85,0.3917507529258728,True,True,WRITING,0.9781472150768552
103,1776751363.5098062,3,3,1.0,person,0.85,1.0,0.0931727141141891,True,True,WRITING,0.9938438953388306
103,1776751363.5098062,5,4,1.0,person,0.9424412978138286,1.0,0.1928139328956604,True,True,WRITING,0.992414864046233
103,1776751363.5098062,7,5,1.0,person,0.55,1.0,0.07957723736763,False,False,,0.7314587526378178
103,1776751363.5098062,10,7,1.0,person,0.85,1.0,0.1809932887554168,True,True,WRITING,0.9920571325790312
103,1776751363.5098062,13,8,1.0,person,0.85,0.85,0.1003166809678077,True,True,WRITING,0.9749563613108226
103,1776751363.5098062,9,1,1.0,person,0.85,1.0,0.1755019724369049,True,True,WRITING,0.9895252251908891
103,1776751363.5098062,27,9,1.0,person,0.5,0.5,0.2199521958827972,False,False,,0.4886480597654978
105,1776751366.5686033,1,20,1.0,person,0.55,1.0,0.1452042609453201,False,False,,0.7210848452079862
105,1776751366.5686033,2,2,1.0,person,0.85,0.85,0.31120765209198,True,True,WRITING,0.9781057494027272
105,1776751366.5686033,3,3,1.0,person,0.85,1.0,0.0606342330574989,True,True,WRITING,0.99542427275862
105,1776751366.5686033,5,4,1.0,person,0.9576351143213522,1.0,0.250176191329956,True,True,WRITING,0.9918066256103062
105,1776751366.5686033,7,5,1.0,person,0.55,1.0,0.0934057459235191,False,False,,0.7312474421092441
105,1776751366.5686033,10,7,1.0,person,0.85,1.0,0.0681095793843269,True,True,WRITING,0.9949713122277032
105,1776751366.5686033,13,8,1.0,person,0.9766635094173104,0.85,0.4053691029548645,True,True,WRITING,0.9728564059450512
105,1776751366.5686033,9,1,1.0,person,0.85,1.0,0.3337182700634002,True,True,WRITING,0.9888968382562908
107,1776751369.5047245,1,20,1.0,person,0.55,1.0,0.3571364283561706,False,False,,0.7077654394365492
107,1776751369.5047245,2,2,1.0,person,0.85,0.85,0.2602399289608001,True,True,WRITING,0.977103177280653
107,1776751369.5047245,3,3,1.0,person,0.85,1.0,0.1414776146411895,True,True,WRITING,0.9953224403517588
107,1776751369.5047245,5,4,1.0,person,0.9686183955287816,1.0,0.0882490426301956,True,True,WRITING,0.9927494171119872
107,1776751369.5047245,7,5,1.0,person,0.55,1.0,0.1106739789247512,False,False,,0.7302112614824657
107,1776751369.5047245,10,7,1.0,person,0.85,1.0,0.1524944007396698,True,True,WRITING,0.9945548680566606
107,1776751369.5047245,13,8,1.0,person,0.9604955443159924,0.85,0.2405297011137008,True,True,WRITING,0.972218223980495
107,1776751369.5047245,9,1,1.0,person,0.85,1.0,0.148706167936325,True,True,WRITING,0.9902259920324598
109,1776751372.1279552,1,20,1.0,person,0.55,1.0,0.3759025037288666,False,False,,0.6918031339134488
109,1776751372.1279552,2,2,1.0,person,0.85,0.85,0.1341135948896408,True,True,WRITING,0.9762451613233202
109,1776751372.1279552,3,3,1.0,person,0.85,1.0,0.0908731967210769,True,True,WRITING,0.995324669849305
109,1776751372.1279552,5,4,1.0,person,0.961635086284952,1.0,0.1085811406373977,True,True,WRITING,0.9929299347457432
109,1776751372.1279552,7,5,1.0,person,0.55,1.0,0.1026698946952819,False,False,,0.7293213336240677
109,1776751372.1279552,10,7,1.0,person,0.85,1.0,0.2063346356153488,True,True,WRITING,0.9937517309472672
109,1776751372.1279552,13,8,1.0,person,0.9549047734470304,0.85,0.0735524296760559,True,True,WRITING,0.9730642955927622
109,1776751372.1279552,9,1,1.0,person,0.85,1.0,0.2078489959239959,True,True,WRITING,0.9901267020475296
111,1776751374.5639768,1,20,1.0,person,0.55,1.0,0.1901920884847641,False,False,,0.6911668607166835
111,1776751374.5639768,2,2,1.0,person,0.85,0.85,0.3138138055801391,True,True,WRITING,0.9741177175726208
111,1776751374.5639768,3,3,1.0,person,0.85,1.0,0.1143790632486343,True,True,WRITING,0.9951692819595336
111,1776751374.5639768,5,4,1.0,person,0.9723591114291688,1.0,0.0817774385213851,True,True,WRITING,0.993376653818857
111,1776751374.5639768,7,5,1.0,person,0.55,1.0,0.1278448402881622,False,False,,0.7266108173699606
111,1776751374.5639768,10,7,1.0,person,0.85,1.0,0.1239171773195266,True,True,WRITING,0.9937326148861932
111,1776751374.5639768,13,8,1.0,person,0.963750306498357,0.85,0.1102789044380188,True,True,WRITING,0.9735795188517796
111,1776751374.5639768,9,1,1.0,person,0.85,1.0,0.2957446277141571,True,True,WRITING,0.9888391835348948
113,1776751377.5364382,1,20,1.0,person,0.55,1.0,0.3074538111686706,False,False,,0.6808944841225942
113,1776751377.5364382,2,2,1.0,person,0.85,0.85,0.205052450299263,True,True,WRITING,0.9729370999903906
113,1776751377.5364382,3,3,1.0,person,0.85,1.0,0.1329261064529419,True,True,WRITING,0.9947938904875802
113,1776751377.5364382,5,4,1.0,person,0.9784354744171104,1.0,0.0715259984135627,True,True,WRITING,0.9937771551665804
113,1776751377.5364382,7,5,1.0,person,0.55,1.0,0.0977747291326522,False,False,,0.7266347308953603
113,1776751377.5364382,10,7,1.0,person,0.85,1.0,0.059562724083662,True,True,WRITING,0.9940211843876612
113,1776751377.5364382,13,8,1.0,person,0.9612606309399844,0.85,0.1365945637226104,True,True,WRITING,0.9738997185514086
113,1776751377.5364382,9,1,1.0,person,0.85,1.0,0.2758232653141022,True,True,WRITING,0.988399251585915
115,1776751380.1932695,1,20,1.0,person,0.55,1.0,0.206226497888565,False,False,,0.6789406105166389
115,1776751380.1932695,2,2,1.0,person,0.85,0.85,0.1629379987716674,True,True,WRITING,0.97247775608585
115,1776751380.1932695,3,3,1.0,person,0.85,1.0,0.0809797570109367,True,True,WRITING,0.9948587183441434
115,1776751380.1932695,5,4,1.0,person,0.9789862331413646,1.0,0.0490153804421424,True,True,WRITING,0.9942914353949682
115,1776751380.1932695,7,5,1.0,person,0.55,1.0,0.1112851724028587,False,False,,0.7283510118722916
115,1776751380.1932695,10,7,1.0,person,0.85,1.0,0.0561318919062614,True,True,WRITING,0.9944846459797452
115,1776751380.1932695,13,8,1.0,person,0.9709328119816204,0.85,0.1081404462456703,True,True,WRITING,0.9767853248687018
115,1776751380.1932695,9,1,1.0,person,0.85,0.85,0.2127390801906585,True,True,WRITING,0.9859796606359028
117,1776751382.9941602,1,20,1.0,person,0.55,1.0,0.1443696618080139,False,False,,0.6839153298309871
117,1776751382.9941602,2,2,1.0,person,0.85,0.85,0.0982000827789306,True,True,WRITING,0.9740947782993316
117,1776751382.9941602,3,3,1.0,person,0.85,1.0,0.0827507898211479,True,True,WRITING,0.9950096025353384
117,1776751382.9941602,5,4,1.0,person,0.9610007546786804,1.0,0.0870629474520683,True,True,WRITING,0.99473504225413
117,1776751382.9941602,7,5,1.0,person,0.55,1.0,0.1615789830684662,False,False,,0.729212108112517
117,1776751382.9941602,10,7,1.0,person,0.85,1.0,0.0790822952985763,True,True,WRITING,0.9945462246735892
117,1776751382.9941602,13,8,1.0,person,0.85,0.85,0.1724593043327331,True,True,WRITING,0.9769536221311204
117,1776751382.9941602,9,1,1.0,person,0.85,0.85,0.1491449773311615,True,True,WRITING,0.9840286657923744
119,1776751385.6750507,1,20,1.0,person,0.55,1.0,0.2882362604141235,False,False,,0.675345764983268
119,1776751385.6750507,2,2,1.0,person,0.85,0.85,0.1397349536418914,True,True,WRITING,0.9754468855403718
119,1776751385.6750507,3,3,1.0,person,0.85,1.0,0.1039626151323318,True,True,WRITING,0.9949505300748914
119,1776751385.6750507,5,4,1.0,person,0.974620506897768,1.0,0.0725031420588493,True,True,WRITING,0.995372568567594
119,1776751385.6750507,7,5,1.0,person,0.55,1.0,0.164307564496994,False,False,,0.7247452934583029
119,1776751385.6750507,10,7,1.0,person,0.85,1.0,0.0900676995515823,True,True,WRITING,0.994993630619276
119,1776751385.6750507,13,8,1.0,person,0.85,0.85,0.2015646696090698,True,True,WRITING,0.9764341186909448
119,1776751385.6750507,9,1,1.0,person,0.85,1.0,0.2239351272583007,True,True,WRITING,0.9842174407981692
121,1776751388.245342,1,20,1.0,person,0.55,1.0,0.186528280377388,False,False,,0.6766531495820907
121,1776751388.245342,2,2,1.0,person,0.85,0.85,0.1063854917883873,True,True,WRITING,0.9766392331747782
121,1776751388.245342,3,3,1.0,person,0.85,1.0,0.1086862534284591,True,True,WRITING,0.994742303377106
121,1776751388.245342,5,4,1.0,person,0.9634757104124096,1.0,0.0712950304150581,True,True,WRITING,0.9961534099919456
121,1776751388.245342,7,5,1.0,person,0.55,1.0,0.1174282282590866,False,False,,0.7242023441053572
121,1776751388.245342,10,7,1.0,person,0.85,1.0,0.309701532125473,True,True,WRITING,0.9931534713222866
121,1776751388.245342,13,8,1.0,person,0.85,0.85,0.2686145305633545,True,True,WRITING,0.97650560878572
121,1776751388.245342,9,1,1.0,person,0.85,1.0,0.2072370946407318,True,True,WRITING,0.9851392585606802
123,1776751390.904241,1,20,1.0,person,0.55,1.0,0.0988715663552284,False,False,,0.6900562998794374
123,1776751390.904241,2,2,1.0,person,0.85,0.85,0.1558888703584671,True,True,WRITING,0.977115110982032
123,1776751390.904241,3,3,1.0,person,0.85,1.0,0.1507026851177215,True,True,WRITING,0.9945012664511088
123,1776751390.904241,5,4,1.0,person,0.975916071166415,1.0,0.0775533020496368,True,True,WRITING,0.99619731094156
123,1776751390.904241,7,5,1.0,person,0.55,1.0,0.1156962662935257,False,False,,0.724382628997167
123,1776751390.904241,10,7,1.0,person,0.85,1.0,0.4801531732082367,True,True,WRITING,0.9903380622466406
123,1776751390.904241,13,8,1.0,person,0.85,0.85,0.4392553269863128,True,True,WRITING,0.9744849786871956
123,1776751390.904241,9,1,1.0,person,0.85,1.0,0.2281644344329834,True,True,WRITING,0.985150640919095
125,1776751393.7673018,1,20,1.0,person,0.55,1.0,0.2142693698406219,False,False,,0.6950726097538357
125,1776751393.7673018,2,2,1.0,person,0.85,0.85,0.084085039794445,True,True,WRITING,0.9776767868371236
125,1776751393.7673018,3,3,1.0,person,0.85,1.0,0.188089981675148,True,True,WRITING,0.9937734277475446
125,1776751393.7673018,5,4,1.0,person,0.9771723525561712,1.0,0.0840180963277816,True,True,WRITING,0.9962535883699144
125,1776751393.7673018,7,5,1.0,person,0.55,1.0,0.1217793971300125,False,False,,0.7239526034820648
125,1776751393.7673018,10,7,1.0,person,0.85,1.0,0.2149506509304046,True,True,WRITING,0.990119993686676
125,1776751393.7673018,13,8,1.0,person,0.85,0.85,0.2562849521636963,True,True,WRITING,0.97351103524367
125,1776751393.7673018,9,1,1.0,person,0.85,1.0,0.2691105604171753,True,True,WRITING,0.9850793289286748
127,1776751396.9174168,1,20,1.0,person,0.55,1.0,0.1310726851224899,False,False,,0.6995596644424257
127,1776751396.9174168,2,2,1.0,person,0.85,0.85,0.1656515896320343,True,True,WRITING,0.9781707468486968
127,1776751396.9174168,3,3,1.0,person,0.85,1.0,0.1064557209610939,True,True,WRITING,0.9938676932028362
127,1776751396.9174168,5,4,1.0,person,0.9713924410541556,1.0,0.1123475283384323,True,True,WRITING,0.9959634414740972
127,1776751396.9174168,7,5,1.0,person,0.55,1.0,0.2349468469619751,False,False,,0.7167883607603255
127,1776751396.9174168,10,7,1.0,person,0.85,1.0,0.6823920011520386,True,True,WRITING,0.9857173625911986
127,1776751396.9174168,13,8,1.0,person,0.85,0.85,0.3756968975067138,True,True,WRITING,0.9717819307531628
127,1776751396.9174168,9,1,1.0,person,0.85,1.0,0.1018189638853073,True,True,WRITING,0.9867524866546904
129,1776751399.7981243,1,20,1.0,person,0.55,1.0,0.33954057097435,False,False,,0.6932176770198913
129,1776751399.7981243,2,2,1.0,person,0.85,0.85,0.1610266119241714,True,True,WRITING,0.97822662904149
129,1776751399.7981243,3,3,1.0,person,0.85,1.0,0.1234750971198082,True,True,WRITING,0.9938816555908748
129,1776751399.7981243,5,4,1.0,person,0.9531398678127588,1.0,0.1155548468232154,True,True,WRITING,0.995628148317337
129,1776751399.7981243,7,5,1.0,person,0.55,1.0,0.185016244649887,False,False,,0.7126036825634183
129,1776751399.7981243,10,7,1.0,person,0.85,1.0,0.3644604980945587,True,True,WRITING,0.9840667481933322
129,1776751399.7981243,13,8,1.0,person,0.9861203073640284,0.85,0.3889062404632568,True,True,WRITING,0.9701947271823884
129,1776751399.7981243,9,1,1.0,person,0.85,1.0,0.291699469089508,True,True,WRITING,0.9866567310832796
131,1776751402.2940907,1,20,1.0,person,0.55,1.0,0.3038372099399566,False,False,,0.6865164971067793
131,1776751402.2940907,2,2,1.0,person,0.85,0.85,0.166911631822586,True,True,WRITING,0.9780568480491638
131,1776751402.2940907,3,3,1.0,person,0.85,1.0,0.182160198688507,True,True,WRITING,0.993215432479268
131,1776751402.2940907,5,4,1.0,person,0.9581597172953038,1.0,0.0560417585074901,True,True,WRITING,0.9957346149853298
131,1776751402.2940907,7,5,1.0,person,0.55,1.0,0.2046355754137039,False,False,,0.7079124982867921
131,1776751402.2940907,10,7,1.0,person,0.85,1.0,0.2558524310588836,True,True,WRITING,0.9834904344308943
131,1776751402.2940907,13,8,1.0,person,0.85,0.85,0.5503635406494141,True,True,WRITING,0.9673106017566864
131,1776751402.2940907,9,1,1.0,person,0.85,1.0,0.5549940466880798,True,True,WRITING,0.9852224247796194
133,1776751405.122761,1,20,1.0,person,0.55,1.0,0.4303815960884094,False,False,,0.6700765008018129
133,1776751405.122761,2,2,1.0,person,0.85,1.0,0.0922022983431816,True,True,WRITING,0.9807808044410888
133,1776751405.122761,3,3,1.0,person,0.85,1.0,0.2321741878986358,True,True,WRITING,0.9921989767324356
133,1776751405.122761,5,4,1.0,person,0.968598916614466,1.0,0.1769919842481613,True,True,WRITING,0.9949732252529688
133,1776751405.122761,7,5,1.0,person,0.55,1.0,0.1571989506483078,False,False,,0.7082652492182596
133,1776751405.122761,10,7,1.0,person,0.85,1.0,0.1758961975574493,True,True,WRITING,0.9837812674897058
133,1776751405.122761,13,8,1.0,person,0.85,0.85,0.3418068289756775,True,True,WRITING,0.96665738877796
133,1776751405.122761,9,1,1.0,person,0.85,1.0,0.6923562288284302,True,True,WRITING,0.9824414593832834
135,1776751409.321386,1,20,1.0,person,0.55,1.0,0.2064616680145263,False,False,,0.6740369363909675
135,1776751409.321386,2,2,1.0,person,0.85,0.85,0.100309170782566,True,True,WRITING,0.980903399132547
135,1776751409.321386,3,3,1.0,person,0.85,1.0,0.3886073231697082,True,True,WRITING,0.9900436032386052
135,1776751409.321386,5,4,1.0,person,0.9543866897331342,1.0,0.0991143137216568,True,True,WRITING,0.9948623492604208
135,1776751409.321386,7,5,1.0,person,0.55,1.0,0.1850069016218185,False,False,,0.7068212380011877
135,1776751409.321386,10,7,1.0,person,0.85,1.0,0.1468967795372009,True,True,WRITING,0.9844106279668352
135,1776751409.321386,13,8,1.0,person,0.85,1.0,0.3266187310218811,True,True,WRITING,0.9688354922192438
135,1776751409.321386,9,1,1.0,person,0.85,1.0,0.5196831822395325,True,True,WRITING,0.9804398907082422
137,1776751412.7363987,1,20,1.0,person,0.55,1.0,0.2127351760864257,False,False,,0.6742837996709915
137,1776751412.7363987,2,2,1.0,person,0.85,0.85,0.2585941553115845,True,True,WRITING,0.9795643829164052
137,1776751412.7363987,3,3,1.0,person,0.85,1.0,0.2070922553539276,True,True,WRITING,0.9895871608030228
137,1776751412.7363987,5,4,1.0,person,0.9637411498064976,1.0,0.1645280420780182,True,True,WRITING,0.994217886101632
137,1776751412.7363987,7,5,1.0,person,0.55,1.0,0.1378349959850311,False,False,,0.7072811758234386
137,1776751412.7363987,10,7,1.0,person,0.85,1.0,0.1687771528959274,True,True,WRITING,0.985675884854226
137,1776751412.7363987,13,8,1.0,person,0.85,1.0,0.2339545041322708,True,True,WRITING,0.971921131014824
137,1776751412.7363987,9,1,1.0,person,0.85,1.0,0.7541972398757935,True,True,WRITING,0.9766004362276622
139,1776751416.4031236,1,20,1.0,person,0.55,1.0,0.1913100183010101,False,False,,0.6735793167636507
139,1776751416.4031236,2,2,1.0,person,0.85,0.85,0.1097766906023025,True,True,WRITING,0.9797329072441372
139,1776751416.4031236,3,3,1.0,person,0.85,1.0,0.303704559803009,True,True,WRITING,0.9885342525584356
139,1776751416.4031236,5,4,1.0,person,0.9599693979067926,1.0,0.0804048925638198,True,True,WRITING,0.9943522903181258
139,1776751416.4031236,7,5,1.0,person,0.55,1.0,0.2807736396789551,False,False,,0.698259561544373
139,1776751416.4031236,10,7,1.0,person,0.85,1.0,0.8853921890258789,True,True,WRITING,0.981494223787671
139,1776751416.4031236,13,8,1.0,person,0.85,1.0,0.4599079489707947,True,True,WRITING,0.9735340490227652
139,1776751416.4031236,9,1,1.0,person,0.85,1.0,0.350858986377716,True,True,WRITING,0.9765224492266066
141,1776751419.4859636,1,20,1.0,person,0.55,1.0,0.3247058987617492,False,False,,0.6677190420173463
141,1776751419.4859636,2,2,1.0,person,0.85,0.85,0.0856441557407379,True,True,WRITING,0.9798186499448048
141,1776751419.4859636,3,3,1.0,person,0.85,1.0,0.1266588270664215,True,True,WRITING,0.9891813276779085
141,1776751419.4859636,5,4,1.0,person,0.9603056957553924,1.0,0.0660601630806922,True,True,WRITING,0.9946310172478358
141,1776751419.4859636,7,5,1.0,person,0.55,1.0,0.1533174812793731,False,False,,0.6986949124506542
141,1776751419.4859636,10,7,1.0,person,0.85,1.0,0.2479371726512909,True,True,WRITING,0.9819187493551346
141,1776751419.4859636,13,8,1.0,person,0.85,1.0,0.4293960928916931,True,True,WRITING,0.9745814899603524
141,1776751419.4859636,9,1,1.0,person,0.85,1.0,0.5979417562484741,True,True,WRITING,0.97460470809823
143,1776751423.0724275,1,20,1.0,person,0.55,1.0,0.2718377113342285,False,False,,0.6635321513527915
143,1776751423.0724275,2,2,1.0,person,0.85,1.0,0.2455756962299347,True,True,WRITING,0.9813638677199682
143,1776751423.0724275,3,3,1.0,person,0.85,1.0,0.1469868719577789,True,True,WRITING,0.9893308778603872
143,1776751423.0724275,5,4,1.0,person,0.9627903407260832,1.0,0.1089401096105575,True,True,WRITING,0.9946428998595191
143,1776751423.0724275,7,5,1.0,person,0.55,1.0,0.182765394449234,False,False,,0.7005506030150821
143,1776751423.0724275,10,7,1.0,person,0.85,1.0,0.4224025309085846,True,True,WRITING,0.9825784656263532
143,1776751423.0724275,13,8,1.0,person,0.85,0.85,0.1718652993440628,True,True,WRITING,0.975625970533916
143,1776751423.0724275,9,1,1.0,person,0.85,1.0,0.2729799151420593,True,True,WRITING,0.9749932494901477
145,1776751426.2418437,1,20,1.0,person,0.55,1.0,0.1970777958631515,False,False,,0.6709557856832231
145,1776751426.2418437,2,2,1.0,person,0.85,1.0,0.136897400021553,True,True,WRITING,0.983667221807298
145,1776751426.2418437,3,3,1.0,person,0.85,1.0,0.1119514480233192,True,True,WRITING,0.9898573011159896
145,1776751426.2418437,5,4,1.0,person,0.9742924288799896,1.0,0.1283336728811264,True,True,WRITING,0.9945026032981418
145,1776751426.2418437,7,5,1.0,person,0.55,1.0,0.1027377620339393,False,False,,0.7060664069084894
145,1776751426.2418437,10,7,1.0,person,0.85,1.0,0.3211270272731781,True,True,WRITING,0.9827919197934016
145,1776751426.2418437,13,8,1.0,person,0.85,0.85,0.2726933360099792,True,True,WRITING,0.9757560583807172
145,1776751426.2418437,9,1,1.0,person,0.85,1.0,0.3398351371288299,True,True,WRITING,0.9756046810320446
147,1776751429.0701191,1,20,1.0,person,0.55,1.0,0.3211432099342346,False,False,,0.6684099123591469
147,1776751429.0701191,2,2,1.0,person,0.85,0.85,0.2757282853126526,True,True,WRITING,0.9821417374270304
147,1776751429.0701191,3,3,1.0,person,0.85,1.0,0.1585954129695892,True,True,WRITING,0.9901977500745228
147,1776751429.0701191,5,4,1.0,person,0.9699103288790982,1.0,0.1017369627952575,True,True,WRITING,0.9943790024235136
147,1776751429.0701191,7,5,1.0,person,0.55,1.0,0.2798457741737366,False,False,,0.6999437567733583
147,1776751429.0701191,10,7,1.0,person,0.85,1.0,0.3670506775379181,True,True,WRITING,0.98220899275371
147,1776751429.0701191,13,8,1.0,person,0.85,0.85,0.1851445734500885,True,True,WRITING,0.977123179606029
147,1776751429.0701191,9,1,1.0,person,0.85,1.0,0.2176220417022705,True,True,WRITING,0.9782035499811172
149,1776751432.473724,1,20,1.0,person,0.55,1.0,0.0854361653327941,False,False,,0.685275803009669
149,1776751432.473724,2,2,1.0,person,0.85,1.0,0.3266025185585022,True,True,WRITING,0.9814188267503464
149,1776751432.473724,3,3,1.0,person,0.85,1.0,0.1071754544973373,True,True,WRITING,0.991131292922156
149,1776751432.473724,5,4,1.0,person,0.9756066946851036,1.0,0.0738242268562316,True,True,WRITING,0.9949471758944648
149,1776751432.473724,7,5,1.0,person,0.55,1.0,0.1433062553405761,False,False,,0.7019265499852952
149,1776751432.473724,10,7,1.0,person,0.85,1.0,0.102181889116764,True,True,WRITING,0.9836139373836064
149,1776751432.473724,13,8,1.0,person,0.85,1.0,0.0909884497523307,True,True,WRITING,0.9808126964739392
149,1776751432.473724,9,1,1.0,person,0.85,1.0,0.1829793751239776,True,True,WRITING,0.9813808777502604
151,1776751436.2138486,1,20,1.0,person,0.55,1.0,0.2571977972984314,False,False,,0.6826506072566622
151,1776751436.2138486,2,2,1.0,person,0.85,1.0,0.1156213656067848,True,True,WRITING,0.9836940006131216
151,1776751436.2138486,3,3,1.0,person,0.85,1.0,0.1445163041353225,True,True,WRITING,0.9922379574605396
151,1776751436.2138486,5,4,1.0,person,0.9744595926643616,1.0,0.1406144350767135,True,True,WRITING,0.9946192148185912
151,1776751436.2138486,7,5,1.0,person,0.55,1.0,0.1944241374731063,False,False,,0.7012298447745188
151,1776751436.2138486,10,7,1.0,person,0.85,1.0,0.4532860815525055,True,True,WRITING,0.9819455700261254
151,1776751436.2138486,13,8,1.0,person,0.85,0.85,0.0860539078712463,True,True,WRITING,0.980589802776064
151,1776751436.2138486,9,1,1.0,person,0.85,1.0,0.1721609383821487,True,True,WRITING,0.9837284655798048
153,1776751439.4919553,1,20,1.0,person,0.55,1.0,0.2800122797489166,False,False,,0.6789252899941944
153,1776751439.4919553,2,2,1.0,person,0.85,1.0,0.1879762262105941,True,True,WRITING,0.985762059688568
153,1776751439.4919553,3,3,1.0,person,0.85,1.0,0.1555596590042114,True,True,WRITING,0.9924590310880116
153,1776751439.4919553,5,4,1.0,person,0.98861112562568,1.0,0.139876589179039,True,True,WRITING,0.994555725937798
153,1776751439.4919553,7,5,1.0,person,0.55,1.0,0.1619076132774353,False,False,,0.7013979873486927
153,1776751439.4919553,10,7,1.0,person,0.85,1.0,0.5840148329734802,True,True,WRITING,0.9794483191910244
153,1776751439.4919553,13,8,1.0,person,0.85,0.85,0.1289133727550506,True,True,WRITING,0.9797141693887256
153,1776751439.4919553,9,1,1.0,person,0.85,1.0,0.1595913469791412,True,True,WRITING,0.9868114917051226
155,1776751444.232645,1,20,1.0,person,0.55,1.0,0.1675760746002197,False,False,,0.6824039369821548
155,1776751444.232645,2,2,1.0,person,0.85,1.0,0.191495880484581,True,True,WRITING,0.9870486869698478
155,1776751444.232645,3,3,1.0,person,0.85,1.0,0.1380100399255752,True,True,WRITING,0.9931407230240956
155,1776751444.232645,5,4,1.0,person,0.9781841297609816,1.0,0.1989868432283401,True,True,WRITING,0.9936845437401816
155,1776751444.232645,7,5,1.0,person,0.55,1.0,0.0785282403230667,False,False,,0.7113233421530042
155,1776751444.232645,10,7,1.0,person,0.85,1.0,0.1856992095708847,True,True,WRITING,0.983076864764804
155,1776751444.232645,13,8,1.0,person,0.85,0.85,0.080006904900074,True,True,WRITING,0.9801691188698722
155,1776751444.232645,9,1,1.0,person,0.85,1.0,0.2055318355560302,True,True,WRITING,0.9877172495637622
157,1776751447.0229092,1,20,1.0,person,0.55,1.0,0.1151449903845787,False,False,,0.6930762784821646
157,1776751447.0229092,2,2,1.0,person,0.85,0.85,0.2063551396131515,True,True,WRITING,0.9854953807024728
157,1776751447.0229092,3,3,1.0,person,0.85,1.0,0.1172395572066307,True,True,WRITING,0.993264561607724
157,1776751447.0229092,5,4,1.0,person,0.990865178865544,1.0,0.1456292569637298,True,True,WRITING,0.9932773560285568
157,1776751447.0229092,7,5,1.0,person,0.55,1.0,0.1025722473859787,False,False,,0.7150410903351648
157,1776751447.0229092,10,7,1.0,person,0.85,1.0,0.1445241868495941,True,True,WRITING,0.984355425550824
157,1776751447.0229092,13,8,1.0,person,0.85,0.85,0.1078343018889427,True,True,WRITING,0.9802356461683908
157,1776751447.0229092,9,1,1.0,person,0.85,1.0,0.1194079369306564,True,True,WRITING,0.990136641122046
157,1776751447.0229092,32,8,1.0,person,0.5,0.5,0.0,False,False,,0.6000000000000001
159,1776751450.959738,2,2,1.0,person,0.85,1.0,0.3430253565311432,True,True,WRITING,0.984874753015382
159,1776751450.959738,3,3,1.0,person,0.85,1.0,0.2259074449539184,True,True,WRITING,0.992549833087694
159,1776751450.959738,5,4,1.0,person,0.965727889739312,1.0,0.0987610071897506,True,True,WRITING,0.9934612413247428
159,1776751450.959738,7,5,1.0,person,0.55,1.0,0.146577700972557,False,False,,0.7164248639629
159,1776751450.959738,10,7,1.0,person,0.85,1.0,0.3302047550678253,True,True,WRITING,0.9846481844073248
159,1776751450.959738,13,8,1.0,person,0.85,1.0,0.1320675611495971,True,True,WRITING,0.9827390682129632
159,1776751450.959738,9,1,1.0,person,0.85,1.0,0.1310464143753051,True,True,WRITING,0.9910136255479992
159,1776751450.959738,32,8,1.0,person,0.5,0.5,0.4617349207401275,False,False,,0.415306031703949
159,1776751450.959738,33,9,0.777,person,0.5,0.5,0.0,False,False,,0.5139975455072192
161,1776751454.1130092,2,2,1.0,person,0.85,1.0,0.2983608841896057,True,True,WRITING,0.9842962054979232
161,1776751454.1130092,3,3,1.0,person,0.85,1.0,0.1685424745082855,True,True,WRITING,0.9922349928390412
161,1776751454.1130092,5,4,1.0,person,0.9627600846575998,1.0,0.0773142725229263,True,True,WRITING,0.9938870526495434
161,1776751454.1130092,7,5,1.0,person,0.55,1.0,0.1764099895954132,False,False,,0.7133609900871912
161,1776751454.1130092,10,7,1.0,person,0.85,1.0,0.2350132465362548,True,True,WRITING,0.9853176240410124
161,1776751454.1130092,13,8,1.0,person,0.85,1.0,0.1444140523672104,True,True,WRITING,0.9852974336771738
161,1776751454.1130092,9,1,1.0,person,0.85,1.0,0.1938964575529098,True,True,WRITING,0.9915211520024708
161,1776751454.1130092,32,8,1.0,person,0.5,0.5,0.486435979604721,False,False,,0.4519578364160326
161,1776751454.1130092,33,9,1.0,person,0.5,0.5,0.3026586174964905,False,False,,0.507104379979391
161,1776751454.1130092,1,20,1.0,person,0.55,1.0,0.1575740724802017,False,False,,0.6984115952537174
163,1776751458.3022952,2,2,1.0,person,0.85,1.0,0.1298708170652389,True,True,WRITING,0.9867850967815944
163,1776751458.3022952,3,3,1.0,person,0.85,1.0,0.1370695382356643,True,True,WRITING,0.9923827045020605
163,1776751458.3022952,5,4,1.0,person,0.9694630222344536,1.0,0.0393294617533683,True,True,WRITING,0.9945040472916196
163,1776751458.3022952,7,5,1.0,person,0.55,1.0,0.3247899413108825,False,False,,0.7058161695798238
163,1776751458.3022952,10,7,1.0,person,0.85,1.0,0.2194235771894455,True,True,WRITING,0.9862297390188488
163,1776751458.3022952,13,8,1.0,person,0.85,0.85,0.0893144235014915,True,True,WRITING,0.9852473650659832
163,1776751458.3022952,9,1,1.0,person,0.85,1.0,0.1660019606351852,True,True,WRITING,0.9917377815360114
163,1776751458.3022952,32,8,1.0,person,0.5,0.5,0.4660743772983551,False,False,,0.4427652054362826
163,1776751458.3022952,33,9,1.0,person,0.5,0.5,0.2923544049263,False,False,,0.5030925674097878
163,1776751458.3022952,1,20,1.0,person,0.55,1.0,0.1249220520257949,False,False,,0.7032436040185747
165,1776751461.7063625,2,2,1.0,person,0.85,1.0,0.1457801312208175,True,True,WRITING,0.987986290738696
165,1776751461.7063625,3,3,1.0,person,0.55,1.0,0.2261539250612259,False,False,,0.9408992748884928
165,1776751461.7063625,5,4,1.0,person,0.9565639352652116,1.0,0.0683515071868896,True,True,WRITING,0.994742350209327
165,1776751461.7063625,7,5,1.0,person,0.55,1.0,0.1693242341279983,False,False,,0.704948623975118
165,1776751461.7063625,10,7,1.0,person,0.85,1.0,0.5833475589752197,True,True,WRITING,0.983075316463198
165,1776751461.7063625,13,8,1.0,person,0.85,1.0,0.244246557354927,True,True,WRITING,0.9849414562895183
165,1776751461.7063625,9,1,1.0,person,0.85,1.0,0.2108914852142334,True,True,WRITING,0.9914258796544304
165,1776751461.7063625,32,8,1.0,person,0.5,0.5,0.3830292224884033,False,False,,0.4459460693597794
165,1776751461.7063625,33,9,1.0,person,0.5,0.5,1.0,False,False,,0.4788968227448917
165,1776751461.7063625,1,20,1.0,person,0.55,1.0,0.1820081919431686,False,False,,0.7074709889434633
167,1776751464.4984794,2,2,1.0,person,0.85,0.85,0.3291387856006622,True,True,WRITING,0.9842983548130309
167,1776751464.4984794,3,3,1.0,person,0.85,1.0,0.1584392488002777,True,True,WRITING,0.94449749872798
167,1776751464.4984794,5,4,1.0,person,0.965327347719152,1.0,0.1088920682668685,True,True,WRITING,0.9948780948207492
167,1776751464.4984794,7,5,1.0,person,0.55,1.0,0.2309716045856475,False,False,,0.7015556529873893
167,1776751464.4984794,10,7,1.0,person,0.85,1.0,0.2262191772460937,True,True,WRITING,0.984437313108217
167,1776751464.4984794,13,8,1.0,person,0.85,0.85,1.0,True,True,WRITING,0.976982630037126
167,1776751464.4984794,9,1,1.0,person,0.85,1.0,0.1570375561714172,True,True,WRITING,0.9915407392240706
167,1776751464.4984794,32,8,1.0,person,0.5,0.5,0.4829340875148773,False,False,,0.4383941345744663
167,1776751464.4984794,33,9,1.0,person,0.5,0.5,1.0,False,False,,0.4691542534601121
167,1776751464.4984794,1,20,1.0,person,0.55,1.0,0.1538890451192855,False,False,,0.7061759460540045
169,1776751467.314115,2,2,1.0,person,0.85,0.85,0.1806336343288421,True,True,WRITING,0.9824120373952956
169,1776751467.314115,3,3,1.0,person,0.85,1.0,0.4329502582550049,True,True,WRITING,0.9458558651663008
169,1776751467.314115,5,4,1.0,person,0.9854783098868172,1.0,0.2816151976585388,True,True,WRITING,0.9935529693251564
169,1776751467.314115,7,5,1.0,person,0.55,1.0,0.2479473054409027,False,False,,0.6962759594122568
169,1776751467.314115,10,7,1.0,person,0.85,1.0,0.919057071208954,True,True,WRITING,0.9803573950415566
169,1776751467.314115,13,8,1.0,person,0.85,0.85,1.0,True,True,WRITING,0.969720892906189
169,1776751467.314115,9,1,1.0,person,0.85,1.0,0.2380529940128326,True,True,WRITING,0.9909265743834632
169,1776751467.314115,32,8,1.0,person,0.5,0.5,0.5486437082290649,False,False,,0.4319944863281553
169,1776751467.314115,33,9,1.0,person,0.5,0.5,1.0,False,False,,0.4560130983591079
169,1776751467.314115,1,20,1.0,person,0.55,1.0,0.1318050920963287,False,False,,0.7115866101923443
171,1776751469.993294,2,2,1.0,person,0.85,0.85,0.2098751962184906,True,True,WRITING,0.9804688195387522
171,1776751469.993294,3,3,1.0,person,0.85,1.0,0.2140474617481231,True,True,WRITING,0.949140856663386
171,1776751469.993294,5,4,1.0,person,0.9801013264725502,1.0,0.1143257021903991,True,True,WRITING,0.9939173921233132
171,1776751469.993294,7,5,1.0,person,0.55,1.0,0.3467267155647278,False,False,,0.6824384232362112
171,1776751469.993294,10,7,1.0,person,0.85,1.0,0.2050188779830932,True,True,WRITING,0.9810046745198114
171,1776751469.993294,13,8,1.0,person,0.85,0.85,0.6770890951156616,True,True,WRITING,0.9654939139173144
171,1776751469.993294,9,1,1.0,person,0.85,1.0,0.4289504587650299,True,True,WRITING,0.9889323796544756
171,1776751469.993294,32,8,1.0,person,0.5,0.5,0.6002185940742493,False,False,,0.4274234431130545
171,1776751469.993294,33,9,1.0,person,0.5,1.0,1.0,False,False,,0.4717279228426161
171,1776751469.993294,1,20,1.0,person,0.55,1.0,0.4805933535099029,False,False,,0.6937994602180663
173,1776751472.6746387,2,2,1.0,person,0.85,0.85,0.3577643036842346,True,True,WRITING,0.9786071897972196
173,1776751472.6746387,3,3,1.0,person,0.85,1.0,0.3044314682483673,True,True,WRITING,0.9516437266554152
173,1776751472.6746387,5,4,1.0,person,0.9716613152984752,1.0,0.2542166113853454,True,True,WRITING,0.9928751041491828
173,1776751472.6746387,7,5,1.0,person,0.55,1.0,0.2952368855476379,False,False,,0.6739976427384785
173,1776751472.6746387,10,7,1.0,person,0.85,1.0,0.5078069567680359,True,True,WRITING,0.9789931568361464
173,1776751472.6746387,13,8,1.0,person,0.85,0.85,0.3558630645275116,True,True,WRITING,0.9643986076684224
173,1776751472.6746387,9,1,1.0,person,0.85,1.0,0.1676011383533477,True,True,WRITING,0.9889415005842844
173,1776751472.6746387,32,8,1.0,person,0.5,0.5,0.6397890448570251,False,False,,0.4097101504604021
173,1776751472.6746387,33,9,1.0,person,0.55,0.5,1.0,False,False,,0.4604644835704849
173,1776751472.6746387,1,20,1.0,person,0.55,1.0,0.4964118897914886,False,False,,0.6727004228603272
175,1776751475.5984013,2,2,1.0,person,0.85,0.85,0.2856643497943878,True,True,WRITING,0.9768532032058352
175,1776751475.5984013,3,3,1.0,person,0.55,1.0,0.4376972317695617,False,False,,0.8905032362256732
175,1776751475.5984013,5,4,1.0,person,0.966839196624054,1.0,0.2376064509153366,True,True,WRITING,0.9918684867166336
175,1776751475.5984013,7,5,1.0,person,0.55,1.0,0.1779370605945587,False,False,,0.6755516039473669
175,1776751475.5984013,10,7,1.0,person,0.85,1.0,0.3814156651496887,True,True,WRITING,0.9789142871186846
175,1776751475.5984013,13,8,1.0,person,0.85,1.0,0.3823695778846741,True,True,WRITING,0.9647451689981278
175,1776751475.5984013,9,1,1.0,person,0.85,1.0,0.3430244922637939,True,True,WRITING,0.98755900987557
175,1776751475.5984013,32,8,1.0,person,0.5,0.5,1.0,False,False,,0.4075702364955629
175,1776751475.5984013,33,9,1.0,person,0.55,0.5,1.0,False,False,,0.4439526407491593
175,1776751475.5984013,1,20,1.0,person,0.55,1.0,0.6437021493911743,False,False,,0.6514300383272625
177,1776751478.5501733,2,2,1.0,person,0.85,1.0,0.2040960788726806,True,True,WRITING,0.9782638642049972
177,1776751478.5501733,3,3,1.0,person,0.85,1.0,0.2889778316020965,True,True,WRITING,0.898057915625118
177,1776751478.5501733,5,4,1.0,person,0.9517531842446948,1.0,0.2362663745880127,True,True,WRITING,0.9908790850923174
177,1776751478.5501733,7,5,1.0,person,0.55,1.0,0.1896964907646179,False,False,,0.6773232860224588
177,1776751478.5501733,10,7,1.0,person,0.85,1.0,0.2990304231643677,True,True,WRITING,0.9792124785128092
177,1776751478.5501733,13,8,1.0,person,0.85,1.0,0.2447248697280883,True,True,WRITING,0.9664318605831692
177,1776751478.5501733,9,1,1.0,person,0.85,1.0,0.2637539207935333,True,True,WRITING,0.9871877474444254
177,1776751478.5501733,32,8,1.0,person,0.5,0.5,1.0,False,False,,0.4063182817328544
177,1776751478.5501733,33,9,1.0,person,0.55,0.5,1.0,False,False,,0.4381715203324954
177,1776751478.5501733,1,20,1.0,person,0.55,1.0,0.4806882739067077,False,False,,0.6344920010793776
179,1776751481.4645066,2,2,1.0,person,0.8626902284452872,0.85,0.1301595866680145,True,True,WRITING,0.9771328036274228
179,1776751481.4645066,3,3,1.0,person,0.85,1.0,0.1650604903697967,True,True,WRITING,0.9066045170738584
179,1776751481.4645066,5,4,1.0,person,0.979401920823429,1.0,0.0545689538121223,True,True,WRITING,0.99136278459004
179,1776751481.4645066,7,5,1.0,person,0.55,1.0,0.3287123739719391,False,False,,0.6741299366667156
179,1776751481.4645066,10,7,1.0,person,0.85,1.0,0.7882195711135864,True,True,WRITING,0.9754165155547004
179,1776751481.4645066,13,8,1.0,person,0.85,0.85,0.2623721957206726,True,True,WRITING,0.9664058410837536
179,1776751481.4645066,9,1,1.0,person,0.85,1.0,0.3573962152004242,True,True,WRITING,0.9859780924660818
179,1776751481.4645066,32,8,0.96,person,0.5,0.5,1.0,False,False,,0.404549157051813
179,1776751481.4645066,33,9,1.0,person,0.55,0.75,1.0,False,False,,0.4452380952380952
179,1776751481.4645066,1,20,1.0,person,0.55,1.0,0.3100736439228058,False,False,,0.6295339929206031
181,1776751484.510558,2,2,1.0,person,0.85,0.85,0.1050861105322837,True,True,WRITING,0.9764462461074194
181,1776751484.510558,3,3,1.0,person,0.55,1.0,0.2107692062854766,False,False,,0.8870354408309572
181,1776751484.510558,5,4,1.0,person,0.9677766662100172,1.0,0.0731230229139328,True,True,WRITING,0.9918045933757508
181,1776751484.510558,7,5,1.0,person,0.55,1.0,0.1553685665130615,False,False,,0.6780696447406497
181,1776751484.510558,10,7,1.0,person,0.85,1.0,0.64847332239151,True,True,WRITING,0.9744234077987216
181,1776751484.510558,9,1,1.0,person,0.85,1.0,0.1342641115188598,True,True,WRITING,0.986902118438766
181,1776751484.510558,32,8,1.0,person,0.5,0.5,1.0,False,False,,0.4005688647429148
181,1776751484.510558,33,9,1.0,person,0.55,0.75,1.0,False,False,,0.4580357142857143
181,1776751484.510558,1,20,1.0,person,0.55,1.0,0.7590852975845337,False,False,,0.6144269406795502
183,1776751487.3673632,2,2,1.0,person,0.85,0.85,0.3008560538291931,True,True,WRITING,0.9760089012838544
183,1776751487.3673632,3,3,1.0,person,0.85,1.0,0.0987159609794616,True,True,WRITING,0.8961546399763652
183,1776751487.3673632,5,4,1.0,person,0.957086069127966,1.0,0.0976947322487831,True,True,WRITING,0.9921892682711284
183,1776751487.3673632,7,5,1.0,person,0.55,1.0,0.2614344954490661,False,False,,0.6766331848644075
183,1776751487.3673632,10,7,1.0,person,0.85,1.0,0.1152966246008873,True,True,WRITING,0.976636745390438
183,1776751487.3673632,9,1,1.0,person,0.85,1.0,0.1568509042263031,True,True,WRITING,0.9873999754587808
183,1776751487.3673632,32,8,1.0,person,0.5,0.5,1.0,False,False,,0.4000000000000001
183,1776751487.3673632,33,9,1.0,person,0.55,1.0,0.3652303516864776,False,False,,0.4911275003637587
183,1776751487.3673632,1,20,1.0,person,0.55,1.0,1.0,False,False,,0.6000307325805936
183,1776751487.3673632,13,8,1.0,person,0.85,0.85,0.1357433497905731,True,True,WRITING,0.9670199719213304
185,1776751490.5635812,2,2,1.0,person,0.85,1.0,0.2678108215332031,True,True,WRITING,0.9777997278031848
185,1776751490.5635812,3,3,1.0,person,0.55,1.0,0.1362026035785675,False,False,,0.8604611413819448
185,1776751490.5635812,5,4,1.0,person,0.9425694224311748,1.0,0.1871923506259918,True,True,WRITING,0.992438329827218
185,1776751490.5635812,7,5,1.0,person,0.55,1.0,0.217420220375061,False,False,,0.6787610933894203
185,1776751490.5635812,10,7,1.0,person,0.85,1.0,0.14443901181221,True,True,WRITING,0.9810156268732888
185,1776751490.5635812,9,1,1.0,person,0.85,1.0,0.1274934858083725,True,True,WRITING,0.9884317006383624
185,1776751490.5635812,32,8,1.0,person,0.5,0.5,1.0,False,False,,0.4000000000000001
185,1776751490.5635812,33,9,1.0,person,0.55,0.75,0.3021429479122162,False,False,,0.5132000178098678
185,1776751490.5635812,1,20,1.0,person,0.55,1.0,1.0,False,False,,0.5866517010189237
185,1776751490.5635812,13,8,1.0,person,0.85,0.85,0.1851388663053512,True,True,WRITING,0.971107006583895
187,1776751493.638958,2,2,1.0,person,0.85,0.85,0.1220181956887245,True,True,WRITING,0.978283249196552
187,1776751493.638958,3,3,1.0,person,0.55,1.0,0.3344307541847229,False,False,,0.8138400798752193
187,1776751493.638958,5,4,1.0,person,0.9535636027752092,1.0,0.1323974132537841,True,True,WRITING,0.9924903483617874
187,1776751493.638958,7,5,1.0,person,0.55,1.0,0.2023226469755172,False,False,,0.6845724057583582
187,1776751493.638958,10,7,1.0,person,0.85,1.0,0.301722377538681,True,True,WRITING,0.9810725918837956
187,1776751493.638958,9,1,1.0,person,0.85,1.0,0.2281951010227203,True,True,WRITING,0.9892402177765256
187,1776751493.638958,32,8,1.0,person,0.55,1.0,1.0,False,False,,0.4291666666666667
187,1776751493.638958,33,9,1.0,person,0.55,0.75,0.4307513236999511,False,False,,0.5138517073222569
187,1776751493.638958,1,20,1.0,person,0.55,1.0,1.0,False,False,,0.5849913554532187
187,1776751493.638958,13,8,1.0,person,0.85,0.85,0.1271022260189056,True,True,WRITING,0.975192646895136
187,1776751493.638958,44,11,1.0,person,0.5,0.5,0.0,False,False,,0.6000000000000001
189,1776751496.930823,2,2,1.0,person,0.85,0.85,0.5850995182991028,True,True,WRITING,0.9753836393356324
189,1776751496.930823,3,3,1.0,person,0.85,1.0,0.2518686056137085,True,True,WRITING,0.8293819917099817
189,1776751496.930823,5,4,1.0,person,0.9734850373494164,1.0,0.2237834483385086,True,True,WRITING,0.9922911851179032
189,1776751496.930823,7,5,1.0,person,0.55,1.0,0.4216228425502777,False,False,,0.6736049276022684
189,1776751496.930823,10,7,1.0,person,0.85,1.0,0.7622469663619995,True,True,WRITING,0.978430804042589
189,1776751496.930823,9,1,1.0,person,0.85,1.0,0.3099744617938995,True,True,WRITING,0.9883143461885906
189,1776751496.930823,32,8,1.0,person,0.55,1.0,1.0,False,False,,0.45625
189,1776751496.930823,33,9,1.0,person,0.55,0.75,0.553202748298645,False,False,,0.5190808723370234
189,1776751496.930823,1,20,1.0,person,0.55,0.5,1.0,False,False,,0.558875383223806
189,1776751496.930823,13,8,1.0,person,0.85,0.85,1.0,True,True,WRITING,0.9703313016039984
189,1776751496.930823,44,11,1.0,person,0.5,0.5,0.6517180800437927,False,False,,0.4
191,1776751499.987862,2,2,1.0,person,0.5,0.5,0.1671338081359863,False,False,,0.901928756918226
191,1776751499.987862,3,3,1.0,person,0.85,1.0,0.2480220347642898,True,True,WRITING,0.8724144803626196
191,1776751499.987862,5,4,1.0,person,0.9680124930826566,1.0,0.2185496836900711,True,True,WRITING,0.9920581933997926
191,1776751499.987862,7,5,1.0,person,0.55,1.0,0.2695209383964538,False,False,,0.6700279939742315
191,1776751499.987862,10,7,1.0,person,0.85,1.0,0.2402061969041824,True,True,WRITING,0.9798394037144526
191,1776751499.987862,9,1,1.0,person,0.85,1.0,0.4468814432621002,True,True,WRITING,0.9869588414827982
191,1776751499.987862,32,8,1.0,person,0.55,1.0,0.7909221053123474,False,False,,0.4812499999999999
191,1776751499.987862,33,9,1.0,person,0.55,0.75,0.236901193857193,False,False,,0.5409570986316318
191,1776751499.987862,1,20,1.0,person,0.55,1.0,1.0,False,False,,0.5596647259734925
191,1776751499.987862,13,8,1.0,person,0.85,0.85,0.9232187271118164,True,True,WRITING,0.965154775182406
191,1776751499.987862,44,11,1.0,person,0.5,0.5,0.8859702944755554,False,False,,0.4444444444444444
193,1776751503.3104873,2,2,1.0,person,0.885365405479801,0.85,0.4913776516914367,True,True,WRITING,0.90353439890203
193,1776751503.3104873,3,3,1.0,person,0.85,1.0,0.2072037458419799,True,True,WRITING,0.8836269101926258
193,1776751503.3104873,5,4,1.0,person,0.9812316149417086,1.0,0.2552259862422943,True,True,WRITING,0.9915034401984442
193,1776751503.3104873,7,5,1.0,person,0.55,1.0,0.2797091007232666,False,False,,0.6665439421222324
193,1776751503.3104873,10,7,1.0,person,0.85,1.0,0.4065518975257873,True,True,WRITING,0.979483500832603
193,1776751503.3104873,9,1,1.0,person,0.85,1.0,0.3548319637775421,True,True,WRITING,0.9861491294134228
193,1776751503.3104873,32,8,1.0,person,0.55,1.0,0.532817006111145,False,False,,0.5041666666666667
193,1776751503.3104873,33,9,1.0,person,0.55,0.75,0.568511426448822,False,False,,0.5431476980447769
193,1776751503.3104873,1,20,1.0,person,0.55,1.0,1.0,False,False,,0.5599023051205135
193,1776751503.3104873,13,8,1.0,person,0.85,0.85,0.6203049421310425,True,True,WRITING,0.9618634741363072
193,1776751503.3104873,44,11,1.0,person,0.5,0.3,0.81781405210495,False,False,,0.4133333333333333
193,1776751503.3104873,53,12,1.0,person,0.5,0.5,0.0,False,False,,0.6000000000000001
195,1776751506.7233944,2,2,1.0,person,0.9090313179783528,0.85,0.1288616955280304,True,True,WRITING,0.9093179560842968
195,1776751506.7233944,3,3,1.0,person,0.85,1.0,0.1246112361550331,True,True,WRITING,0.895036369562149
195,1776751506.7233944,5,4,1.0,person,0.9817954718265114,1.0,0.1164084896445274,True,True,WRITING,0.9914678590638296
195,1776751506.7233944,7,5,1.0,person,0.55,1.0,0.3945218622684479,False,False,,0.6598062252714519
195,1776751506.7233944,10,7,1.0,person,0.85,1.0,0.3293103873729706,True,True,WRITING,0.9815823854435058
195,1776751506.7233944,9,1,1.0,person,0.85,1.0,0.2687328457832336,True,True,WRITING,0.9864455589226314
195,1776751506.7233944,32,8,1.0,person,0.55,1.0,0.852810263633728,False,False,,0.525
195,1776751506.7233944,33,9,1.0,person,0.55,0.75,0.1707644015550613,False,False,,0.5610373403344836
195,1776751506.7233944,1,20,1.0,person,0.55,1.0,1.0,False,False,,0.5553571428571428
195,1776751506.7233944,13,8,1.0,person,0.85,0.85,0.2534928321838379,True,True,WRITING,0.9614575580188208
195,1776751506.7233944,44,11,1.0,person,0.5,0.3,0.941306471824646,False,False,,0.3966666666666666
195,1776751506.7233944,53,12,1.0,person,0.5,0.5,0.8915228843688965,False,False,,0.4
195,1776751506.7233944,55,13,1.0,person,0.5,0.3,0.0,False,False,,0.54
197,1776751510.2254505,2,2,1.0,person,0.5,0.5,0.2125546634197235,False,False,,0.8377480663004375
197,1776751510.2254505,3,3,1.0,person,0.5,1.0,0.1421058773994445,False,False,,0.8778237005074819
197,1776751510.2254505,5,4,1.0,person,0.9701162504803572,1.0,0.0998209863901138,True,True,WRITING,0.9916735837856928
197,1776751510.2254505,7,5,1.0,person,0.55,0.5,1.0,False,False,,0.6163973291714986
197,1776751510.2254505,10,7,1.0,person,0.85,1.0,0.171308547258377,True,True,WRITING,0.984225701008524
197,1776751510.2254505,9,1,1.0,person,0.85,1.0,0.263831228017807,True,True,WRITING,0.9859331604980288
197,1776751510.2254505,32,8,1.0,person,0.55,1.0,0.5466918349266052,False,False,,0.54375
197,1776751510.2254505,33,9,1.0,person,0.55,0.75,0.1990625858306884,False,False,,0.5754726472355071
197,1776751510.2254505,1,20,1.0,person,0.5,0.5,1.0,False,False,,0.5279761904761905
197,1776751510.2254505,13,8,1.0,person,0.85,0.85,0.4504757821559906,True,True,WRITING,0.9607283555326008
197,1776751510.2254505,44,11,1.0,person,0.5,1.0,1.0,False,False,,0.4328888888888889
197,1776751510.2254505,53,12,0.916,person,0.5,0.5,0.6332188248634338,False,False,,0.4444444444444444
197,1776751510.2254505,55,13,1.0,person,0.5,0.5,1.0,False,False,,0.4
199,1776751513.9169538,2,2,1.0,person,0.85,1.0,0.13102787733078,True,True,WRITING,0.8521553767578943
199,1776751513.9169538,3,3,1.0,person,0.85,1.0,0.1471365392208099,True,True,WRITING,0.8887550830841064
199,1776751513.9169538,5,4,1.0,person,0.9721817646201192,1.0,0.1533030271530151,True,True,WRITING,0.9915372715109873
199,1776751513.9169538,7,5,1.0,person,0.55,0.3,1.0,False,False,,0.5694457073722567
199,1776751513.9169538,10,7,1.0,person,0.85,1.0,0.933667778968811,True,True,WRITING,0.9783277866386232
199,1776751513.9169538,9,1,1.0,person,0.85,1.0,0.2078450173139572,True,True,WRITING,0.9860451072454453
199,1776751513.9169538,32,8,1.0,person,0.55,1.0,0.5093942284584045,False,False,,0.5604166666666667
199,1776751513.9169538,33,9,1.0,person,0.55,0.75,0.2106460630893707,False,False,,0.5784949766738073
199,1776751513.9169538,13,8,1.0,person,0.85,0.85,0.5269858837127686,True,True,WRITING,0.9590212927261988
199,1776751513.9169538,44,11,1.0,person,0.5,0.3,0.9699543118476868,False,False,,0.4157142857142857
199,1776751513.9169538,53,12,1.0,person,0.5,0.5,0.7091704607009888,False,False,,0.4333333333333333
199,1776751513.9169538,55,13,1.0,person,0.7,0.65,1.0,True,False,,0.4955555555555555
199,1776751513.9169538,19,20,0.995,person,0.5,0.5,0.0,False,False,,0.5360119047619047
201,1776751517.216445,2,2,1.0,person,0.85,1.0,0.3550975620746612,True,True,WRITING,0.8632263236102604
201,1776751517.216445,3,3,1.0,person,0.55,1.0,0.1262323260307312,False,False,,0.8746363151641119
201,1776751517.216445,5,4,1.0,person,0.969315195786821,1.0,0.2045194804668426,True,True,WRITING,0.9913268848544076
201,1776751517.216445,7,5,0.979,person,0.5,0.5,1.0,False,False,,0.5307058934086845
201,1776751517.216445,10,7,1.0,person,0.85,1.0,0.2617521286010742,True,True,WRITING,0.9786203766152972
201,1776751517.216445,9,1,1.0,person,0.85,1.0,0.1818164736032486,True,True,WRITING,0.9862994643903914
201,1776751517.216445,32,8,1.0,person,0.55,1.0,0.413198173046112,False,False,,0.5807867844899496
201,1776751517.216445,33,9,1.0,person,0.55,0.75,0.2307235300540924,False,False,,0.5838902024995712
201,1776751517.216445,13,8,1.0,person,0.85,0.85,0.4703897535800934,True,True,WRITING,0.9581951567672548
201,1776751517.216445,44,11,1.0,person,0.5,0.5,1.0,False,False,,0.4138095238095238
201,1776751517.216445,53,12,1.0,person,0.55,0.5,0.8160697221755981,False,False,,0.4333333333333334
201,1776751517.216445,55,13,1.0,person,0.7,0.65,1.0,True,False,,0.5119444444444444
201,1776751517.216445,19,20,1.0,person,0.5,0.5,1.0,False,False,,0.5104166666666666
203,1776751520.617787,2,2,1.0,person,0.85,1.0,0.3110939264297485,True,True,WRITING,0.8752666633753549
203,1776751520.617787,3,3,1.0,person,0.55,1.0,0.234634667634964,False,False,,0.8589069076946804
203,1776751520.617787,5,4,1.0,person,0.9699157024766988,1.0,0.1875625550746917,True,True,WRITING,0.991072430497124
203,1776751520.617787,7,5,0.879,person,0.5,0.5,1.0,False,False,,0.4949636719624202
203,1776751520.617787,10,7,1.0,person,0.85,1.0,0.8164011836051941,True,True,WRITING,0.9749224512349992
203,1776751520.617787,9,1,1.0,person,0.85,1.0,0.229701966047287,True,True,WRITING,0.9865467590945108
203,1776751520.617787,32,8,1.0,person,0.55,1.0,0.3772502541542053,False,False,,0.5885567611172086
203,1776751520.617787,33,9,1.0,person,0.55,0.75,0.2038858383893966,False,False,,0.5944090322369621
203,1776751520.617787,13,8,1.0,person,0.85,0.85,0.3834374845027923,True,True,WRITING,0.9580561417341232
203,1776751520.617787,44,11,1.0,person,0.5,0.5,1.0,False,False,,0.3974999999999999
203,1776751520.617787,53,12,1.0,person,0.9672126073964556,0.3,0.9109686017036438,False,False,,0.4658014008218284
203,1776751520.617787,55,13,1.0,person,0.55,0.5,1.0,False,False,,0.4881666666666666
205,1776751523.8372085,2,2,1.0,person,0.9172582631749248,1.0,0.1984835267066955,True,True,WRITING,0.8898332658268157
205,1776751523.8372085,3,3,1.0,person,0.5,1.0,0.1860565245151519,False,False,,0.8170470928861983
205,1776751523.8372085,5,4,1.0,person,0.9620358371218224,1.0,0.1721484363079071,True,True,WRITING,0.9913056386368616
205,1776751523.8372085,10,7,1.0,person,0.85,1.0,0.5259205102920532,True,True,WRITING,0.9755962867112388
205,1776751523.8372085,9,1,1.0,person,0.85,1.0,0.6176067590713501,True,True,WRITING,0.983854483280863
205,1776751523.8372085,32,8,1.0,person,0.55,1.0,0.3878728747367859,False,False,,0.5950340323504947
205,1776751523.8372085,33,9,1.0,person,0.55,0.75,0.2256019115447998,False,False,,0.6043783468859537
205,1776751523.8372085,13,8,1.0,person,0.85,0.85,1.0,True,True,WRITING,0.956049180768785
205,1776751523.8372085,44,11,1.0,person,0.5848667356952778,0.5,1.0,False,False,,0.4049293708317493
205,1776751523.8372085,53,12,1.0,person,0.9711144386498618,0.5,1.0,False,False,,0.4981961265488838
205,1776751523.8372085,55,13,1.0,person,0.7,0.65,1.0,True,False,,0.5011111111111111
207,1776751526.835641,2,2,1.0,person,0.85,1.0,0.3079446852207184,True,True,WRITING,0.9332645989599682
207,1776751526.835641,3,3,1.0,person,0.5,1.0,0.1884062588214874,False,False,,0.7787291400489352
207,1776751526.835641,5,4,1.0,person,0.9764858621025924,1.0,0.1018895357847213,True,True,WRITING,0.9920749181792848
207,1776751526.835641,10,7,1.0,person,0.85,1.0,0.4896847307682037,True,True,WRITING,0.9745669797772454
207,1776751526.835641,9,1,1.0,person,0.85,1.0,1.0,True,True,WRITING,0.9786476640474228
207,1776751526.835641,33,9,1.0,person,0.55,0.75,0.211723119020462,False,False,,0.6064491491942178
207,1776751526.835641,13,8,0.933,person,0.7,0.65,1.0,True,False,,0.8887679999499093
207,1776751526.835641,44,11,1.0,person,0.5,0.75,0.9653973579406738,False,False,,0.4172813545478488
207,1776751526.835641,53,12,1.0,person,0.9834315954509404,0.75,1.0,False,False,,0.5339826269495169
207,1776751526.835641,55,13,1.0,person,0.55,0.5,0.3208822607994079,False,False,,0.5001550068930973
209,1776751529.7750146,2,2,1.0,person,0.85,0.85,0.4057690501213074,True,True,WRITING,0.9374859240793046
209,1776751529.7750146,3,3,1.0,person,0.55,1.0,1.0,False,False,,0.7273848885581607
209,1776751529.7750146,5,4,1.0,person,0.9623063599964824,1.0,0.2268213927745819,True,True,WRITING,0.991864637959571
209,1776751529.7750146,10,7,1.0,person,0.85,1.0,0.3264346420764923,True,True,WRITING,0.975640690752438
209,1776751529.7750146,9,1,1.0,person,0.85,0.65,1.0,True,True,WRITING,0.9676079988195784
209,1776751529.7750146,33,9,1.0,person,0.85,0.85,0.2921156287193298,True,True,WRITING,0.6750977415414083
209,1776751529.7750146,13,8,0.946,person,0.5,1.0,0.821198582649231,False,False,,0.8259268800985246
209,1776751529.7750146,44,11,1.0,person,0.7529224381483981,0.3,1.0,False,False,,0.4316030652525053
209,1776751529.7750146,53,12,1.0,person,0.9381276142587816,1.0,0.8638280034065247,False,False,,0.5698875552716935
209,1776751529.7750146,55,13,1.0,person,0.55,0.75,0.3982957005500793,False,False,,0.5068566265560331
209,1776751529.7750146,32,8,1.0,person,0.55,1.0,0.5301345586776733,False,False,,0.593502229594049
211,1776751532.898922,2,2,1.0,person,0.5,0.5,0.2256688326597213,False,False,,0.8645317455132803
211,1776751532.898922,3,3,1.0,person,0.5,0.5,1.0,False,False,,0.6515151881036304
211,1776751532.898922,5,4,1.0,person,0.9747265488837222,1.0,0.148917406797409,True,True,WRITING,0.9917908800499778
211,1776751532.898922,10,7,1.0,person,0.85,1.0,0.3428365290164947,True,True,WRITING,0.976254165882156
211,1776751532.898922,9,1,1.0,person,0.5,0.5,1.0,False,False,,0.8712281991470427
211,1776751532.898922,33,9,1.0,person,0.85,0.85,0.5156833529472351,True,True,WRITING,0.7268766079630171
211,1776751532.898922,44,11,1.0,person,0.55,0.3,0.9829980731010436,False,False,,0.4275090820748645
211,1776751532.898922,53,12,1.0,person,0.9305532816602085,1.0,0.3516826033592224,False,False,,0.6273221685193172
211,1776751532.898922,55,13,1.0,person,0.55,0.5,0.3652784526348114,False,False,,0.5000365312326522
211,1776751532.898922,32,8,0.835,person,0.55,1.0,1.0,False,False,,0.5919704268376031
213,1776751535.9077466,2,2,1.0,person,0.5,0.5,0.2802139818668365,False,False,,0.8266352337031136
213,1776751535.9077466,3,3,1.0,person,0.5,0.3,1.0,False,False,,0.5941864378111702
213,1776751535.9077466,5,4,1.0,person,0.9846571677786944,1.0,0.1472165137529373,True,True,WRITING,0.9916914055744808
213,1776751535.9077466,10,7,1.0,person,0.85,1.0,0.3673788011074066,True,True,WRITING,0.9761068742899668
213,1776751535.9077466,9,1,1.0,person,0.5,0.5,1.0,False,False,,0.7818137894641786
213,1776751535.9077466,33,9,1.0,person,0.85,0.85,0.5693491697311401,True,True,WRITING,0.7751177144902094
213,1776751535.9077466,44,11,1.0,person,0.55,0.3,0.7499114871025085,False,False,,0.4081174798496045
213,1776751535.9077466,53,12,1.0,person,0.55,1.0,0.3989877998828888,False,False,,0.6448355146491681
213,1776751535.9077466,55,13,1.0,person,0.55,0.5,0.3759110867977142,False,False,,0.503235108937536
213,1776751535.9077466,32,8,1.0,person,0.55,1.0,1.0,False,False,,0.5904386240811574
213,1776751535.9077466,66,15,1.0,person,0.5,0.5,0.0,False,False,,0.6000000000000001
213,1776751535.9077466,69,14,1.0,person,0.5,0.5,0.0,False,False,,0.6000000000000001
215,1776751539.7119155,2,2,1.0,person,0.85,0.85,0.390650600194931,True,True,WRITING,0.8344766224424044
215,1776751539.7119155,3,3,1.0,person,0.5,0.3,1.0,False,False,,0.5196701237701234
215,1776751539.7119155,5,4,1.0,person,0.9907653695741314,1.0,0.1690546572208404,True,True,WRITING,0.991629157037962
215,1776751539.7119155,10,7,1.0,person,0.85,1.0,0.6229395270347595,True,True,WRITING,0.9766693321012316
215,1776751539.7119155,9,1,0.974,person,0.5,0.5,1.0,False,False,,0.6991852420000804
215,1776751539.7119155,33,9,1.0,person,0.85,0.85,0.5530399084091187,True,True,WRITING,0.8198238128707521
215,1776751539.7119155,44,11,1.0,person,0.5430105615723076,0.3,0.5813482999801636,False,False,,0.4053458053744177
215,1776751539.7119155,53,12,1.0,person,0.55,1.0,0.4360973834991455,False,False,,0.6573105471404227
215,1776751539.7119155,55,13,1.0,person,0.55,0.75,0.303471177816391,False,False,,0.5125173553256762
215,1776751539.7119155,32,8,1.0,person,0.55,1.0,1.0,False,False,,0.5889068213247117
215,1776751539.7119155,66,15,0.971,person,0.5,0.5,0.6884569525718689,False,False,,0.4
215,1776751539.7119155,69,14,0.996,person,0.5,0.5,1.0,False,False,,0.4
217,1776751543.6782088,2,2,1.0,person,0.85,1.0,0.2361562252044677,True,True,WRITING,0.8472388301576886
217,1776751543.6782088,3,3,0.969,person,0.5,0.5,1.0,False,False,,0.4820759488003595
217,1776751543.6782088,5,4,1.0,person,0.97907072516373,1.0,0.2329666167497635,True,True,WRITING,0.9912266057162056
217,1776751543.6782088,10,7,1.0,person,0.85,1.0,0.3212152421474457,True,True,WRITING,0.9771615046830404
217,1776751543.6782088,33,9,1.0,person,0.85,0.85,0.4004718363285064,True,True,WRITING,0.8623082141081492
217,1776751543.6782088,44,11,1.0,person,0.5,0.3,0.5072746276855469,False,False,,0.3944481879017036
217,1776751543.6782088,53,12,1.0,person,0.9279956871427087,1.0,0.3689320087432861,False,False,,0.7015895679067509
217,1776751543.6782088,55,13,1.0,person,0.55,0.75,0.8858551979064941,False,False,,0.508297538728941
217,1776751543.6782088,32,8,1.0,person,0.55,1.0,1.0,False,False,,0.5873750185682659
217,1776751543.6782088,66,15,1.0,person,0.5,0.5,0.7024503350257874,False,False,,0.4444444444444444
217,1776751543.6782088,69,14,0.897,person,0.5,0.5,1.0,False,False,,0.4444444444444444
217,1776751543.6782088,19,20,0.749,person,0.5,0.5,1.0,False,False,,0.4869047619047619
219,1776751548.367437,2,2,1.0,person,0.85,0.85,0.4265156388282776,True,True,WRITING,0.8556867571813719
219,1776751548.367437,5,4,1.0,person,0.994872816971856,1.0,0.0762847065925598,True,True,WRITING,0.9920861139183952
219,1776751548.367437,10,7,1.0,person,0.85,1.0,0.2220586836338043,True,True,WRITING,0.9804962688968294
219,1776751548.367437,33,9,1.0,person,0.85,0.85,0.3111041188240051,True,True,WRITING,0.9005173927261717
219,1776751548.367437,44,11,1.0,person,0.5,0.3,0.4433594346046448,False,False,,0.3880408954257559
219,1776751548.367437,53,12,1.0,person,0.55,1.0,0.3568660616874695,False,False,,0.6998987912600704
219,1776751548.367437,55,13,1.0,person,0.55,0.75,0.2731239199638366,False,False,,0.5283099409654027
219,1776751548.367437,32,8,1.0,person,0.55,1.0,1.0,False,False,,0.5833631653161275
219,1776751548.367437,66,15,0.992,person,0.55,1.0,0.7670274376869202,False,False,,0.4916666666666666
219,1776751548.367437,69,14,1.0,person,0.5,0.5,1.0,False,False,,0.4333333333333333
219,1776751548.367437,19,20,1.0,person,0.5,0.5,1.0,False,False,,0.4761904761904762
221,1776751551.8849845,2,2,1.0,person,0.5,0.5,0.2271192818880081,False,False,,0.7882261169808252
221,1776751551.8849845,5,4,1.0,person,0.9719798472161488,1.0,0.0669687166810035,True,True,WRITING,0.9929019610087076
221,1776751551.8849845,10,7,1.0,person,0.85,1.0,1.0,True,True,WRITING,0.9759569784005484
221,1776751551.8849845,33,9,1.0,person,0.85,0.85,0.1584182977676391,True,True,WRITING,0.9364408488784516
221,1776751551.8849845,44,11,1.0,person,0.7,0.7,0.5207544565200806,True,False,,0.4119378441104142
221,1776751551.8849845,53,12,1.0,person,0.55,1.0,0.3725013732910156,False,False,,0.6920424111707613
221,1776751551.8849845,55,13,1.0,person,0.55,0.75,0.2848416566848755,False,False,,0.5369965065093267
221,1776751551.8849845,32,8,1.0,person,0.55,1.0,1.0,False,False,,0.5787375678618748
221,1776751551.8849845,66,15,1.0,person,0.55,1.0,0.7345784306526184,False,False,,0.5141666666666667
221,1776751551.8849845,69,14,1.0,person,0.5,0.5,1.0,False,False,,0.4266666666666667
221,1776751551.8849845,19,20,0.936,person,0.5,0.5,0.526581346988678,False,False,,0.4550595238095238
223,1776751555.3567312,2,2,1.0,person,0.85,0.85,0.3748941719532013,True,True,WRITING,0.8030655266983168
223,1776751555.3567312,5,4,1.0,person,0.9816688877803782,1.0,0.1415327340364456,True,True,WRITING,0.99278291563193
223,1776751555.3567312,10,7,1.0,person,0.85,1.0,1.0,True,True,WRITING,0.9715704679489136
223,1776751555.3567312,33,9,1.0,person,0.85,0.85,0.2736684679985046,True,True,WRITING,0.966634492788996
223,1776751555.3567312,44,11,1.0,person,0.7,0.7,0.5351400971412659,True,False,,0.4321090020204709
223,1776751555.3567312,53,12,1.0,person,0.55,0.75,0.4026573300361633,False,False,,0.6639923795844437
223,1776751555.3567312,55,13,1.0,person,0.55,0.75,0.6789669394493103,False,False,,0.5343041125507582
223,1776751555.3567312,32,8,1.0,person,0.5,0.5,1.0,False,False,,0.5458333333333333
223,1776751555.3567312,66,15,1.0,person,0.55,1.0,0.6978133916854858,False,False,,0.5272222222222221
223,1776751555.3567312,69,14,1.0,person,0.55,1.0,1.0,False,False,,0.4611111111111111
225,1776751558.52696,2,2,1.0,person,0.85,0.85,0.2956592142581939,True,True,WRITING,0.820204448841867
225,1776751558.52696,5,4,1.0,person,0.9901269042719516,1.0,0.0878526046872139,True,True,WRITING,0.9935809877656756
225,1776751558.52696,10,7,1.0,person,0.85,0.65,1.0,True,True,WRITING,0.961071342911039
225,1776751558.52696,33,9,1.0,person,0.85,0.85,0.2082401067018509,True,True,WRITING,0.9677721006529671
225,1776751558.52696,44,11,1.0,person,0.85,0.85,0.489055871963501,True,True,WRITING,0.5186360362228961
225,1776751558.52696,53,12,1.0,person,0.55,0.75,0.2195535451173782,False,False,,0.6465265296754382
225,1776751558.52696,55,13,1.0,person,0.55,0.75,0.5815881490707397,False,False,,0.5284264747585569
225,1776751558.52696,32,8,1.0,person,0.5,0.5,0.5128861665725708,False,False,,0.5187499999999999
225,1776751558.52696,66,15,1.0,person,0.55,1.0,0.7547418475151062,False,False,,0.5357142857142857
225,1776751558.52696,69,14,1.0,person,0.55,1.0,1.0,False,False,,0.4829365079365079
227,1776751561.594681,2,2,1.0,person,0.85,0.85,0.205064445734024,True,True,WRITING,0.870531286157313
227,1776751561.594681,5,4,1.0,person,0.9680364860285452,1.0,0.1055673360824585,True,True,WRITING,0.9938704889445076
227,1776751561.594681,10,7,0.954,person,0.5,0.5,1.0,False,False,,0.8656150617202124
227,1776751561.594681,33,9,1.0,person,0.85,0.85,0.1669964641332626,True,True,WRITING,0.9700019380875996
227,1776751561.594681,44,11,1.0,person,0.85,0.85,0.4103983938694,True,True,WRITING,0.6071838065038974
227,1776751561.594681,53,12,1.0,person,0.9296033944742292,1.0,0.2302382290363311,False,False,,0.6703825401408331
227,1776751561.594681,55,13,1.0,person,0.55,1.0,0.3457098305225372,False,False,,0.5502329465179217
227,1776751561.594681,32,8,1.0,person,0.55,0.75,0.2555766701698303,False,False,,0.5267115533351898
227,1776751561.594681,66,15,1.0,person,0.55,1.0,0.6238895654678345,False,False,,0.5416666666666666
227,1776751561.594681,69,14,1.0,person,0.55,1.0,1.0,False,False,,0.4979166666666666
227,1776751561.594681,85,16,1.0,person,0.5,0.5,0.0,False,False,,0.6000000000000001
227,1776751561.594681,87,3,0.767,person,0.5,0.5,0.0,False,False,,0.4847754974592299
229,1776751565.1795597,2,2,1.0,person,0.85,0.85,0.2460455447435379,True,True,WRITING,0.9165391680740176
229,1776751565.1795597,5,4,1.0,person,0.9745419808118532,1.0,0.1811224520206451,True,True,WRITING,0.9934984771978288
229,1776751565.1795597,10,7,1.0,person,0.5,0.5,1.0,False,False,,0.7771852212860471
229,1776751565.1795597,33,9,1.0,person,0.85,0.85,0.2222979515790939,True,True,WRITING,0.9717550433817363
229,1776751565.1795597,44,11,1.0,person,0.85,0.85,0.360712319612503,True,True,WRITING,0.6890089525681377
229,1776751565.1795597,53,12,1.0,person,0.55,1.0,0.2514823973178863,False,False,,0.6755587664388475
229,1776751565.1795597,55,13,1.0,person,0.55,1.0,0.4886397421360016,False,False,,0.5609356434572311
229,1776751565.1795597,32,8,1.0,person,0.55,0.75,0.2851848900318146,False,False,,0.5324281659864244
229,1776751565.1795597,66,15,1.0,person,0.55,1.0,0.7824089527130127,False,False,,0.54375
229,1776751565.1795597,69,14,1.0,person,0.55,1.0,0.9146701693534852,False,False,,0.5041666666666667
229,1776751565.1795597,85,16,1.0,person,0.5,0.5,0.8727169036865234,False,False,,0.4
229,1776751565.1795597,87,3,1.0,person,0.5,0.5,0.6012576818466187,False,False,,0.4555055056583314
231,1776751568.861959,2,2,1.0,person,0.5,0.5,0.1866433173418045,False,False,,0.8481057165634064
231,1776751568.861959,5,4,1.0,person,0.968985983445844,1.0,0.1248131841421127,True,True,WRITING,0.9936938924448832
231,1776751568.861959,33,9,1.0,person,0.85,0.85,0.19988614320755,True,True,WRITING,0.973430085040274
231,1776751568.861959,44,11,1.0,person,0.85,0.85,0.3845197558403015,True,True,WRITING,0.7637190849440438
231,1776751568.861959,53,12,1.0,person,0.55,1.0,0.2382633686065673,False,False,,0.6819741335653123
231,1776751568.861959,55,13,1.0,person,0.55,0.75,1.0,False,False,,0.549705229344822
231,1776751568.861959,32,8,1.0,person,0.5,0.5,0.2542010843753814,False,False,,0.5234136249337877
231,1776751568.861959,66,15,1.0,person,0.5,1.0,0.9760169982910156,False,False,,0.5562499999999999
231,1776751568.861959,69,14,1.0,person,0.55,1.0,1.0,False,False,,0.525
231,1776751568.861959,85,16,0.998,person,0.5,0.5,1.0,False,False,,0.4444444444444444
231,1776751568.861959,87,3,1.0,person,0.5,0.5,0.9850834012031556,False,False,,0.4295833333333332
233,1776751572.400665,2,2,1.0,person,0.85,0.85,1.0,True,True,WRITING,0.8515648653393698
233,1776751572.400665,5,4,1.0,person,0.9486604269595876,1.0,0.2168125808238983,True,True,WRITING,0.9933245643263772
233,1776751572.400665,33,9,1.0,person,0.85,0.85,0.1082101911306381,True,True,WRITING,0.9751139900514056
233,1776751572.400665,44,11,1.0,person,0.85,0.85,0.4326625466346741,True,True,WRITING,0.8323704446497416
233,1776751572.400665,53,12,1.0,person,0.55,1.0,0.1949161440134048,False,False,,0.6749183883269628
233,1776751572.400665,55,13,1.0,person,0.55,1.0,1.0,False,False,,0.5575257779586883
233,1776751572.400665,32,8,1.0,person,0.55,0.75,0.2558674812316894,False,False,,0.5318675237042564
233,1776751572.400665,66,15,0.959,person,0.5,0.5,1.0,False,False,,0.5419642857142857
233,1776751572.400665,69,14,1.0,person,0.55,1.0,0.9097393751144408,False,False,,0.54375
233,1776751572.400665,85,16,1.0,person,0.55,0.5,1.0,False,False,,0.4416666666666666
233,1776751572.400665,87,3,0.984,person,0.5,0.5,1.0,False,False,,0.414047619047619
235,1776751576.7321112,2,2,1.0,person,0.55,0.5,1.0,False,False,,0.7724085369848069
235,1776751576.7321112,5,4,1.0,person,0.9751477416482262,1.0,0.1367796063423156,True,True,WRITING,0.9930529856965656
235,1776751576.7321112,33,9,1.0,person,0.85,0.85,0.2543035745620727,True,True,WRITING,0.9750873155537104
235,1776751576.7321112,44,11,1.0,person,0.85,0.85,0.3551816344261169,True,True,WRITING,0.892628144934064
235,1776751576.7321112,53,12,1.0,person,0.55,1.0,0.3361127972602844,False,False,,0.67302596001398
235,1776751576.7321112,55,13,1.0,person,0.55,0.75,0.29291832447052,False,False,,0.5592767430203301
235,1776751576.7321112,32,8,1.0,person,0.5,0.5,0.2366935014724731,False,False,,0.5246633342334203
235,1776751576.7321112,66,15,1.0,person,0.7,0.65,1.0,True,False,,0.539345238095238
235,1776751576.7321112,69,14,1.0,person,0.55,1.0,0.5795696973800659,False,False,,0.5604166666666667
235,1776751576.7321112,85,16,1.0,person,0.55,1.0,1.0,False,False,,0.4791666666666667
235,1776751576.7321112,87,3,1.0,person,0.5,0.5,0.8224160075187683,False,False,,0.4130952380952381
237,1776751580.3739254,2,2,1.0,person,0.55,0.3,1.0,False,False,,0.7221308511495591
237,1776751580.3739254,5,4,1.0,person,0.97293352641178,1.0,0.1935488134622573,True,True,WRITING,0.9923110661052522
237,1776751580.3739254,33,9,1.0,person,0.85,0.85,0.2495528012514114,True,True,WRITING,0.9745211232276192
237,1776751580.3739254,44,11,1.0,person,0.85,0.85,0.4205800592899322,True,True,WRITING,0.931047440086092
237,1776751580.3739254,53,12,1.0,person,0.55,1.0,0.1632137596607208,False,False,,0.6830080357335863
237,1776751580.3739254,55,13,1.0,person,0.55,0.75,1.0,False,False,,0.5476513131743385
237,1776751580.3739254,32,8,1.0,person,0.5,0.5,0.2598699033260345,False,False,,0.5167435514075415
237,1776751580.3739254,66,15,1.0,person,0.7,0.65,0.681982159614563,True,False,,0.5370833333333332
237,1776751580.3739254,69,14,1.0,person,0.55,1.0,0.4744085669517517,False,False,,0.5767060915629069
237,1776751580.3739254,85,16,1.0,person,0.55,1.0,0.668483555316925,False,False,,0.5005555555555556
237,1776751580.3739254,87,3,1.0,person,0.5,0.5,0.853357195854187,False,False,,0.4164285714285714
239,1776751583.7681267,2,2,1.0,person,0.55,0.3,1.0,False,False,,0.6409190487577802
239,1776751583.7681267,5,4,1.0,person,0.9715289401755896,1.0,0.1374542266130447,True,True,WRITING,0.9923782476357051
239,1776751583.7681267,33,9,1.0,person,0.85,0.85,0.1554987132549286,True,True,WRITING,0.975204567114512
239,1776751583.7681267,44,11,1.0,person,0.85,0.85,0.3982360064983368,True,True,WRITING,0.9648437514191582
239,1776751583.7681267,53,12,1.0,person,0.55,1.0,0.1771259009838104,False,False,,0.697284765896343
239,1776751583.7681267,55,13,1.0,person,0.55,0.75,0.8377636075019836,False,False,,0.5431978271121071
239,1776751583.7681267,32,8,1.0,person,0.5,0.5,0.2216228544712066,False,False,,0.5248134273148718
239,1776751583.7681267,66,15,1.0,person,0.7,0.65,0.3938463926315307,True,False,,0.542255483354841
239,1776751583.7681267,69,14,1.0,person,0.55,1.0,0.8922728300094604,False,False,,0.5765842278798421
239,1776751583.7681267,85,16,1.0,person,0.55,1.0,0.5485597848892212,False,False,,0.5142857142857143
239,1776751583.7681267,87,3,1.0,person,0.5,0.5,0.7998676896095276,False,False,,0.419047619047619
241,1776751587.1522317,2,2,1.0,person,0.5,0.5,1.0,False,False,,0.5724153994094757
241,1776751587.1522317,5,4,1.0,person,0.9939219161988138,1.0,1.0,True,True,WRITING,0.985063406541234
241,1776751587.1522317,33,9,1.0,person,0.85,0.85,0.1394725143909454,True,True,WRITING,0.9757175544897716
241,1776751587.1522317,44,11,1.0,person,0.85,0.85,0.3349726498126983,True,True,WRITING,0.9657342625515802
241,1776751587.1522317,53,12,1.0,person,0.8640354445233955,1.0,0.1590732783079147,False,False,,0.7317362817979994
241,1776751587.1522317,55,13,1.0,person,0.55,0.75,0.2953337132930755,False,False,,0.552388758176849
241,1776751587.1522317,32,8,1.0,person,0.5,0.5,0.2873908877372741,False,False,,0.5271731600874946
241,1776751587.1522317,66,15,1.0,person,0.7,0.65,0.3525165021419525,True,False,,0.5500346065702892
241,1776751587.1522317,69,14,1.0,person,0.55,1.0,0.3040648698806762,False,False,,0.5895247002442677
241,1776751587.1522317,85,16,1.0,person,0.55,1.0,0.3737697005271911,False,False,,0.5322248731340681
241,1776751587.1522317,87,3,1.0,person,0.55,0.5,0.8783057332038879,False,False,,0.4208333333333334
243,1776751590.8441927,2,2,0.986,person,0.5,0.5,1.0,False,False,,0.5103764972232637
243,1776751590.8441927,5,4,1.0,person,0.85,1.0,1.0,True,True,WRITING,0.9783547764732724
243,1776751590.8441927,33,9,1.0,person,0.7,1.0,0.1302127838134765,True,False,FOCUSED,0.9747045765888124
243,1776751590.8441927,44,11,1.0,person,0.85,0.85,0.454339325428009,True,True,WRITING,0.9652574147496904
243,1776751590.8441927,53,12,1.0,person,0.8270241738989872,1.0,0.2487715035676956,False,False,,0.7354643905446642
243,1776751590.8441927,55,13,1.0,person,0.55,1.0,1.0,False,False,,0.5496952374776205
243,1776751590.8441927,32,8,1.0,person,0.5,0.5,0.3190174102783203,False,False,,0.5122856536791438
243,1776751590.8441927,66,15,1.0,person,0.7,0.65,0.4319594502449035,True,False,,0.5521723695596059
243,1776751590.8441927,69,14,1.0,person,0.55,1.0,0.2952499985694885,False,False,,0.6021198106663568
243,1776751590.8441927,85,16,1.0,person,0.55,1.0,0.5179838538169861,False,False,,0.5354928243727911
243,1776751590.8441927,87,3,0.999,person,0.55,0.75,0.942186176776886,False,False,,0.4205357142857143
243,1776751590.8441927,105,17,1.0,person,0.5,0.5,0.0,False,False,,0.6000000000000001
245,1776751594.6424303,2,2,1.0,person,0.5,0.5,1.0,False,False,,0.4553261776197524
245,1776751594.6424303,5,4,1.0,person,0.85,1.0,1.0,True,True,WRITING,0.9724483900126956
245,1776751594.6424303,33,9,1.0,person,0.85,0.85,0.2900198101997375,True,True,WRITING,0.974051444842702
245,1776751594.6424303,44,11,1.0,person,0.85,0.85,0.3214645981788635,True,True,WRITING,0.9657365708124068
245,1776751594.6424303,53,12,1.0,person,0.8472509027095265,1.0,0.1640836298465728,False,False,,0.7613870182207654
245,1776751594.6424303,55,13,1.0,person,0.55,1.0,0.4181636273860931,False,False,,0.5572759063470932
245,1776751594.6424303,32,8,1.0,person,0.5,0.5,0.2489337027072906,False,False,,0.5044089186759222
245,1776751594.6424303,66,15,1.0,person,0.7,0.65,0.6786805391311646,True,False,,0.5498072374150865
245,1776751594.6424303,69,14,1.0,person,0.55,1.0,0.4918096661567688,False,False,,0.6006359394107545
245,1776751594.6424303,85,16,1.0,person,0.55,1.0,0.3764010369777679,False,False,,0.5615840417998178
245,1776751594.6424303,87,3,0.98,person,0.55,1.0,1.0,False,False,,0.4482142857142857
247,1776751598.5078485,2,2,0.947,person,0.5,0.5,1.0,False,False,,0.4390476190476191
247,1776751598.5078485,5,4,1.0,person,0.55,0.5,1.0,False,False,,0.8793283242554891
247,1776751598.5078485,33,9,1.0,person,0.85,0.85,0.4303426146507263,True,True,WRITING,0.9721892193953195
247,1776751598.5078485,44,11,1.0,person,0.85,1.0,0.3703277111053467,True,True,WRITING,0.9683701892693838
247,1776751598.5078485,53,12,1.0,person,0.8363261367336189,1.0,0.2257111817598343,False,False,,0.7797275107531321
247,1776751598.5078485,55,13,1.0,person,0.55,1.0,0.3387072682380676,False,False,,0.5754997778506507
247,1776751598.5078485,32,8,1.0,person,0.55,1.0,0.3359636962413788,False,False,,0.5271723046898842
247,1776751598.5078485,66,15,1.0,person,0.7,0.65,0.9398409128189088,True,False,,0.5495849624134245
247,1776751598.5078485,69,14,1.0,person,0.55,1.0,0.915948748588562,False,False,,0.5985670506954193
247,1776751598.5078485,85,16,1.0,person,0.55,1.0,0.521333634853363,False,False,,0.5767634264060428
247,1776751598.5078485,87,3,1.0,person,0.55,1.0,0.7255145311355591,False,False,,0.4738095238095237
247,1776751598.5078485,105,17,1.0,person,0.5,0.5,0.3227531909942627,False,False,,0.4708987474441528
249,1776751602.539638,2,2,1.0,person,0.5,0.5,0.8311535716056824,False,False,,0.395
249,1776751602.539638,5,4,1.0,person,0.5,0.5,1.0,False,False,,0.7891411068893613
249,1776751602.539638,33,9,1.0,person,0.85,0.85,0.2563005089759826,True,True,WRITING,0.9715871078059788
249,1776751602.539638,44,11,1.0,person,0.85,1.0,0.5552955865859985,True,True,WRITING,0.9694473310595466
249,1776751602.539638,53,12,1.0,person,0.8454384514767733,1.0,0.2311128377914428,False,False,,0.7954646696647009
249,1776751602.539638,55,13,1.0,person,0.55,1.0,0.6050447821617126,False,False,,0.5759527442001161
249,1776751602.539638,32,8,1.0,person,0.55,1.0,0.2558669447898865,False,False,,0.5464862372194018
249,1776751602.539638,66,15,1.0,person,0.7,0.65,0.9903706312179564,True,False,,0.5601364969355719
249,1776751602.539638,69,14,1.0,person,0.55,1.0,0.6649399995803833,False,False,,0.5964981619800839
249,1776751602.539638,85,16,1.0,person,0.55,1.0,0.3526950478553772,False,False,,0.5978940935361953
249,1776751602.539638,87,3,1.0,person,0.55,1.0,0.6194170117378235,False,False,,0.4973214285714285
249,1776751602.539638,105,17,1.0,person,0.5,0.5,0.6357783079147339,False,False,,0.4680773602591621
251,1776751606.4894683,33,9,1.0,person,0.85,0.85,0.1640581637620926,True,True,WRITING,0.9723635984318596
251,1776751606.4894683,44,11,1.0,person,0.85,0.85,0.3479296863079071,True,True,WRITING,0.9693702289036342
251,1776751606.4894683,53,12,1.0,person,0.8756978697315263,1.0,0.0629689842462539,False,False,,0.8273810339825493
251,1776751606.4894683,55,13,1.0,person,0.55,1.0,1.0,False,False,,0.5758462324028922
251,1776751606.4894683,32,8,1.0,person,0.55,0.75,0.3581611514091491,False,False,,0.5521827294003395
251,1776751606.4894683,66,15,1.0,person,0.55,0.5,0.7066141366958618,False,False,,0.538604698124386
251,1776751606.4894683,69,14,1.0,person,0.55,1.0,0.5689404010772705,False,False,,0.5944292732647486
251,1776751606.4894683,85,16,1.0,person,0.55,1.0,0.3916513323783874,False,False,,0.6032262248652321
251,1776751606.4894683,87,3,1.0,person,0.55,1.0,0.4146285951137543,False,False,,0.5244414269924164
251,1776751606.4894683,105,17,1.0,person,0.5,0.5,0.9436981081962584,False,False,,0.4490886105431451
253,1776751609.814428,33,9,1.0,person,0.85,0.85,0.3062443435192108,True,True,WRITING,0.971884510119756
253,1776751609.814428,44,11,1.0,person,0.85,0.85,0.3639079928398132,True,True,WRITING,0.9693892285937356
253,1776751609.814428,53,12,1.0,person,0.8926965475579457,1.0,0.115112617611885,False,False,,0.849058373343377
253,1776751609.814428,55,13,1.0,person,0.55,1.0,0.5251861810684204,False,False,,0.5817495879672823
253,1776751609.814428,32,8,1.0,person,0.55,1.0,0.2624195516109466,False,False,,0.5768121140343802
253,1776751609.814428,66,15,1.0,person,0.55,0.5,0.93486487865448,False,False,,0.5185014707417714
253,1776751609.814428,69,14,1.0,person,0.55,1.0,0.6488048434257507,False,False,,0.5916292024510247
253,1776751609.814428,85,16,1.0,person,0.55,1.0,0.4399773180484772,False,False,,0.6048206696907679
253,1776751609.814428,87,3,1.0,person,0.55,1.0,0.5342382192611694,False,False,,0.5433801345881961
253,1776751609.814428,105,17,1.0,person,0.5,0.5,0.9654593467712402,False,False,,0.4384831245740255
255,1776751613.023589,33,9,1.0,person,0.85,0.85,0.151859313249588,True,True,WRITING,0.9723898074172792
255,1776751613.023589,44,11,1.0,person,0.85,1.0,0.3501191139221191,True,True,WRITING,0.9719096024831136
255,1776751613.023589,53,12,1.0,person,0.8690557067732255,1.0,0.1685787886381149,False,False,,0.8633297994023277
255,1776751613.023589,55,13,1.0,person,0.55,1.0,0.5591349601745605,False,False,,0.586760086388815
255,1776751613.023589,32,8,1.0,person,0.55,0.75,0.2845480740070343,False,False,,0.5843023019177572
255,1776751613.023589,66,15,1.0,person,0.7,0.65,0.7576411962509155,True,False,,0.5167938525336129
255,1776751613.023589,69,14,1.0,person,0.55,1.0,0.7926920652389526,False,False,,0.5896821774187542
255,1776751613.023589,85,16,1.0,person,0.55,0.75,0.4795204699039459,False,False,,0.5909930904706319
255,1776751613.023589,87,3,1.0,person,0.55,1.0,0.5385584831237793,False,False,,0.5602355088506425
255,1776751613.023589,105,17,1.0,person,0.5,0.5,0.8676391839981079,False,False,,0.4316753885481093
257,1776751616.3408008,33,9,1.0,person,0.85,0.85,0.104463554918766,True,True,WRITING,0.97323066112541
257,1776751616.3408008,44,11,1.0,person,0.85,1.0,0.4763101935386657,True,True,WRITING,0.9729452289286112
257,1776751616.3408008,53,12,1.0,person,0.8611945951235165,1.0,0.1496450304985046,False,False,,0.8645372128202803
257,1776751616.3408008,55,13,1.0,person,0.55,1.0,0.6708046197891235,False,False,,0.585030120327359
257,1776751616.3408008,32,8,1.0,person,0.55,0.75,0.2824997901916504,False,False,,0.5929172996963773
257,1776751616.3408008,66,15,1.0,person,0.55,0.5,0.52337646484375,False,False,,0.4944108748719806
257,1776751616.3408008,69,14,1.0,person,0.55,1.0,0.4372275769710541,False,False,,0.5863218385548818
257,1776751616.3408008,85,16,1.0,person,0.55,0.75,0.4449518620967865,False,False,,0.5766588422514144
257,1776751616.3408008,87,3,1.0,person,0.55,1.0,0.5962785482406616,False,False,,0.5732218354940414
257,1776751616.3408008,105,17,0.989,person,0.85,0.65,0.9813364148139954,True,True,WRITING,0.5251982465622917
259,1776751619.6506703,33,9,1.0,person,0.85,0.85,0.191421240568161,True,True,WRITING,0.9738993467319578
259,1776751619.6506703,44,11,1.0,person,0.85,0.85,0.4787254929542541,True,True,WRITING,0.9717925985654196
259,1776751619.6506703,53,12,1.0,person,0.8657825735170328,1.0,0.2427279204130172,False,False,,0.8637780731632597
259,1776751619.6506703,55,13,1.0,person,0.55,1.0,0.1984453350305557,False,False,,0.603976004180454
259,1776751619.6506703,32,8,1.0,person,0.55,0.75,0.2833082973957062,False,False,,0.6011682429483959
259,1776751619.6506703,66,15,1.0,person,0.55,0.75,0.3193182945251465,False,False,,0.5009740144865854
259,1776751619.6506703,69,14,1.0,person,0.55,1.0,0.4195671081542969,False,False,,0.5845211126974651
259,1776751619.6506703,85,16,1.0,person,0.55,0.75,0.4556125104427337,False,False,,0.5664522758552005
259,1776751619.6506703,87,3,1.0,person,0.55,1.0,0.6396589279174805,False,False,,0.5790653049945831
259,1776751619.6506703,105,17,1.0,person,0.85,0.65,1.0,True,True,WRITING,0.5890990651505333
261,1776751623.0199966,33,9,1.0,person,0.85,0.85,0.1598531752824783,True,True,WRITING,0.974730821592467
261,1776751623.0199966,44,11,1.0,person,0.85,0.85,0.198231965303421,True,True,WRITING,0.9725173740159896
261,1776751623.0199966,53,12,1.0,person,0.909383985378582,1.0,0.0950909629464149,False,False,,0.8730933325631277
261,1776751623.0199966,55,13,1.0,person,0.55,1.0,0.3269436955451965,False,False,,0.6105811723640987
261,1776751623.0199966,32,8,1.0,person,0.55,0.75,0.0960287898778915,False,False,,0.6185415798709505
261,1776751623.0199966,66,15,1.0,person,0.55,0.5,0.5029793381690979,False,False,,0.4849350542681558
261,1776751623.0199966,69,14,1.0,person,0.55,1.0,0.277294248342514,False,False,,0.5984132226024356
261,1776751623.0199966,85,16,1.0,person,0.55,0.75,0.53140789270401,False,False,,0.5504366360959553
261,1776751623.0199966,87,3,1.0,person,0.55,1.0,0.5237728357315063,False,False,,0.5786587744951247
261,1776751623.0199966,105,17,1.0,person,0.85,0.65,0.4532186388969421,True,True,WRITING,0.6497051953701746
263,1776751626.405387,33,9,1.0,person,0.85,0.85,0.2430895566940307,True,True,WRITING,0.9752923434688932
263,1776751626.405387,44,11,1.0,person,0.85,0.85,0.3852262198925018,True,True,WRITING,0.970713599097161
263,1776751626.405387,53,12,1.0,person,0.55,1.0,0.1862096041440963,False,False,,0.8478379277955918
263,1776751626.405387,55,13,1.0,person,0.55,1.0,1.0,False,False,,0.6029446982202076
263,1776751626.405387,32,8,1.0,person,0.55,1.0,0.4723035395145416,False,False,,0.6113979106857663
263,1776751626.405387,66,15,1.0,person,0.55,0.75,0.2796330749988556,False,False,,0.4975157898380642
263,1776751626.405387,69,14,1.0,person,0.55,1.0,0.152624636888504,False,False,,0.6198291486217862
263,1776751626.405387,85,16,1.0,person,0.55,0.75,0.3890858292579651,False,False,,0.5468280939828781
263,1776751626.405387,87,3,1.0,person,0.55,1.0,0.4978395402431488,False,False,,0.5783962766329447
263,1776751626.405387,105,17,1.0,person,0.85,0.65,0.4434488713741302,True,True,WRITING,0.7155387985422498
265,1776751629.8425157,33,9,1.0,person,0.85,0.85,0.0880659893155098,True,True,WRITING,0.9764126872732528
265,1776751629.8425157,44,11,1.0,person,0.85,1.0,0.3793558776378631,True,True,WRITING,0.9723067744856788
265,1776751629.8425157,53,12,1.0,person,0.8451048636338208,1.0,0.1164739876985549,False,False,,0.8531687493835177
265,1776751629.8425157,55,13,1.0,person,0.55,1.0,0.1658684313297271,False,False,,0.6229600824060894
265,1776751629.8425157,32,8,1.0,person,0.55,1.0,0.1903519630432129,False,False,,0.6214117727109364
265,1776751629.8425157,66,15,1.0,person,0.7,0.65,0.2617592215538025,True,False,FOCUSED,0.5644750826415562
265,1776751629.8425157,69,14,1.0,person,0.55,1.0,0.1495786905288696,False,False,,0.6397939691940943
265,1776751629.8425157,85,16,1.0,person,0.55,0.75,0.5350196361541748,False,False,,0.5319812595844269
265,1776751629.8425157,87,3,1.0,person,0.55,1.0,0.4332852959632873,False,False,,0.5824271050237474
265,1776751629.8425157,105,17,1.0,person,0.85,0.65,0.4465793967247009,True,True,WRITING,0.7807923105784825
267,1776751633.1880736,33,9,1.0,person,0.85,0.85,0.233300894498825,True,True,WRITING,0.9758931597073872
267,1776751633.1880736,44,11,1.0,person,0.85,1.0,0.2892178893089294,True,True,WRITING,0.97487720705214
267,1776751633.1880736,53,12,1.0,person,0.8509112920178924,1.0,0.2115960866212844,False,False,,0.8462132456756774
267,1776751633.1880736,55,13,1.0,person,0.55,1.0,0.6159199476242065,False,False,,0.6191089281014034
267,1776751633.1880736,32,8,1.0,person,0.55,0.75,0.2930239737033844,False,False,,0.6200486960865202
267,1776751633.1880736,66,15,1.0,person,0.7,0.65,0.2797756195068359,True,False,FOCUSED,0.6355712802069527
267,1776751633.1880736,69,14,1.0,person,0.55,1.0,0.2563514113426208,False,False,,0.6509719313610167
267,1776751633.1880736,85,16,1.0,person,0.55,0.75,0.2811716198921203,False,False,,0.5344303250312805
267,1776751633.1880736,87,3,1.0,person,0.55,1.0,0.4083824753761291,False,False,,0.5853612493901025
267,1776751633.1880736,105,17,1.0,person,0.85,0.85,0.4288267195224762,True,True,WRITING,0.8430667217288699
269,1776751636.6264813,33,9,1.0,person,0.85,0.85,0.2728252708911896,True,True,WRITING,0.9755932830628896
269,1776751636.6264813,44,11,1.0,person,0.85,1.0,0.3353096842765808,True,True,WRITING,0.976907091481345
269,1776751636.6264813,53,12,1.0,person,0.8604791513131007,1.0,0.1395944654941558,False,False,,0.8465931855496907
269,1776751636.6264813,55,13,1.0,person,0.55,1.0,0.3358209431171417,False,False,,0.626203042268753
269,1776751636.6264813,32,8,1.0,person,0.55,0.75,0.3620711266994476,False,False,,0.6056796780654362
269,1776751636.6264813,66,15,1.0,person,0.55,0.5,0.3204795122146606,False,False,,0.6306890827133541
269,1776751636.6264813,69,14,1.0,person,0.55,1.0,0.2768977284431457,False,False,,0.6596199078219277
269,1776751636.6264813,85,16,1.0,person,0.55,0.75,0.4370675683021545,False,False,,0.5282338368041174
269,1776751636.6264813,87,3,1.0,person,0.55,1.0,0.4074341654777527,False,False,,0.5907680539857774
269,1776751636.6264813,105,17,1.0,person,0.7,0.3,0.359696626663208,True,False,,0.8207258798962548
271,1776751640.310496,33,9,1.0,person,0.85,0.85,0.1207442730665206,True,True,WRITING,0.9759894808133444
271,1776751640.310496,44,11,1.0,person,0.85,0.85,0.2557550072669983,True,True,WRITING,0.9757836631366184
271,1776751640.310496,53,12,1.0,person,0.8661172453576447,1.0,0.0893545299768447,False,False,,0.8534725677399408
271,1776751640.310496,55,13,1.0,person,0.55,1.0,0.1823953092098236,False,False,,0.6427437271390642
271,1776751640.310496,32,8,1.0,person,0.55,0.75,0.1602009981870651,False,False,,0.6121254371745245
271,1776751640.310496,66,15,1.0,person,0.55,0.75,0.2884568274021148,False,False,,0.6310154397856621
271,1776751640.310496,69,14,1.0,person,0.55,1.0,0.3223935663700104,False,False,,0.6641724407672882
271,1776751640.310496,85,16,1.0,person,0.55,1.0,0.354621022939682,False,False,,0.5473997337477547
271,1776751640.310496,87,3,1.0,person,0.55,1.0,0.3823235630989074,False,False,,0.5974081050781976
271,1776751640.310496,105,17,1.0,person,0.7,0.3,0.3602218329906463,True,False,,0.7972057235524769
273,1776751643.8781028,33,9,1.0,person,0.85,0.85,0.2242624312639236,True,True,WRITING,0.9753352410736538
273,1776751643.8781028,44,11,1.0,person,0.85,0.85,0.2872332334518432,True,True,WRITING,0.974971000637327
273,1776751643.8781028,53,12,1.0,person,0.8616032467889186,1.0,0.1898914575576782,False,False,,0.8526533373764583
273,1776751643.8781028,55,13,1.0,person,0.55,1.0,1.0,False,False,,0.6365983647959572
273,1776751643.8781028,32,8,1.0,person,0.55,0.75,0.0803380161523819,False,False,,0.6232447489386513
273,1776751643.8781028,66,15,1.0,person,0.55,0.75,0.1342358291149139,False,False,,0.6497229952755429
273,1776751643.8781028,69,14,1.0,person,0.55,1.0,0.1076731234788894,False,False,,0.680400421222051
273,1776751643.8781028,85,16,1.0,person,0.55,1.0,0.5130890011787415,False,False,,0.5543984081063952
273,1776751643.8781028,87,3,1.0,person,0.55,1.0,0.3897131085395813,False,False,,0.6029951600801376
273,1776751643.8781028,105,17,1.0,person,0.7,0.3,0.2773254513740539,True,False,FOCUSED,0.7972061837996756
275,1776751647.258779,33,9,1.0,person,0.85,0.85,0.1631496399641037,True,True,WRITING,0.975572143282209
275,1776751647.258779,44,11,1.0,person,0.85,1.0,0.3637710213661194,True,True,WRITING,0.9771666051376432
275,1776751647.258779,53,12,1.0,person,0.8679952522280105,1.0,0.1521321833133697,False,False,,0.857568933850243
275,1776751647.258779,55,13,1.0,person,0.55,1.0,0.7185996770858765,False,False,,0.621837156159537
275,1776751647.258779,32,8,1.0,person,0.55,0.75,0.1870484501123428,False,False,,0.6263104535284496
275,1776751647.258779,66,15,1.0,person,0.55,0.5,0.3697702288627624,False,False,,0.6270741884339422
275,1776751647.258779,69,14,1.0,person,0.55,1.0,0.1375356912612915,False,False,,0.6925636771179381
275,1776751647.258779,85,16,1.0,person,0.55,1.0,0.3879750967025757,False,False,,0.5685392728873663
275,1776751647.258779,87,3,1.0,person,0.55,1.0,0.5490180850028992,False,False,,0.600704579977762
275,1776751647.258779,105,17,1.0,person,0.85,0.85,0.3070688545703888,True,True,WRITING,0.8153207436345872
277,1776751650.639635,33,9,1.0,person,0.85,0.85,0.23777636885643,True,True,WRITING,0.9750575799317588
277,1776751650.639635,44,11,1.0,person,0.85,1.0,0.186204046010971,True,True,WRITING,0.9795931655736198
277,1776751650.639635,53,12,1.0,person,0.8693005457519369,1.0,0.0732346400618553,False,False,,0.8616331652516411
277,1776751650.639635,55,13,1.0,person,0.55,1.0,0.6983196139335632,False,False,,0.612183304060073
277,1776751650.639635,32,8,1.0,person,0.55,1.0,0.3827787935733795,False,False,,0.6230182420639764
277,1776751650.639635,66,15,1.0,person,0.55,0.75,0.4523223340511322,False,False,,0.6230744837011609
277,1776751650.639635,69,14,1.0,person,0.55,1.0,0.4041128754615783,False,False,,0.6815471769798368
277,1776751650.639635,85,16,1.0,person,0.55,1.0,0.3360960781574249,False,False,,0.5861920192128136
277,1776751650.639635,87,3,1.0,person,0.55,1.0,0.2519236207008362,False,False,,0.6149524192015331
277,1776751650.639635,105,17,1.0,person,0.85,0.85,0.2388534992933273,True,True,WRITING,0.8314004182673634
279,1776751654.0215485,33,9,1.0,person,0.85,0.85,0.2645858824253082,True,True,WRITING,0.9746632611467724
279,1776751654.0215485,44,11,1.0,person,0.85,1.0,0.2963792085647583,True,True,WRITING,0.981583711646852
279,1776751654.0215485,53,12,1.0,person,0.8755842887226926,1.0,0.2147079706192016,False,False,,0.8723625327859607
279,1776751654.0215485,55,13,1.0,person,0.55,1.0,1.0,False,False,,0.6082979934556143
279,1776751654.0215485,32,8,1.0,person,0.55,1.0,0.3105209469795227,False,False,,0.6304094025066921
279,1776751654.0215485,66,15,1.0,person,0.55,0.5,0.2490721642971038,False,False,,0.6073515618840853
279,1776751654.0215485,69,14,1.0,person,0.55,1.0,0.4267489910125732,False,False,,0.6660635038500741
279,1776751654.0215485,85,16,1.0,person,0.55,1.0,0.4028112292289734,False,False,,0.5945547600587209
279,1776751654.0215485,87,3,1.0,person,0.55,1.0,0.379215657711029,False,False,,0.6194710826589948
279,1776751654.0215485,105,17,1.0,person,0.85,0.85,0.2371953427791595,True,True,WRITING,0.8470933233272461
281,1776751657.467915,33,9,1.0,person,0.85,0.85,0.2734327912330627,True,True,WRITING,0.9736543624174026
281,1776751657.467915,44,11,1.0,person,0.85,0.85,0.2550670504570007,True,True,WRITING,0.9800946790547598
281,1776751657.467915,53,12,1.0,person,0.8958038682834851,1.0,0.2607660889625549,False,False,,0.8673721296446665
281,1776751657.467915,55,13,1.0,person,0.55,1.0,0.3537088334560394,False,False,,0.6046188059307279
281,1776751657.467915,32,8,1.0,person,0.55,1.0,0.2477712333202362,False,False,,0.6331577329408554
281,1776751657.467915,66,15,1.0,person,0.7,0.65,0.3158759474754333,True,False,,0.5843971575725646
281,1776751657.467915,69,14,1.0,person,0.55,1.0,0.3996654450893402,False,False,,0.6536037318763278
281,1776751657.467915,85,16,1.0,person,0.55,1.0,0.5848838090896606,False,False,,0.5987797257446107
281,1776751657.467915,87,3,1.0,person,0.55,1.0,0.4569427371025085,False,False,,0.6163986553748448
281,1776751657.467915,105,17,1.0,person,0.85,0.85,0.2358588725328445,True,True,WRITING,0.8624476796814374
283,1776751660.964224,33,9,1.0,person,0.85,0.85,0.3248974680900574,True,True,WRITING,0.9728456224714008
283,1776751660.964224,44,11,1.0,person,0.85,1.0,0.2713519930839538,True,True,WRITING,0.9807526036387396
283,1776751660.964224,53,12,1.0,person,0.55,1.0,0.2098345309495926,False,False,,0.8398559050900595
283,1776751660.964224,55,13,1.0,person,0.55,1.0,0.2656319737434387,False,False,,0.617252504825592
283,1776751660.964224,32,8,1.0,person,0.55,1.0,0.2389239519834518,False,False,,0.6450599332650502
283,1776751660.964224,66,15,1.0,person,0.55,1.0,0.5842756628990173,False,False,,0.5577255517953917
283,1776751660.964224,69,14,1.0,person,0.55,1.0,0.2756859958171844,False,False,,0.653650796839169
283,1776751660.964224,85,16,1.0,person,0.55,1.0,0.5396134257316589,False,False,,0.5958595965589796
283,1776751660.964224,87,3,1.0,person,0.55,1.0,0.3215402066707611,False,False,,0.6217542092005411
283,1776751660.964224,105,17,1.0,person,0.85,0.85,0.2770301699638366,True,True,WRITING,0.8756034456264404
285,1776751664.7376006,33,9,1.0,person,0.85,0.85,0.1581401079893112,True,True,WRITING,0.9736222078402836
285,1776751664.7376006,44,11,1.0,person,0.85,0.85,0.1753362268209457,True,True,WRITING,0.9798646398953028
285,1776751664.7376006,53,12,1.0,person,0.55,1.0,0.2421577274799347,False,False,,0.8095686442795254
285,1776751664.7376006,55,13,1.0,person,0.55,1.0,0.1154222637414932,False,False,,0.6340933240595318
285,1776751664.7376006,32,8,1.0,person,0.55,1.0,0.2734668850898742,False,False,,0.6554815698237646
285,1776751664.7376006,66,15,1.0,person,0.55,1.0,0.4177036881446838,False,False,,0.5706671579962684
285,1776751664.7376006,69,14,1.0,person,0.55,1.0,0.2556949257850647,False,False,,0.6557097087303797
285,1776751664.7376006,85,16,1.0,person,0.55,1.0,0.5760717988014221,False,False,,0.5975428198065076
285,1776751664.7376006,87,3,1.0,person,0.55,1.0,0.4438448548316955,False,False,,0.6185154970203127
285,1776751664.7376006,105,17,1.0,person,0.85,0.85,0.2052338868379593,True,True,WRITING,0.9226555385901816
287,1776751668.1853411,33,9,1.0,person,0.85,0.85,0.2250883877277374,True,True,WRITING,0.973229481350808
287,1776751668.1853411,44,11,1.0,person,0.85,1.0,0.3093864619731903,True,True,WRITING,0.9812302475883846
287,1776751668.1853411,53,12,1.0,person,0.55,1.0,0.1876518875360489,False,False,,0.7836148121527263
287,1776751668.1853411,55,13,1.0,person,0.55,1.0,1.0,False,False,,0.6198625171468372
287,1776751668.1853411,32,8,1.0,person,0.55,1.0,0.2507769167423248,False,False,,0.6603333751360575
287,1776751668.1853411,66,15,1.0,person,0.7,0.65,0.8794856071472168,True,False,,0.565527530284155
287,1776751668.1853411,69,14,1.0,person,0.55,1.0,0.1437911242246627,False,False,,0.6664277804749352
287,1776751668.1853411,85,16,1.0,person,0.55,1.0,0.3506431579589844,False,False,,0.6008772265343439
287,1776751668.1853411,87,3,1.0,person,0.55,1.0,0.623130738735199,False,False,,0.6109890486512866
287,1776751668.1853411,105,17,1.0,person,0.85,0.85,0.252583235502243,True,True,WRITING,0.963630243341128
289,1776751671.6535902,33,9,1.0,person,0.85,0.85,0.3540151119232178,True,True,WRITING,0.9721941770542234
289,1776751671.6535902,44,11,1.0,person,0.85,1.0,0.1852185428142547,True,True,WRITING,0.983596356851714
289,1776751671.6535902,53,12,1.0,person,0.55,1.0,0.0823275595903396,False,False,,0.7700660363549279
289,1776751671.6535902,55,13,1.0,person,0.55,1.0,1.0,False,False,,0.6162185322670709
289,1776751671.6535902,32,8,1.0,person,0.55,1.0,0.2393501549959182,False,False,,0.6632036219040552
289,1776751671.6535902,66,15,1.0,person,0.55,1.0,1.0,False,False,,0.5614532206455866
289,1776751671.6535902,69,14,1.0,person,0.55,1.0,0.276909589767456,False,False,,0.6612859318653742
289,1776751671.6535902,85,16,1.0,person,0.55,1.0,0.4438601434230804,False,False,,0.6021319064356032
289,1776751671.6535902,87,3,1.0,person,0.55,1.0,0.282114028930664,False,False,,0.6187598215682165
289,1776751671.6535902,105,17,1.0,person,0.85,0.85,0.2270561456680297,True,True,WRITING,0.9727820484411148
291,1776751675.0563784,33,9,1.0,person,0.85,0.85,0.2741782069206238,True,True,WRITING,0.9716831545035044
291,1776751675.0563784,44,11,1.0,person,0.85,1.0,0.1278122067451477,True,True,WRITING,0.9854034781455994
291,1776751675.0563784,53,12,1.0,person,0.8683824392719744,1.0,0.1221030801534652,False,False,,0.7804328749577204
291,1776751675.0563784,55,13,1.0,person,0.55,1.0,0.9048067927360536,False,False,,0.6125745473873048
291,1776751675.0563784,32,8,1.0,person,0.55,1.0,0.0816249996423721,False,False,,0.6795020876895813
291,1776751675.0563784,69,14,1.0,person,0.55,1.0,0.3434207141399383,False,False,,0.6533691173508053
291,1776751675.0563784,85,16,1.0,person,0.55,1.0,0.1880122125148773,False,False,,0.616975079689707
291,1776751675.0563784,87,3,1.0,person,0.55,1.0,0.1715868711471557,False,False,,0.6365377472979682
291,1776751675.0563784,105,17,1.0,person,0.85,0.85,0.139357179403305,True,True,WRITING,0.973896502029328
293,1776751678.289416,33,9,1.0,person,0.85,0.85,0.1416041851043701,True,True,WRITING,0.972609539117132
293,1776751678.289416,44,11,1.0,person,0.85,1.0,0.1697442084550857,True,True,WRITING,0.9860865523417792
293,1776751678.289416,53,12,1.0,person,0.55,1.0,0.1295854300260543,False,False,,0.761322883622987
293,1776751678.289416,55,13,1.0,person,0.55,1.0,0.324880987405777,False,False,,0.6206051633471534
293,1776751678.289416,32,8,1.0,person,0.55,1.0,0.3961976170539856,False,False,,0.6736693261634735
293,1776751678.289416,69,14,1.0,person,0.55,1.0,0.211661010980606,False,False,,0.6628331740697225
293,1776751678.289416,85,16,1.0,person,0.55,1.0,0.2446356564760208,False,False,,0.6256088858559018
293,1776751678.289416,87,3,1.0,person,0.55,1.0,0.251497209072113,False,False,,0.6403365533976327
293,1776751678.289416,105,17,1.0,person,0.85,0.85,0.1689476519823074,True,True,WRITING,0.974420917885644
293,1776751678.289416,66,15,1.0,person,0.8098123503653623,1.0,1.0,False,False,,0.5919655153374102
295,1776751681.7462516,33,9,1.0,person,0.85,0.85,0.194100946187973,True,True,WRITING,0.9731369458493732
295,1776751681.7462516,44,11,1.0,person,0.85,1.0,0.2029358595609665,True,True,WRITING,0.9868767133780888
295,1776751681.7462516,53,12,1.0,person,0.8561861682770193,1.0,0.0842856615781784,False,False,,0.7767350106012253
295,1776751681.7462516,55,13,1.0,person,0.55,1.0,0.2217080146074295,False,False,,0.6346800764401753
295,1776751681.7462516,32,8,1.0,person,0.55,1.0,0.3053083419799804,False,False,,0.6718952435822714
295,1776751681.7462516,69,14,1.0,person,0.55,1.0,0.2031047344207763,False,False,,0.6725979589280628
295,1776751681.7462516,85,16,1.0,person,0.55,1.0,0.1593233197927475,False,False,,0.641400809657006
295,1776751681.7462516,87,3,1.0,person,0.55,1.0,0.1897193938493728,False,False,,0.651888764330319
295,1776751681.7462516,105,17,1.0,person,0.85,0.85,0.1921148747205734,True,True,WRITING,0.9747047417220616
295,1776751681.7462516,66,15,1.0,person,0.55,1.0,0.4484566748142242,False,False,,0.5985524123694625
297,1776751685.2218916,33,9,1.0,person,0.85,0.85,0.2169816493988037,True,True,WRITING,0.9734633167584738
297,1776751685.2218916,44,11,1.0,person,0.85,1.0,0.1337697803974151,True,True,WRITING,0.9891115249622436
297,1776751685.2218916,53,12,1.0,person,0.839839195828636,1.0,0.1279448121786117,False,False,,0.7879625005381447
297,1776751685.2218916,55,13,1.0,person,0.55,0.75,1.0,False,False,,0.6121972465798967
297,1776751685.2218916,32,8,1.0,person,0.55,1.0,0.0756808966398239,False,False,,0.6836119755392982
297,1776751685.2218916,69,14,1.0,person,0.55,1.0,0.222072884440422,False,False,,0.679259411635853
297,1776751685.2218916,85,16,1.0,person,0.55,1.0,0.1126596331596374,False,False,,0.6619209945201874
297,1776751685.2218916,87,3,1.0,person,0.55,1.0,0.0794723704457283,False,False,,0.6721091865074067
297,1776751685.2218916,105,17,1.0,person,0.85,0.85,0.1767201721668243,True,True,WRITING,0.9750852485497792
297,1776751685.2218916,66,15,1.0,person,0.55,1.0,0.3430008292198181,False,False,,0.6108084355999203
299,1776751688.810399,33,9,1.0,person,0.85,0.85,0.1299183815717697,True,True,WRITING,0.974665417557671
299,1776751688.810399,44,11,1.0,person,0.85,1.0,0.1745921671390533,True,True,WRITING,0.9897421044962748
299,1776751688.810399,53,12,1.0,person,0.8383765538979823,1.0,0.0981395319104194,False,False,,0.8116507097369148
299,1776751688.810399,55,13,1.0,person,0.55,1.0,0.2782078385353088,False,False,,0.6160735575925737
299,1776751688.810399,32,8,1.0,person,0.55,1.0,0.1172065883874893,False,False,,0.6914880736952735
299,1776751688.810399,69,14,1.0,person,0.55,1.0,0.1721334457397461,False,False,,0.6848622127657844
299,1776751688.810399,85,16,1.0,person,0.55,1.0,0.0654623582959175,False,False,,0.6837431911911284
299,1776751688.810399,87,3,1.0,person,0.55,1.0,0.2442621439695358,False,False,,0.6756775064127786
299,1776751688.810399,105,17,1.0,person,0.85,0.85,0.1172836646437645,True,True,WRITING,0.9760728989328656
299,1776751688.810399,66,15,1.0,person,0.55,1.0,0.2468748092651367,False,False,,0.6214716651954185
301,1776751692.228604,33,9,1.0,person,0.85,0.85,0.173004537820816,True,True,WRITING,0.9747968500568754
301,1776751692.228604,44,11,1.0,person,0.85,1.0,0.170240968465805,True,True,WRITING,0.9910798619190851
301,1776751692.228604,53,12,1.0,person,0.55,1.0,0.1421154141426086,False,False,,0.8070509291830517
301,1776751692.228604,55,13,1.0,person,0.55,1.0,1.0,False,False,,0.6009319024426596
301,1776751692.228604,32,8,1.0,person,0.55,1.0,0.1174949407577514,False,False,,0.6997522853669667
301,1776751692.228604,69,14,1.0,person,0.55,1.0,0.2837854027748108,False,False,,0.6819572746753693
301,1776751692.228604,85,16,1.0,person,0.55,1.0,0.1670940518379211,False,False,,0.6967207122416722
301,1776751692.228604,87,3,1.0,person,0.55,1.0,0.062547393143177,False,False,,0.6944865672361282
301,1776751692.228604,105,17,1.0,person,0.85,0.85,0.187457650899887,True,True,WRITING,0.9761242660738172
301,1776751692.228604,66,15,1.0,person,0.55,1.0,0.2001955807209015,False,False,,0.6376789575302436
303,1776751695.688842,33,9,1.0,person,0.85,0.85,0.3315346539020538,True,True,WRITING,0.973855142792066
303,1776751695.688842,44,11,1.0,person,0.85,1.0,0.1670542359352111,True,True,WRITING,0.9916699003605616
303,1776751695.688842,53,12,1.0,person,0.55,1.0,0.1624187678098678,False,False,,0.7990638826574598
303,1776751695.688842,55,13,1.0,person,0.55,1.0,0.7944769859313965,False,False,,0.5986095066581453
303,1776751695.688842,32,8,1.0,person,0.55,1.0,0.3420814871788025,False,False,,0.6916530494179044
303,1776751695.688842,69,14,1.0,person,0.55,1.0,0.1320203393697738,False,False,,0.686106522168432
303,1776751695.688842,85,16,1.0,person,0.55,1.0,0.0993296280503273,False,False,,0.7083632534458525
303,1776751695.688842,87,3,1.0,person,0.55,1.0,0.1022542566061019,False,False,,0.7104372367972419
303,1776751695.688842,105,17,1.0,person,0.85,0.85,0.1492674648761749,True,True,WRITING,0.9766524036725364
303,1776751695.688842,66,15,1.0,person,0.55,1.0,0.4197287559509277,False,False,,0.635471745677621
305,1776751699.862582,33,9,1.0,person,0.85,0.85,0.1482983529567718,True,True,WRITING,0.974964222737721
305,1776751699.862582,44,11,1.0,person,0.85,1.0,0.0778924077749252,True,True,WRITING,0.9924747745196024
305,1776751699.862582,53,12,1.0,person,0.8661698856496469,1.0,0.2592738568782806,False,False,,0.8078378978229703
305,1776751699.862582,55,13,1.0,person,0.55,1.0,0.3918018341064453,False,False,,0.6035003239200228
305,1776751699.862582,32,8,1.0,person,0.55,1.0,0.0888767763972282,False,False,,0.700542430792536
305,1776751699.862582,69,14,1.0,person,0.55,1.0,0.1543461084365844,False,False,,0.6925147154501506
305,1776751699.862582,85,16,1.0,person,0.55,1.0,0.2071752846240997,False,False,,0.7142826971553621
305,1776751699.862582,87,3,1.0,person,0.55,1.0,0.4749249815940857,False,False,,0.6934238501957485
305,1776751699.862582,105,17,1.0,person,0.85,0.85,0.2625228464603424,True,True,WRITING,0.9760840889953432
305,1776751699.862582,66,15,1.0,person,0.55,1.0,1.0,False,False,,0.6324169433444663
307,1776751703.3436377,33,9,1.0,person,0.85,0.85,0.1332385241985321,True,True,WRITING,0.9757912180253436
307,1776751703.3436377,44,11,1.0,person,0.85,1.0,0.1131535172462463,True,True,WRITING,0.9927168999399456
307,1776751703.3436377,53,12,1.0,person,0.8398456346559197,1.0,0.1578762829303741,False,False,,0.8099043482825868
307,1776751703.3436377,55,13,1.0,person,0.55,1.0,1.0,False,False,,0.6006626986321949
307,1776751703.3436377,32,8,1.0,person,0.55,1.0,0.1118470802903175,False,False,,0.7026774897461845
307,1776751703.3436377,69,14,1.0,person,0.55,1.0,0.2002455443143844,False,False,,0.6971796247221175
307,1776751703.3436377,85,16,1.0,person,0.55,1.0,0.1143854111433029,False,False,,0.7179511253322873
307,1776751703.3436377,87,3,1.0,person,0.55,1.0,0.1987348943948745,False,False,,0.6925833622614542
307,1776751703.3436377,105,17,1.0,person,0.85,0.85,0.1756192296743393,True,True,WRITING,0.9759478718042374
307,1776751703.3436377,66,15,1.0,person,0.55,1.0,0.8453720808029175,False,False,,0.6268621410113117
309,1776751706.742196,33,9,1.0,person,0.85,0.85,0.2758331298828125,True,True,WRITING,0.9748725500844774
309,1776751706.742196,44,11,1.0,person,0.85,1.0,0.1157675608992576,True,True,WRITING,0.9930782708383742
309,1776751706.742196,53,12,1.0,person,0.55,1.0,0.1321384757757187,False,False,,0.8014576435089111
309,1776751706.742196,55,13,1.0,person,0.55,1.0,0.2230384349822998,False,False,,0.6112857793058667
309,1776751706.742196,32,8,1.0,person,0.55,1.0,0.2280544489622116,False,False,,0.7061970986071087
309,1776751706.742196,69,14,1.0,person,0.55,1.0,0.2778126299381256,False,False,,0.692227046404566
309,1776751706.742196,85,16,1.0,person,0.55,1.0,0.2784620821475982,False,False,,0.7119483188504265
309,1776751706.742196,87,3,1.0,person,0.55,1.0,0.2482220828533172,False,False,,0.6908561551854723
309,1776751706.742196,105,17,1.0,person,0.85,0.85,0.1541118323802948,True,True,WRITING,0.9761181388582502
309,1776751706.742196,66,15,1.0,person,0.8965623654818177,1.0,1.0,False,False,,0.6409085232885933
311,1776751710.7316003,33,9,1.0,person,0.85,0.85,0.268585741519928,True,True,WRITING,0.9742816707917622
311,1776751710.7316003,44,11,1.0,person,0.85,1.0,0.1235583424568176,True,True,WRITING,0.9934611341782978
311,1776751710.7316003,53,12,1.0,person,0.8387226112485733,1.0,0.0522377379238605,False,False,,0.8101805313712074
311,1776751710.7316003,55,13,1.0,person,0.55,1.0,0.452199786901474,False,False,,0.6031986710571108
311,1776751710.7316003,32,8,1.0,person,0.55,1.0,0.1678262501955032,False,False,,0.7103344045934223
311,1776751710.7316003,69,14,1.0,person,0.55,1.0,0.1377041041851043,False,False,,0.6966855859472637
311,1776751710.7316003,85,16,1.0,person,0.55,1.0,0.1862615048885345,False,False,,0.7098157916750226
311,1776751710.7316003,87,3,1.0,person,0.55,1.0,0.1321326196193695,False,False,,0.6950875669717789
311,1776751710.7316003,105,17,1.0,person,0.85,0.85,0.138576403260231,True,True,WRITING,0.9764917861847652
311,1776751710.7316003,66,15,1.0,person,0.55,1.0,0.8083357810974121,False,False,,0.6333646879384461
313,1776751714.1813922,33,9,1.0,person,0.85,0.85,0.1046860814094543,True,True,WRITING,0.97518267588956
313,1776751714.1813922,44,11,1.0,person,0.85,1.0,0.2815652787685394,True,True,WRITING,0.9922329996313368
313,1776751714.1813922,53,12,1.0,person,0.55,1.0,0.1375343948602676,False,False,,0.7909393232493174
313,1776751714.1813922,55,13,1.0,person,0.55,1.0,0.2432848215103149,False,False,,0.62344514301845
313,1776751714.1813922,32,8,1.0,person,0.55,1.0,0.2021438181400299,False,False,,0.7049684077501297
313,1776751714.1813922,69,14,1.0,person,0.55,1.0,0.1542615294456482,False,False,,0.7002708117167155
313,1776751714.1813922,85,16,1.0,person,0.55,1.0,0.1516279280185699,False,False,,0.708787202125504
313,1776751714.1813922,87,3,1.0,person,0.55,1.0,0.3786864280700683,False,False,,0.6794579277435938
313,1776751714.1813922,105,17,1.0,person,0.85,0.85,0.1214208379387855,True,True,WRITING,0.976921545607703
313,1776751714.1813922,66,15,1.0,person,0.55,1.0,0.1669704020023346,False,False,,0.6452552422022225
315,1776751717.7780907,44,11,1.0,person,0.85,1.0,0.2411268204450607,True,True,WRITING,0.991575620713688
315,1776751717.7780907,53,12,1.0,person,0.8722236656119612,1.0,0.1064551919698715,False,False,,0.8015935910599573
315,1776751717.7780907,55,13,1.0,person,0.55,1.0,0.3049062192440033,False,False,,0.6257741529317129
315,1776751717.7780907,32,8,1.0,person,0.55,1.0,0.2060969620943069,False,False,,0.7011275206293378
315,1776751717.7780907,69,14,1.0,person,0.55,1.0,0.1837541610002517,False,False,,0.7001401058265141
315,1776751717.7780907,85,16,1.0,person,0.55,1.0,0.2031989097595214,False,False,,0.7031576150939577
315,1776751717.7780907,87,3,1.0,person,0.55,1.0,0.3042822480201721,False,False,,0.6749216729686375
315,1776751717.7780907,105,17,1.0,person,0.85,1.0,0.1333317160606384,True,True,WRITING,0.9795068509521938
315,1776751717.7780907,66,15,1.0,person,0.55,1.0,0.242642730474472,False,False,,0.6485162743126897
317,1776751720.9039335,44,11,1.0,person,0.85,1.0,0.2982842922210693,True,True,WRITING,0.9904659951017016
317,1776751720.9039335,53,12,1.0,person,0.55,1.0,0.0843135863542556,False,False,,0.7982657395658039
317,1776751720.9039335,55,13,1.0,person,0.55,1.0,0.2014725655317306,False,False,,0.6414627980618249
317,1776751720.9039335,32,8,1.0,person,0.55,1.0,0.181264117360115,False,False,,0.6993736880166189
317,1776751720.9039335,69,14,1.0,person,0.55,1.0,0.1838025450706482,False,False,,0.7032515612386522
317,1776751720.9039335,85,16,1.0,person,0.55,1.0,0.1083619967103004,False,False,,0.7074101439544133
317,1776751720.9039335,87,3,1.0,person,0.55,1.0,0.3891411423683166,False,False,,0.659822112747601
317,1776751720.9039335,105,17,1.0,person,0.85,1.0,0.1850671470165252,True,True,WRITING,0.9817426275639306
317,1776751720.9039335,66,15,1.0,person,0.55,1.0,0.1269913762807846,False,False,,0.6581335606431656
317,1776751720.9039335,33,9,1.0,person,0.85,0.85,0.1860447227954864,True,True,WRITING,0.9750279046240308
319,1776751724.0777042,44,11,1.0,person,0.85,1.0,0.2369686663150787,True,True,WRITING,0.989932161711511
319,1776751724.0777042,53,12,1.0,person,0.876104687770575,1.0,0.1120887249708175,False,False,,0.8205664477178028
319,1776751724.0777042,55,13,1.0,person,0.55,1.0,0.5842908620834351,False,False,,0.6358280539512634
319,1776751724.0777042,32,8,1.0,person,0.55,1.0,0.3591186702251434,False,False,,0.692483303802354
319,1776751724.0777042,69,14,1.0,person,0.55,1.0,0.1685891598463058,False,False,,0.7025649966228577
319,1776751724.0777042,85,16,1.0,person,0.55,1.0,0.1473816931247711,False,False,,0.706845555986677
319,1776751724.0777042,87,3,1.0,person,0.55,1.0,0.2836613953113556,False,False,,0.6544442290351505
319,1776751724.0777042,105,17,1.0,person,0.85,0.85,0.1061429381370544,True,True,WRITING,0.981819727591106
319,1776751724.0777042,66,15,1.0,person,0.55,1.0,0.1506297290325164,False,False,,0.6720987333316302
319,1776751724.0777042,33,9,1.0,person,0.85,0.85,0.1570348143577575,True,True,WRITING,0.9753021661724364
321,1776751727.6970313,44,11,1.0,person,0.85,1.0,0.301072210073471,True,True,WRITING,0.9885873141742888
321,1776751727.6970313,53,12,1.0,person,0.55,1.0,0.1261410415172577,False,False,,0.8040496820495243
321,1776751727.6970313,55,13,1.0,person,0.55,1.0,0.2665621340274811,False,False,,0.6426644552321662
321,1776751727.6970313,32,8,1.0,person,0.55,1.0,0.1428939253091812,False,False,,0.6928546144848777
321,1776751727.6970313,69,14,1.0,person,0.55,1.0,0.2021719217300415,False,False,,0.7004515897660027
321,1776751727.6970313,85,16,1.0,person,0.55,1.0,0.2006140649318695,False,False,,0.7060422712848299
321,1776751727.6970313,87,3,1.0,person,0.55,1.0,0.215284377336502,False,False,,0.665136388369969
321,1776751727.6970313,105,17,1.0,person,0.85,0.85,0.1939872205257415,True,True,WRITING,0.9815436048167092
321,1776751727.6970313,66,15,1.0,person,0.55,1.0,0.4028149247169494,False,False,,0.6702636001029451
321,1776751727.6970313,33,9,1.0,person,0.85,0.85,0.0866050422191619,True,True,WRITING,0.9767200194654012
323,1776751730.7924545,44,11,1.0,person,0.85,1.0,0.3427078127861023,True,True,WRITING,0.9871542851130168
323,1776751730.7924545,53,12,1.0,person,0.55,1.0,0.0714633166790008,False,False,,0.7904691731645946
323,1776751730.7924545,55,13,1.0,person,0.55,1.0,0.099235363304615,False,False,,0.6631509728374935
323,1776751730.7924545,32,8,1.0,person,0.55,1.0,0.1920154839754104,False,False,,0.6908646644580932
323,1776751730.7924545,69,14,1.0,person,0.55,1.0,0.2436999827623367,False,False,,0.6971088016317003
323,1776751730.7924545,85,16,1.0,person,0.55,1.0,0.3200741708278656,False,False,,0.6945925951004028
323,1776751730.7924545,87,3,1.0,person,0.55,1.0,0.3519357442855835,False,False,,0.6575909271126701
323,1776751730.7924545,105,17,1.0,person,0.85,1.0,0.1882999241352081,True,True,WRITING,0.9834637003285543
323,1776751730.7924545,66,15,1.0,person,0.55,1.0,1.0,False,False,,0.661486677911351
323,1776751730.7924545,33,9,1.0,person,0.85,0.85,0.0849849134683609,True,True,WRITING,0.9773511652435576
325,1776751734.0967145,44,11,1.0,person,0.85,1.0,0.4608539044857025,True,True,WRITING,0.9848826825618744
325,1776751734.0967145,53,12,1.0,person,0.55,1.0,0.1024335175752639,False,False,,0.7857540349165598
325,1776751734.0967145,55,13,1.0,person,0.55,1.0,0.6693230271339417,False,False,,0.6470982581377029
325,1776751734.0967145,32,8,1.0,person,0.55,1.0,0.151354506611824,False,False,,0.695287417088236
325,1776751734.0967145,69,14,1.0,person,0.55,1.0,0.0951115265488624,False,False,,0.7060950469403039
325,1776751734.0967145,85,16,1.0,person,0.55,1.0,0.1270408630371093,False,False,,0.7016791857424236
325,1776751734.0967145,87,3,1.0,person,0.55,1.0,0.2524182200431824,False,False,,0.6588234177657536
325,1776751734.0967145,105,17,1.0,person,0.85,0.85,0.2076848298311233,True,True,WRITING,0.9824744278476352
325,1776751734.0967145,66,15,1.0,person,0.8951311898801867,1.0,0.1943874210119247,False,False,,0.6894676252489997
325,1776751734.0967145,33,9,1.0,person,0.85,0.85,0.2291216105222702,True,True,WRITING,0.9766897069556372
327,1776751737.851199,44,11,1.0,person,0.85,1.0,0.405609667301178,True,True,WRITING,0.983304677265031
327,1776751737.851199,53,12,1.0,person,0.8769753361321411,1.0,0.0887813046574592,False,False,,0.7964611308915274
327,1776751737.851199,55,13,1.0,person,0.55,1.0,0.4401601254940033,False,False,,0.6429012031782241
327,1776751737.851199,32,8,1.0,person,0.55,1.0,0.1289522349834442,False,False,,0.6991175980794996
327,1776751737.851199,69,14,1.0,person,0.55,1.0,0.2443319112062454,False,False,,0.7002601580960409
327,1776751737.851199,85,16,1.0,person,0.55,1.0,0.2071412354707718,False,False,,0.7000703932273954
327,1776751737.851199,87,3,1.0,person,0.55,1.0,0.2602465450763702,False,False,,0.6562371608756837
327,1776751737.851199,105,17,1.0,person,0.85,0.85,0.1719460487365722,True,True,WRITING,0.9817593807265872
327,1776751737.851199,66,15,1.0,person,0.9245303651670048,1.0,0.6608321070671082,False,False,,0.7104547882681517
327,1776751737.851199,33,9,1.0,person,0.85,0.85,0.0997522175312042,True,True,WRITING,0.9776726670208432
329,1776751741.1819525,44,11,1.0,person,0.85,1.0,0.2775983214378357,True,True,WRITING,0.9835256252970014
329,1776751741.1819525,53,12,1.0,person,0.8800364010669373,1.0,0.1361555755138397,False,False,,0.8169599253506887
329,1776751741.1819525,55,13,1.0,person,0.55,1.0,0.8426656723022461,False,False,,0.6286884929452623
329,1776751741.1819525,32,8,1.0,person,0.55,1.0,0.112463392317295,False,False,,0.7048424290759222
329,1776751741.1819525,69,14,1.0,person,0.55,1.0,0.4654413759708404,False,False,,0.6806654539846239
329,1776751741.1819525,85,16,1.0,person,0.55,1.0,0.1243723630905151,False,False,,0.7030894266707556
329,1776751741.1819525,87,3,1.0,person,0.55,1.0,0.4302133619785309,False,False,,0.6499742411431813
329,1776751741.1819525,105,17,1.0,person,0.85,0.85,0.3010509014129638,True,True,WRITING,0.9799270537637528
329,1776751741.1819525,66,15,1.0,person,0.9209458817778756,1.0,0.708670973777771,False,False,,0.7193987655551393
329,1776751741.1819525,33,9,1.0,person,0.85,0.85,0.1688507944345474,True,True,WRITING,0.9779491105249948
331,1776751744.3765,44,11,1.0,person,0.85,1.0,0.183920219540596,True,True,WRITING,0.9843804424717314
331,1776751744.3765,53,12,1.0,person,0.884376339067956,1.0,0.1751125752925872,False,False,,0.8208562142792202
331,1776751744.3765,55,13,1.0,person,0.55,1.0,0.5131460428237915,False,False,,0.6174588460297811
331,1776751744.3765,32,8,1.0,person,0.55,1.0,0.1673332899808883,False,False,,0.7065951703559784
331,1776751744.3765,69,14,1.0,person,0.55,1.0,0.6025615930557251,False,False,,0.6610913005613145
331,1776751744.3765,85,16,1.0,person,0.55,1.0,0.2215809524059295,False,False,,0.7009715530134383
331,1776751744.3765,87,3,1.0,person,0.55,1.0,0.4388785362243652,False,False,,0.6412531761896042
331,1776751744.3765,105,17,1.0,person,0.85,0.85,0.276654452085495,True,True,WRITING,0.9773760643743332
331,1776751744.3765,66,15,1.0,person,0.55,1.0,0.2899790108203888,False,False,,0.7129718964288848
331,1776751744.3765,33,9,1.0,person,0.85,0.85,0.1587320417165756,True,True,WRITING,0.9776651525781268
333,1776751747.694862,44,11,1.0,person,0.85,1.0,0.1790554523468017,True,True,WRITING,0.9854458825928823
333,1776751747.694862,53,12,1.0,person,0.55,1.0,0.1774614453315735,False,False,,0.8078611897570745
333,1776751747.694862,55,13,1.0,person,0.55,1.0,0.4259255826473236,False,False,,0.6091412599597659
333,1776751747.694862,32,8,1.0,person,0.55,1.0,0.1198140531778335,False,False,,0.7106217571667263
333,1776751747.694862,69,14,1.0,person,0.55,1.0,0.1632990688085556,False,False,,0.6654711930524735
333,1776751747.694862,85,16,1.0,person,0.55,1.0,0.110690139234066,False,False,,0.7036242995943341
333,1776751747.694862,87,3,1.0,person,0.55,1.0,0.4096226096153259,False,False,,0.63754798188096
333,1776751747.694862,105,17,1.0,person,0.85,0.85,0.2058998793363571,True,True,WRITING,0.975863346741313
333,1776751747.694862,66,15,1.0,person,0.55,1.0,0.2135823518037796,False,False,,0.7085592172612029
333,1776751747.694862,33,9,1.0,person,0.85,0.85,0.1544331610202789,True,True,WRITING,0.9777397555964334
335,1776751750.8518665,44,11,1.0,person,0.85,1.0,0.2729188203811645,True,True,WRITING,0.9854391784895036
335,1776751750.8518665,53,12,1.0,person,0.55,1.0,0.1237608790397644,False,False,,0.7880367423806872
335,1776751750.8518665,55,13,1.0,person,0.55,1.0,0.2019270360469818,False,False,,0.6253550921167645
335,1776751750.8518665,32,8,1.0,person,0.55,1.0,0.1185721382498741,False,False,,0.7195200756901786
335,1776751750.8518665,69,14,1.0,person,0.55,1.0,0.2299548834562301,False,False,,0.6648750535079411
335,1776751750.8518665,85,16,1.0,person,0.55,1.0,0.1347172558307647,False,False,,0.7058011768829254
335,1776751750.8518665,87,3,1.0,person,0.55,1.0,0.2910397052764892,False,False,,0.6388321426652727
335,1776751750.8518665,105,17,1.0,person,0.85,0.85,0.1535116732120514,True,True,WRITING,0.9757677281186692
335,1776751750.8518665,66,15,1.0,person,0.55,1.0,0.6027793884277344,False,False,,0.6861397562145952
335,1776751750.8518665,33,9,1.0,person,0.85,1.0,0.1263461709022522,True,True,WRITING,0.9804259914727438
337,1776751754.44832,44,11,1.0,person,0.85,1.0,0.2208855152130127,True,True,WRITING,0.9861164284603936
337,1776751754.44832,53,12,1.0,person,0.55,1.0,0.1549449265003204,False,False,,0.7801781268346876
337,1776751754.44832,55,13,1.0,person,0.55,1.0,0.1107880100607872,False,False,,0.6395558053538912
337,1776751754.44832,32,8,1.0,person,0.55,1.0,0.0770605653524398,False,False,,0.7238625273818062
337,1776751754.44832,69,14,1.0,person,0.55,1.0,0.1618563085794448,False,False,,0.6700705504133588
337,1776751754.44832,85,16,1.0,person,0.55,1.0,0.2959124445915222,False,False,,0.6986923203581856
337,1776751754.44832,87,3,1.0,person,0.55,1.0,0.3777284920215606,False,False,,0.6324185544536227
337,1776751754.44832,105,17,1.0,person,0.85,0.85,0.1384759545326233,True,True,WRITING,0.9761393332765216
337,1776751754.44832,66,15,1.0,person,0.55,1.0,0.1730704009532928,False,False,,0.694384553937568
337,1776751754.44832,33,9,1.0,person,0.85,0.85,0.153601735830307,True,True,WRITING,0.9799367217790512
339,1776751758.4118698,44,11,1.0,person,0.85,1.0,0.160826563835144,True,True,WRITING,0.9873951347101304
339,1776751758.4118698,53,12,1.0,person,0.55,1.0,0.0611422881484031,False,False,,0.777147962933495
339,1776751758.4118698,55,13,1.0,person,0.55,1.0,0.0504723861813545,False,False,,0.6522550208227975
339,1776751758.4118698,32,8,1.0,person,0.55,1.0,0.1887312680482864,False,False,,0.7218502440622875
339,1776751758.4118698,69,14,1.0,person,0.55,1.0,0.0856554433703422,False,False,,0.6813406376611618
339,1776751758.4118698,85,16,1.0,person,0.55,1.0,0.1740700602531433,False,False,,0.7035732425394512
339,1776751758.4118698,87,3,1.0,person,0.55,1.0,0.3399861454963684,False,False,,0.6331989956753594
339,1776751758.4118698,105,17,1.0,person,0.85,0.85,0.1433067172765731,True,True,WRITING,0.9753458975326448
339,1776751758.4118698,66,15,1.0,person,0.55,1.0,0.2695419192314148,False,False,,0.6978806154095724
339,1776751758.4118698,33,9,1.0,person,0.85,0.85,0.2083289623260498,True,True,WRITING,0.9790254902271996
341,1776751761.6307218,44,11,1.0,person,0.85,1.0,0.2565663158893585,True,True,WRITING,0.988189690169834
341,1776751761.6307218,53,12,1.0,person,0.55,1.0,0.2816792726516723,False,False,,0.7602510530324209
341,1776751761.6307218,55,13,1.0,person,0.55,1.0,0.2849279642105102,False,False,,0.6605420746973582
341,1776751761.6307218,32,8,1.0,person,0.55,1.0,0.2631513178348541,False,False,,0.7136992443175543
341,1776751761.6307218,69,14,1.0,person,0.55,1.0,0.2097818404436111,False,False,,0.6793376525243122
341,1776751761.6307218,85,16,1.0,person,0.55,1.0,0.1124720945954322,False,False,,0.7063501995234263
341,1776751761.6307218,87,3,1.0,person,0.55,1.0,0.2491997927427292,False,False,,0.6371315994432994
341,1776751761.6307218,105,17,1.0,person,0.85,0.85,0.186352789402008,True,True,WRITING,0.9754861990610758
341,1776751761.6307218,66,15,1.0,person,0.55,1.0,0.6005711555480957,False,False,,0.6638574888691814
341,1776751761.6307218,33,9,1.0,person,0.85,1.0,0.1225061416625976,True,True,WRITING,0.981917632477624
343,1776751764.650049,44,11,1.0,person,0.85,1.0,0.1014529317617416,True,True,WRITING,0.9899579627173288
343,1776751764.650049,53,12,1.0,person,0.55,1.0,0.1254686117172241,False,False,,0.7425539862541926
343,1776751764.650049,55,13,1.0,person,0.55,1.0,0.1894511133432388,False,False,,0.6724603850217092
343,1776751764.650049,32,8,1.0,person,0.55,1.0,0.1334661543369293,False,False,,0.7140862239258629
343,1776751764.650049,69,14,1.0,person,0.55,1.0,0.2198178023099899,False,False,,0.6814750941026778
343,1776751764.650049,85,16,1.0,person,0.55,1.0,0.081948347389698,False,False,,0.7133812783729462
343,1776751764.650049,87,3,1.0,person,0.55,1.0,0.2167249619960785,False,False,,0.6434375331515357
343,1776751764.650049,105,17,1.0,person,0.85,0.85,0.1978292167186737,True,True,WRITING,0.9753905279295786
343,1776751764.650049,66,15,1.0,person,0.55,1.0,1.0,False,False,,0.6410258262924797
343,1776751764.650049,33,9,1.0,person,0.85,0.85,0.0937069132924079,True,True,WRITING,0.981845708830016
345,1776751767.6393976,44,11,1.0,person,0.85,1.0,0.1317889839410781,True,True,WRITING,0.9908352061396551
345,1776751767.6393976,53,12,1.0,person,0.55,1.0,0.1373753249645233,False,False,,0.7274283433244341
345,1776751767.6393976,55,13,1.0,person,0.55,1.0,0.1258539408445358,False,False,,0.6891343724159967
345,1776751767.6393976,32,8,1.0,person,0.55,1.0,0.1254656761884689,False,False,,0.7145569494792392
345,1776751767.6393976,69,14,1.0,person,0.55,1.0,0.3236694037914276,False,False,,0.6828897804021836
345,1776751767.6393976,85,16,1.0,person,0.55,1.0,0.1743590831756591,False,False,,0.7112906575202942
345,1776751767.6393976,87,3,1.0,person,0.55,1.0,0.2307592630386352,False,False,,0.6534567915257953
345,1776751767.6393976,105,17,1.0,person,0.85,0.85,0.2240840643644333,True,True,WRITING,0.975552553222293
345,1776751767.6393976,66,15,1.0,person,0.55,1.0,1.0,False,False,,0.6205515283913838
345,1776751767.6393976,33,9,1.0,person,0.85,0.85,0.2331195175647735,True,True,WRITING,0.9808551931665056
347,1776751770.6286435,44,11,1.0,person,0.85,1.0,0.1795102804899215,True,True,WRITING,0.9908934207189652
347,1776751770.6286435,53,12,1.0,person,0.55,1.0,0.1962037533521652,False,False,,0.7113091746966044
347,1776751770.6286435,55,13,1.0,person,0.55,1.0,0.3758862316608429,False,False,,0.687357885496957
347,1776751770.6286435,32,8,1.0,person,0.55,1.0,0.1382301300764084,False,False,,0.7158063437257495
347,1776751770.6286435,69,14,1.0,person,0.55,1.0,0.1640805751085281,False,False,,0.6952560004733858
347,1776751770.6286435,85,16,1.0,person,0.55,1.0,0.1779090911149978,False,False,,0.7119787981112798
347,1776751770.6286435,87,3,1.0,person,0.55,1.0,0.1898979395627975,False,False,,0.6654979359535943
347,1776751770.6286435,105,17,1.0,person,0.85,0.85,0.1359005123376846,True,True,WRITING,0.9763165016969044
347,1776751770.6286435,66,15,1.0,person,0.55,1.0,0.494014173746109,False,False,,0.6099317611682983
347,1776751770.6286435,33,9,1.0,person,0.85,0.85,0.0782182663679122,True,True,WRITING,0.9811576434544156
349,1776751773.692789,44,11,1.0,person,0.85,1.0,0.1969141066074371,True,True,WRITING,0.9907865971326828
349,1776751773.692789,53,12,1.0,person,0.55,1.0,0.072700023651123,False,False,,0.7175234854221344
349,1776751773.692789,55,13,1.0,person,0.55,1.0,0.987969696521759,False,False,,0.6745997247241791
349,1776751773.692789,32,8,1.0,person,0.55,1.0,0.0995098948478698,False,False,,0.7181408078897568
349,1776751773.692789,69,14,1.0,person,0.55,1.0,0.1867776215076446,False,False,,0.6948894439708618
349,1776751773.692789,85,16,1.0,person,0.55,1.0,0.1680099815130233,False,False,,0.7099506038995016
349,1776751773.692789,87,3,1.0,person,0.55,1.0,0.2493857443332672,False,False,,0.6715517207270576
349,1776751773.692789,105,17,1.0,person,0.85,0.85,0.1414752155542373,True,True,WRITING,0.9766975222598938
349,1776751773.692789,66,15,1.0,person,0.55,1.0,0.0887702479958534,False,False,,0.625117091905503
349,1776751773.692789,33,9,1.0,person,0.85,0.85,0.0514842867851257,True,True,WRITING,0.9816195986100604
351,1776751776.67636,44,11,1.0,person,0.85,1.0,0.1552072316408157,True,True,WRITING,0.9913731934059232
351,1776751776.67636,53,12,1.0,person,0.55,1.0,0.06576968729496,False,False,,0.7221666574478149
351,1776751776.67636,55,13,1.0,person,0.55,1.0,1.0,False,False,,0.6557943398044223
351,1776751776.67636,32,8,1.0,person,0.55,1.0,0.2041667997837066,False,False,,0.7133659727516628
351,1776751776.67636,69,14,1.0,person,0.55,1.0,0.1217248812317848,False,False,,0.7008759876092275
351,1776751776.67636,85,16,1.0,person,0.55,1.0,0.1382846385240554,False,False,,0.7108635448274159
351,1776751776.67636,87,3,1.0,person,0.55,1.0,0.1026650667190551,False,False,,0.6832357673417953
351,1776751776.67636,105,17,1.0,person,0.85,0.85,0.1319673806428909,True,True,WRITING,0.976932325533458
351,1776751776.67636,66,15,1.0,person,0.55,1.0,0.3323098719120025,False,False,,0.631655461021832
351,1776751776.67636,33,9,1.0,person,0.85,0.85,0.081761285662651,True,True,WRITING,0.980596220209485
353,1776751779.596004,44,11,1.0,person,0.85,1.0,0.1028188243508338,True,True,WRITING,0.9921404527766364
353,1776751779.596004,53,12,1.0,person,0.55,1.0,0.0908188298344612,False,False,,0.7257547115995769
353,1776751779.596004,55,13,1.0,person,0.55,1.0,0.119204007089138,False,False,,0.6611907815649396
353,1776751779.596004,32,8,1.0,person,0.55,1.0,0.2774911522865295,False,False,,0.7029243977296921
353,1776751779.596004,69,14,1.0,person,0.55,1.0,0.3833791315555572,False,False,,0.6869578588576544
353,1776751779.596004,85,16,1.0,person,0.55,1.0,0.3591653406620025,False,False,,0.7016736645074118
353,1776751779.596004,87,3,1.0,person,0.55,1.0,0.2483372241258621,False,False,,0.6867881317933401
353,1776751779.596004,105,17,1.0,person,0.85,0.85,0.1092889457941055,True,True,WRITING,0.9772895915167672
353,1776751779.596004,66,15,1.0,person,0.55,1.0,0.2256970703601837,False,False,,0.6351619890757969
353,1776751779.596004,33,9,1.0,person,0.85,0.85,0.0813593044877052,True,True,WRITING,0.9808970029864992
355,1776751782.5527546,44,11,1.0,person,0.85,1.0,0.101413145661354,True,True,WRITING,0.9926346512067886
355,1776751782.5527546,53,12,1.0,person,0.55,1.0,0.1487585008144378,False,False,,0.7224946774187542
355,1776751782.5527546,55,13,1.0,person,0.55,1.0,1.0,False,False,,0.6395175913969675
355,1776751782.5527546,32,8,1.0,person,0.55,1.0,0.2010056525468826,False,False,,0.701726876554035
355,1776751782.5527546,69,14,1.0,person,0.55,1.0,0.1847562342882156,False,False,,0.6851589644239061
355,1776751782.5527546,85,16,1.0,person,0.55,1.0,0.1412591487169265,False,False,,0.7038308573620661
355,1776751782.5527546,87,3,1.0,person,0.55,1.0,0.0800977200269699,False,False,,0.6998619678474608
355,1776751782.5527546,105,17,1.0,person,0.85,0.85,0.1174270361661911,True,True,WRITING,0.977578919558298
355,1776751782.5527546,66,15,1.0,person,0.55,1.0,0.1605914384126663,False,False,,0.6460158277125586
355,1776751782.5527546,33,9,1.0,person,0.85,0.85,0.1048467010259628,True,True,WRITING,0.9811545042764576
357,1776751785.5014591,44,11,1.0,person,0.85,1.0,0.118802472949028,True,True,WRITING,0.9932905066580998
357,1776751785.5014591,53,12,1.0,person,0.55,1.0,0.144767627120018,False,False,,0.7262189721777327
357,1776751785.5014591,55,13,1.0,person,0.55,1.0,1.0,False,False,,0.6266837408145268
357,1776751785.5014591,32,8,1.0,person,0.55,1.0,0.2867129743099212,False,False,,0.6970002693789347
357,1776751785.5014591,69,14,1.0,person,0.55,1.0,0.1734442412853241,False,False,,0.6881325840950012
357,1776751785.5014591,85,16,1.0,person,0.55,1.0,0.2153579741716385,False,False,,0.6991319422210965
357,1776751785.5014591,87,3,1.0,person,0.55,1.0,0.1577503979206085,False,False,,0.7039274913924082
357,1776751785.5014591,105,17,1.0,person,0.85,0.85,0.1608698368072509,True,True,WRITING,0.9776445471105122
357,1776751785.5014591,66,15,1.0,person,0.55,1.0,0.6906183958053589,False,False,,0.6403081273748761
357,1776751785.5014591,33,9,1.0,person,0.85,0.85,0.0978179723024368,True,True,WRITING,0.98003104471025
359,1776751788.4240506,44,11,1.0,person,0.85,1.0,0.0725133568048477,True,True,WRITING,0.9936961226520084
359,1776751788.4240506,53,12,1.0,person,0.55,1.0,0.1224262341856956,False,False,,0.7263175759996687
359,1776751788.4240506,55,13,1.0,person,0.55,1.0,0.4567697942256927,False,False,,0.6150281456254777
359,1776751788.4240506,32,8,1.0,person,0.55,1.0,0.3113620579242706,False,False,,0.6870373019150325
359,1776751788.4240506,69,14,1.0,person,0.55,1.0,0.1534138470888137,False,False,,0.6925552707342875
359,1776751788.4240506,85,16,1.0,person,0.55,1.0,0.159338891506195,False,False,,0.6977854633615131
359,1776751788.4240506,87,3,1.0,person,0.55,1.0,0.2088372707366943,False,False,,0.7032238997164226
359,1776751788.4240506,105,17,1.0,person,0.85,1.0,0.2794211208820343,True,True,WRITING,0.9792480639048984
359,1776751788.4240506,66,15,1.0,person,0.55,1.0,0.1655018329620361,False,False,,0.6569003008660815
359,1776751788.4240506,33,9,1.0,person,0.85,0.85,0.1183934807777404,True,True,WRITING,0.9798685695443834
361,1776751791.347161,44,11,1.0,person,0.85,1.0,0.1015742421150207,True,True,WRITING,0.9939506834461576
361,1776751791.347161,53,12,1.0,person,0.55,1.0,0.1549334973096847,False,False,,0.7245747305098034
361,1776751791.347161,55,13,1.0,person,0.55,1.0,1.0,False,False,,0.5999464199656531
361,1776751791.347161,32,8,1.0,person,0.55,1.0,0.2759438753128052,False,False,,0.6800540820473717
361,1776751791.347161,69,14,1.0,person,0.55,1.0,0.0676424875855445,False,False,,0.705347017163322
361,1776751791.347161,85,16,1.0,person,0.55,1.0,0.1612747311592102,False,False,,0.6993187637556167
361,1776751791.347161,87,3,1.0,person,0.55,1.0,0.1289858818054199,False,False,,0.7082071595248722
361,1776751791.347161,105,17,1.0,person,0.85,1.0,0.2127346247434616,True,True,WRITING,0.9813710713670366
361,1776751791.347161,66,15,1.0,person,0.55,1.0,0.2020658999681472,False,False,,0.6694620247398104
361,1776751791.347161,33,9,1.0,person,0.85,0.85,0.1244622021913528,True,True,WRITING,0.980168117653756
363,1776751794.2985218,44,11,1.0,person,0.85,1.0,0.1126191467046737,True,True,WRITING,0.9942656507094702
363,1776751794.2985218,53,12,1.0,person,0.55,1.0,0.1048923283815383,False,False,,0.7279323900029772
363,1776751794.2985218,55,13,1.0,person,0.55,1.0,0.5758693814277649,False,False,,0.5937901249953678
363,1776751794.2985218,32,8,1.0,person,0.55,1.0,0.4040676951408386,False,False,,0.6656105362233662
363,1776751794.2985218,69,14,1.0,person,0.55,1.0,0.0668113976716995,False,False,,0.7124153219518208
363,1776751794.2985218,85,16,1.0,person,0.55,1.0,0.1806285083293914,False,False,,0.6996009314344042
363,1776751794.2985218,87,3,1.0,person,0.55,1.0,1.0,False,False,,0.6868040397053674
363,1776751794.2985218,105,17,1.0,person,0.85,0.85,0.1270533353090286,True,True,WRITING,0.9812078255982628
363,1776751794.2985218,66,15,1.0,person,0.55,1.0,0.1554600298404693,False,False,,0.6835410539593015
363,1776751794.2985218,33,9,1.0,person,0.85,0.85,0.1226450204849243,True,True,WRITING,0.9798649180503116
365,1776751797.2459996,44,11,1.0,person,0.85,1.0,0.0787991061806678,True,True,WRITING,0.9948847918283372
365,1776751797.2459996,53,12,1.0,person,0.55,1.0,0.0385706797242164,False,False,,0.7317479955298559
365,1776751797.2459996,55,13,1.0,person,0.55,1.0,0.1261012852191925,False,False,,0.6166975336415427
365,1776751797.2459996,32,8,1.0,person,0.55,1.0,0.2667718529701233,False,False,,0.6604796499013901
365,1776751797.2459996,69,14,1.0,person,0.55,1.0,0.0945161208510398,False,False,,0.7178219365222113
365,1776751797.2459996,85,16,1.0,person,0.55,1.0,0.2881161868572235,False,False,,0.6924473714260827
365,1776751797.2459996,87,3,1.0,person,0.55,1.0,1.0,False,False,,0.6685772484257108
365,1776751797.2459996,105,17,1.0,person,0.85,1.0,0.1347903907299041,True,True,WRITING,0.9834947366090048
365,1776751797.2459996,66,15,1.0,person,0.55,1.0,0.1023640260100364,False,False,,0.6879692531767345
365,1776751797.2459996,33,9,1.0,person,0.85,0.85,0.1254828572273254,True,True,WRITING,0.9794690318050838
367,1776751800.2224474,44,11,1.0,person,0.85,1.0,0.1152531504631042,True,True,WRITING,0.9949808851594016
367,1776751800.2224474,53,12,1.0,person,0.55,1.0,0.0968671590089798,False,False,,0.7313166381347748
367,1776751800.2224474,55,13,1.0,person,0.55,1.0,1.0,False,False,,0.6128978912319455
367,1776751800.2224474,32,8,1.0,person,0.55,1.0,0.3666828870773315,False,False,,0.6524747085003625
367,1776751800.2224474,69,14,1.0,person,0.55,1.0,0.0701604709029197,False,False,,0.7225542735485804
367,1776751800.2224474,85,16,1.0,person,0.55,1.0,0.2019185274839401,False,False,,0.6907629611946288
367,1776751800.2224474,87,3,1.0,person,0.55,1.0,0.7952791452407837,False,False,,0.6473518381516138
367,1776751800.2224474,105,17,1.0,person,0.85,1.0,0.138236403465271,True,True,WRITING,0.9855364305632454
367,1776751800.2224474,66,15,1.0,person,0.55,1.0,0.0630298107862472,False,False,,0.7020427370355242
367,1776751800.2224474,33,9,1.0,person,0.85,0.85,0.1340599656105041,True,True,WRITING,0.979153852377619
369,1776751803.1650608,44,11,1.0,person,0.85,1.0,0.0977004766464233,True,True,WRITING,0.9950123776992162
369,1776751803.1650608,53,12,1.0,person,0.55,1.0,0.0821548253297805,False,False,,0.7327298784539814
369,1776751803.1650608,55,13,1.0,person,0.55,1.0,0.2468627244234085,False,False,,0.6150941840239933
369,1776751803.1650608,32,8,1.0,person,0.55,1.0,0.301023781299591,False,False,,0.651715908731733
369,1776751803.1650608,69,14,1.0,person,0.55,1.0,0.171340525150299,False,False,,0.7277715731234777
369,1776751803.1650608,85,16,1.0,person,0.55,1.0,0.283515602350235,False,False,,0.6902526418368021
369,1776751803.1650608,87,3,1.0,person,0.55,1.0,1.0,False,False,,0.6321805637507211
369,1776751803.1650608,105,17,1.0,person,0.85,1.0,0.1598721444606781,True,True,WRITING,0.987141986687978
369,1776751803.1650608,66,15,1.0,person,0.55,1.0,0.2190925329923629,False,False,,0.7013836727255865
369,1776751803.1650608,33,9,1.0,person,0.85,0.85,0.0822980403900146,True,True,WRITING,0.9792997127487548
371,1776751806.2603252,44,11,1.0,person,0.85,1.0,0.1658009588718414,True,True,WRITING,0.9944682979867572
371,1776751806.2603252,53,12,1.0,person,0.55,1.0,0.1804409921169281,False,False,,0.7292048647290184
371,1776751806.2603252,55,13,1.0,person,0.55,1.0,0.3731147050857544,False,False,,0.6203614598228818
371,1776751806.2603252,32,8,1.0,person,0.55,1.0,0.371179848909378,False,False,,0.6442067942449025
371,1776751806.2603252,69,14,1.0,person,0.55,1.0,0.1735246479511261,False,False,,0.7261586089928945
371,1776751806.2603252,85,16,1.0,person,0.55,1.0,0.1123070120811462,False,False,,0.6945701049906866
371,1776751806.2603252,87,3,1.0,person,0.55,1.0,0.6794371604919434,False,False,,0.6134008367856343
371,1776751806.2603252,105,17,1.0,person,0.85,1.0,0.1175486221909523,True,True,WRITING,0.9889808474552064
371,1776751806.2603252,66,15,1.0,person,0.55,1.0,1.0,False,False,,0.6801058339221138
371,1776751806.2603252,33,9,1.0,person,0.85,0.85,0.1827906370162964,True,True,WRITING,0.9786925819658098
373,1776751809.207656,44,11,1.0,person,0.85,1.0,0.2438109219074249,True,True,WRITING,0.99337455985092
373,1776751809.207656,53,12,1.0,person,0.55,1.0,0.1304630488157272,False,False,,0.7290485664492561
373,1776751809.207656,55,13,1.0,person,0.55,1.0,0.138019397854805,False,False,,0.6406975414071764
373,1776751809.207656,32,8,1.0,person,0.55,1.0,0.3302967250347137,False,False,,0.6426823550746554
373,1776751809.207656,69,14,1.0,person,0.55,1.0,0.1154717057943344,False,False,,0.7280391582420894
373,1776751809.207656,85,16,1.0,person,0.55,1.0,0.255022257566452,False,False,,0.6913524589368274
373,1776751809.207656,87,3,1.0,person,0.55,1.0,0.3104591965675354,False,False,,0.6114753491821743
373,1776751809.207656,105,17,1.0,person,0.85,1.0,0.1266242563724517,True,True,WRITING,0.9907207361289432
373,1776751809.207656,66,15,1.0,person,0.55,1.0,0.5155278444290161,False,False,,0.6701416163217453
373,1776751809.207656,33,9,1.0,person,0.85,0.85,0.168661817908287,True,True,WRITING,0.9782244832742782
375,1776751812.105285,44,11,1.0,person,0.85,1.0,0.1496526300907135,True,True,WRITING,0.9929745694001516
375,1776751812.105285,53,12,1.0,person,0.8548597459521227,1.0,0.1322959959506988,False,False,,0.7534686036053158
375,1776751812.105285,55,13,1.0,person,0.55,1.0,0.5991727113723755,False,False,,0.6339427167461031
375,1776751812.105285,32,8,1.0,person,0.55,1.0,0.2757849097251892,False,False,,0.6457038415329798
375,1776751812.105285,69,14,1.0,person,0.55,1.0,0.1489143073558807,False,False,,0.7268418378773189
375,1776751812.105285,85,16,1.0,person,0.55,1.0,0.2164341211318969,False,False,,0.6892956800404049
375,1776751812.105285,87,3,1.0,person,0.55,1.0,0.5396668910980225,False,False,,0.5991006165742874
375,1776751812.105285,105,17,1.0,person,0.85,1.0,0.119730569422245,True,True,WRITING,0.991671077552296
375,1776751812.105285,66,15,1.0,person,0.55,1.0,1.0,False,False,,0.6506203099375679
375,1776751812.105285,33,9,1.0,person,0.85,0.85,0.0909082442522049,True,True,WRITING,0.978519979686964
377,1776751815.039088,44,11,1.0,person,0.85,1.0,0.1704148650169372,True,True,WRITING,0.9925512614704314
377,1776751815.039088,53,12,1.0,person,0.55,1.0,0.0799163281917572,False,False,,0.7551367772477012
377,1776751815.039088,55,13,1.0,person,0.55,1.0,0.4602132737636566,False,False,,0.6312813423928761
377,1776751815.039088,32,8,1.0,person,0.55,1.0,0.1794057041406631,False,False,,0.6539692481358846
377,1776751815.039088,69,14,1.0,person,0.55,1.0,0.126603215932846,False,False,,0.7246598892268681
377,1776751815.039088,85,16,1.0,person,0.55,1.0,0.163111537694931,False,False,,0.6911209332091467
377,1776751815.039088,87,3,1.0,person,0.55,1.0,0.0870024636387825,False,False,,0.6133640746275584
377,1776751815.039088,105,17,1.0,person,0.85,1.0,0.0825206637382507,True,True,WRITING,0.99259828102021
377,1776751815.039088,66,15,1.0,person,0.55,1.0,1.0,False,False,,0.633736538035529
377,1776751815.039088,33,9,1.0,person,0.85,0.85,0.1409244835376739,True,True,WRITING,0.9784039954344432
379,1776751818.1082034,44,11,1.0,person,0.85,1.0,0.2068988978862762,True,True,WRITING,0.9919043424583616
379,1776751818.1082034,53,12,1.0,person,0.55,1.0,0.1342597305774688,False,False,,0.7513950772228695
379,1776751818.1082034,55,13,1.0,person,0.55,1.0,0.1065632477402687,False,False,,0.6520071746337982
379,1776751818.1082034,32,8,1.0,person,0.55,1.0,0.1757577806711197,False,False,,0.665678824697222
379,1776751818.1082034,69,14,1.0,person,0.55,1.0,0.2076499015092849,False,False,,0.7173318465550741
379,1776751818.1082034,85,16,1.0,person,0.55,1.0,0.1713867485523224,False,False,,0.6929562176976886
379,1776751818.1082034,87,3,1.0,person,0.55,1.0,0.1358295679092407,False,False,,0.6347728770403634
379,1776751818.1082034,105,17,1.0,person,0.85,1.0,0.1661263853311538,True,True,WRITING,0.993516689255124
379,1776751818.1082034,66,15,1.0,person,0.55,1.0,0.6062734723091125,False,False,,0.616939902305603
379,1776751818.1082034,33,9,1.0,person,0.85,0.85,0.1410644352436065,True,True,WRITING,0.9782901448862894
379,1776751818.1082034,127,18,1.0,person,0.55,1.0,0.0,False,False,,0.7749999999999999
381,1776751821.4000723,44,11,1.0,person,0.85,1.0,0.2746797204017639,True,True,WRITING,0.9906279246012368
381,1776751821.4000723,53,12,1.0,person,0.55,1.0,0.2233826816082,False,False,,0.7399567883639109
381,1776751821.4000723,55,13,1.0,person,0.55,1.0,0.8010854721069336,False,False,,0.6339475671450296
381,1776751821.4000723,32,8,1.0,person,0.55,1.0,0.2662625908851623,False,False,,0.6663448129381452
381,1776751821.4000723,69,14,1.0,person,0.55,1.0,0.1668286770582199,False,False,,0.7141874496425901
381,1776751821.4000723,85,16,1.0,person,0.55,1.0,0.3218646645545959,False,False,,0.6877867132425308
381,1776751821.4000723,87,3,1.0,person,0.55,1.0,0.3505219221115112,False,False,,0.6401347007070268
381,1776751821.4000723,105,17,1.0,person,0.85,1.0,0.1509500294923782,True,True,WRITING,0.9933624629463468
381,1776751821.4000723,66,15,1.0,person,0.55,1.0,0.07594795525074,False,False,,0.6285370389620463
381,1776751821.4000723,33,9,1.0,person,0.85,0.85,0.1424018740653991,True,True,WRITING,0.9781862497329712
381,1776751821.4000723,127,18,1.0,person,0.55,1.0,0.1528009474277496,False,False,,0.7138795852661133
383,1776751824.8272903,44,11,1.0,person,0.85,1.0,0.209687203168869,True,True,WRITING,0.9901398931230816
383,1776751824.8272903,53,12,1.0,person,0.55,1.0,0.0722391754388809,False,False,,0.7411404152711233
383,1776751824.8272903,55,13,1.0,person,0.55,1.0,0.3027331531047821,False,False,,0.6415023673148382
383,1776751824.8272903,32,8,1.0,person,0.55,1.0,0.159169852733612,False,False,,0.6770025030488059
383,1776751824.8272903,69,14,1.0,person,0.55,1.0,0.0959471240639686,False,False,,0.7154169586442766
383,1776751824.8272903,85,16,1.0,person,0.55,1.0,0.2827771604061126,False,False,,0.6829209597337812
383,1776751824.8272903,87,3,1.0,person,0.55,1.0,0.1273302733898162,False,False,,0.6596641696634746
383,1776751824.8272903,105,17,1.0,person,0.85,0.85,0.1825020015239715,True,True,WRITING,0.9904672255118688
383,1776751824.8272903,66,15,1.0,person,0.55,1.0,0.1581011414527893,False,False,,0.6334076800516674
383,1776751824.8272903,33,9,1.0,person,0.85,0.85,0.077560931444168,True,True,WRITING,0.978663404073034
383,1776751824.8272903,127,18,1.0,person,0.55,1.0,0.0952206552028656,False,False,,0.737698401345147
385,1776751828.260054,44,11,1.0,person,0.85,1.0,0.2326349467039108,True,True,WRITING,0.9894541494903112
385,1776751828.260054,53,12,1.0,person,0.55,1.0,0.0873580873012542,False,False,,0.7407784781285695
385,1776751828.260054,55,13,1.0,person,0.55,1.0,0.3958410620689392,False,False,,0.6346781191371736
385,1776751828.260054,32,8,1.0,person,0.55,1.0,0.262245774269104,False,False,,0.6779243300358454
385,1776751828.260054,69,14,1.0,person,0.55,1.0,0.1097670793533325,False,False,,0.7187387872309912
385,1776751828.260054,85,16,1.0,person,0.55,1.0,0.0802719891071319,False,False,,0.6942719363030934
385,1776751828.260054,87,3,1.0,person,0.55,1.0,0.0500931814312934,False,False,,0.6825681670790628
385,1776751828.260054,105,17,1.0,person,0.85,1.0,0.1689930856227874,True,True,WRITING,0.990466752222606
385,1776751828.260054,66,15,1.0,person,0.55,1.0,0.169719249010086,False,False,,0.6424154327029273
385,1776751828.260054,33,9,1.0,person,0.85,0.85,0.1957719773054123,True,True,WRITING,0.9779369682073592
385,1776751828.260054,127,18,1.0,person,0.55,1.0,0.1413106024265289,False,False,,0.7319961925347647
387,1776751831.6745536,44,11,1.0,person,0.85,1.0,0.1665525287389755,True,True,WRITING,0.9896426286016192
387,1776751831.6745536,53,12,1.0,person,0.55,1.0,0.0910047963261604,False,False,,0.7430063904750915
387,1776751831.6745536,55,13,1.0,person,0.55,1.0,0.4080473482608795,False,False,,0.6313567401397795
387,1776751831.6745536,32,8,1.0,person,0.55,1.0,0.2144141644239425,False,False,,0.6838547303563072
387,1776751831.6745536,69,14,1.0,person,0.55,1.0,0.087333358824253,False,False,,0.7233253951583589
387,1776751831.6745536,85,16,1.0,person,0.55,1.0,0.1201579198241233,False,False,,0.6971043468940824
387,1776751831.6745536,87,3,1.0,person,0.55,1.0,1.0,False,False,,0.6733359605073929
387,1776751831.6745536,105,17,1.0,person,0.85,1.0,0.0919569656252861,True,True,WRITING,0.9909625223704746
387,1776751831.6745536,66,15,1.0,person,0.55,1.0,0.3272975087165832,False,False,,0.648708781174251
387,1776751831.6745536,33,9,1.0,person,0.85,0.85,0.3774384558200836,True,True,WRITING,0.9761230988161904
387,1776751831.6745536,127,18,1.0,person,0.55,1.0,0.2168811559677124,False,False,,0.7208726179599763
389,1776751835.1064544,44,11,1.0,person,0.85,1.0,0.3267398476600647,True,True,WRITING,0.988775278840746
389,1776751835.1064544,53,12,1.0,person,0.55,1.0,0.0998579859733581,False,False,,0.7427902562277656
389,1776751835.1064544,55,13,1.0,person,0.55,1.0,0.6303701996803284,False,False,,0.6153545210758845
389,1776751835.1064544,32,8,1.0,person,0.55,1.0,0.1470530480146408,False,False,,0.692361281031654
389,1776751835.1064544,69,14,1.0,person,0.55,1.0,0.1937565356492996,False,False,,0.7187480316275643
389,1776751835.1064544,85,16,1.0,person,0.55,1.0,0.1872975975275039,False,False,,0.6995757513103031
389,1776751835.1064544,87,3,1.0,person,0.55,1.0,0.6752334237098694,False,False,,0.6586883024090812
389,1776751835.1064544,105,17,1.0,person,0.85,0.85,0.0518936030566692,True,True,WRITING,0.9893093293621426
389,1776751835.1064544,66,15,1.0,person,0.55,1.0,0.6645463705062866,False,False,,0.6426662374110449
389,1776751835.1064544,33,9,1.0,person,0.85,0.85,0.1008588448166847,True,True,WRITING,0.9766794535375776
389,1776751835.1064544,127,18,1.0,person,0.55,1.0,0.097962774336338,False,False,,0.7248187065124512
391,1776751838.5314023,44,11,1.0,person,0.85,1.0,0.239223763346672,True,True,WRITING,0.9883503026905514
391,1776751838.5314023,53,12,1.0,person,0.8910653055403763,1.0,0.0807397961616516,False,False,,0.7612895596595037
391,1776751838.5314023,55,13,1.0,person,0.55,1.0,0.3160041272640228,False,False,,0.6236847081354685
391,1776751838.5314023,69,14,1.0,person,0.55,1.0,0.1757731735706329,False,False,,0.7166978461401804
391,1776751838.5314023,85,16,1.0,person,0.55,1.0,0.226500779390335,False,False,,0.6980085869630178
391,1776751838.5314023,87,3,1.0,person,0.55,1.0,0.525972843170166,False,False,,0.6503586710918516
391,1776751838.5314023,105,17,1.0,person,0.85,1.0,0.1016959547996521,True,True,WRITING,0.9898505892072406
391,1776751838.5314023,66,15,1.0,person,0.55,1.0,0.8110492825508118,False,False,,0.6366236936478388
391,1776751838.5314023,33,9,1.0,person,0.85,0.85,0.161294937133789,True,True,WRITING,0.976414130557151
391,1776751838.5314023,127,18,1.0,person,0.55,1.0,0.1425309628248214,False,False,,0.7238257521674747
393,1776751841.6832986,44,11,1.0,person,0.85,1.0,0.1285076737403869,True,True,WRITING,0.9889754354953766
393,1776751841.6832986,53,12,1.0,person,0.8584234596676497,1.0,0.1662063300609588,False,False,,0.780301210426149
393,1776751841.6832986,55,13,1.0,person,0.55,1.0,0.0603743270039558,False,False,,0.6470439540488379
393,1776751841.6832986,69,14,1.0,person,0.55,1.0,0.158445119857788,False,False,,0.71529330880869
393,1776751841.6832986,85,16,1.0,person,0.55,1.0,0.1154247894883155,False,False,,0.7023709281569435
393,1776751841.6832986,87,3,1.0,person,0.55,1.0,0.1972421705722808,False,False,,0.6504129584346499
393,1776751841.6832986,105,17,1.0,person,0.85,1.0,0.2146205157041549,True,True,WRITING,0.9893071828853516
393,1776751841.6832986,66,15,1.0,person,0.55,1.0,0.3871655166149139,False,False,,0.6381034428165072
393,1776751841.6832986,33,9,1.0,person,0.85,0.85,0.1422482430934906,True,True,WRITING,0.9765280478057408
393,1776751841.6832986,127,18,1.0,person,0.55,1.0,0.0864152312278747,False,False,,0.7268263625247138
395,1776751844.7173543,44,11,1.0,person,0.85,1.0,0.1215155124664306,True,True,WRITING,0.989764186598006
395,1776751844.7173543,53,12,1.0,person,0.55,1.0,0.1449031978845596,False,False,,0.7751588431142625
395,1776751844.7173543,55,13,1.0,person,0.55,1.0,0.575199544429779,False,False,,0.6290865422714323
395,1776751844.7173543,69,14,1.0,person,0.55,1.0,0.1871357858180999,False,False,,0.7144433054186049
395,1776751844.7173543,85,16,1.0,person,0.55,1.0,0.150091141462326,False,False,,0.7044315331038975
395,1776751844.7173543,87,3,1.0,person,0.55,1.0,0.1466128379106521,False,False,,0.6557625486737205
395,1776751844.7173543,105,17,1.0,person,0.85,0.85,0.1574955284595489,True,True,WRITING,0.9871170414345606
395,1776751844.7173543,66,15,1.0,person,0.55,1.0,1.0,False,False,,0.6315235924153101
395,1776751844.7173543,33,9,1.0,person,0.85,0.85,0.2472471743822097,True,True,WRITING,0.975768269527526
395,1776751844.7173543,127,18,1.0,person,0.55,1.0,0.0611646547913551,False,False,,0.7271921563716162
397,1776751848.2360384,44,11,1.0,person,0.85,1.0,0.2321414500474929,True,True,WRITING,0.9898223004170826
397,1776751848.2360384,53,12,1.0,person,0.55,1.0,0.067178264260292,False,False,,0.7777951884837377
397,1776751848.2360384,55,13,1.0,person,0.55,1.0,0.2733067274093628,False,False,,0.6393565710101808
397,1776751848.2360384,69,14,1.0,person,0.55,1.0,0.1975457072257995,False,False,,0.7116352965434393
397,1776751848.2360384,85,16,1.0,person,0.55,1.0,0.2461879998445511,False,False,,0.7042836419173648
397,1776751848.2360384,87,3,1.0,person,0.55,1.0,0.0770111680030822,False,False,,0.671937672155244
397,1776751848.2360384,105,17,1.0,person,0.85,1.0,0.0906441658735275,True,True,WRITING,0.988103224408059
397,1776751848.2360384,66,15,1.0,person,0.55,1.0,0.3845170736312866,False,False,,0.6205268323421478
397,1776751848.2360384,33,9,1.0,person,0.85,0.85,0.1161543503403663,True,True,WRITING,0.9761689056952796
397,1776751848.2360384,127,18,1.0,person,0.55,1.0,0.0824416875839233,False,False,,0.7307964932350884
399,1776751851.4477668,44,11,1.0,person,0.85,1.0,0.2639585137367248,True,True,WRITING,0.9893578397376196
399,1776751851.4477668,53,12,1.0,person,0.55,1.0,0.1070709004998207,False,False,,0.7727098025026775
399,1776751851.4477668,55,13,1.0,person,0.55,1.0,0.5613992214202881,False,False,,0.6277980300642194
399,1776751851.4477668,69,14,1.0,person,0.55,1.0,0.0914150327444076,False,False,,0.7140237518719265
399,1776751851.4477668,85,16,1.0,person,0.55,1.0,0.3185895383358001,False,False,,0.6978318244218826
399,1776751851.4477668,87,3,1.0,person,0.55,1.0,0.0804127901792526,False,False,,0.680206682284673
399,1776751851.4477668,105,17,1.0,person,0.85,1.0,0.1217749491333961,True,True,WRITING,0.9899782062996002
399,1776751851.4477668,66,15,1.0,person,0.55,1.0,1.0,False,False,,0.6056478179636455
399,1776751851.4477668,33,9,1.0,person,0.85,0.85,0.0771984905004501,True,True,WRITING,0.9766469782307036
399,1776751851.4477668,127,18,1.0,person,0.55,1.0,0.1131065040826797,False,False,,0.7303763131300608
401,1776751854.4851358,44,11,1.0,person,0.85,1.0,0.0878481492400169,True,True,WRITING,0.9904752253066924
401,1776751854.4851358,53,12,1.0,person,0.55,1.0,0.0667069628834724,False,False,,0.7709131851082756
401,1776751854.4851358,55,13,1.0,person,0.55,1.0,0.963164448738098,False,False,,0.6198390780460267
401,1776751854.4851358,69,14,1.0,person,0.55,1.0,0.2127022296190261,False,False,,0.7086996741238094
401,1776751854.4851358,85,16,1.0,person,0.55,1.0,0.1248803585767746,False,False,,0.6986786233527319
401,1776751854.4851358,87,3,1.0,person,0.55,1.0,0.0780278369784355,False,False,,0.6862044943230492
401,1776751854.4851358,105,17,1.0,person,0.85,0.85,0.1167958527803421,True,True,WRITING,0.9880602835189728
401,1776751854.4851358,66,15,1.0,person,0.55,1.0,0.5774698257446289,False,False,,0.592728840453284
401,1776751854.4851358,33,9,1.0,person,0.85,0.85,0.1312624812126159,True,True,WRITING,0.9770964873688562
401,1776751854.4851358,127,18,1.0,person,0.55,1.0,0.0993208289146423,False,False,,0.7322772010451271
403,1776751857.5756078,44,11,1.0,person,0.85,1.0,0.1418777853250503,True,True,WRITING,0.9908201758350644
403,1776751857.5756078,53,12,1.0,person,0.8853734779903298,1.0,0.0764630883932113,False,False,,0.7964197950703756
403,1776751857.5756078,55,13,1.0,person,0.55,1.0,0.2063042372465133,False,False,,0.6323045885279065
403,1776751857.5756078,69,14,1.0,person,0.55,1.0,0.0410325676202774,False,False,,0.7146694489887783
403,1776751857.5756078,85,16,1.0,person,0.55,1.0,0.1752629578113556,False,False,,0.6975186005944298
403,1776751857.5756078,87,3,1.0,person,0.55,1.0,0.2383367717266082,False,False,,0.6945025488024665
403,1776751857.5756078,105,17,1.0,person,0.85,0.85,0.107750616967678,True,True,WRITING,0.9860901115905668
403,1776751857.5756078,66,15,1.0,person,0.55,1.0,0.3906595110893249,False,False,,0.5931742333230517
403,1776751857.5756078,33,9,1.0,person,0.85,0.85,0.0898367762565612,True,True,WRITING,0.978501612941424
403,1776751857.5756078,127,18,1.0,person,0.55,1.0,0.0991803258657455,False,False,,0.736146656530244
405,1776751860.672928,44,11,1.0,person,0.85,1.0,0.1716746687889099,True,True,WRITING,0.9914742296650296
405,1776751860.672928,53,12,1.0,person,0.9012514081755508,1.0,0.1114432960748672,False,False,,0.8191049893697103
405,1776751860.672928,55,13,1.0,person,0.55,1.0,0.2933261394500732,False,False,,0.6406351770673478
405,1776751860.672928,69,14,1.0,person,0.55,1.0,0.2560773193836212,False,False,,0.709123078556288
405,1776751860.672928,85,16,1.0,person,0.55,1.0,0.2876961827278137,False,False,,0.691043713972682
405,1776751860.672928,87,3,1.0,person,0.55,1.0,0.0506194345653057,False,False,,0.7140690800689516
405,1776751860.672928,105,17,1.0,person,0.85,0.85,0.0413350835442543,True,True,WRITING,0.985789717662902
405,1776751860.672928,66,15,1.0,person,0.55,1.0,0.1280718296766281,False,False,,0.6163615511996405
405,1776751860.672928,33,9,1.0,person,0.85,0.85,0.1573686152696609,True,True,WRITING,0.978184999454589
405,1776751860.672928,127,18,1.0,person,0.55,1.0,0.0715567171573638,False,False,,0.7378995375973837
407,1776751863.790865,44,11,1.0,person,0.85,1.0,0.1114754900336265,True,True,WRITING,0.99222508143811
407,1776751863.790865,53,12,1.0,person,0.55,1.0,0.0800873041152954,False,False,,0.7998468797831308
407,1776751863.790865,55,13,1.0,person,0.55,1.0,1.0,False,False,,0.6289463246152515
407,1776751863.790865,69,14,1.0,person,0.55,1.0,0.1170973777770996,False,False,,0.7126249983197166
407,1776751863.790865,85,16,1.0,person,0.55,1.0,0.2773244380950928,False,False,,0.6868584546304884
407,1776751863.790865,87,3,1.0,person,0.55,1.0,0.14362433552742,False,False,,0.7252953804674602
407,1776751863.790865,105,17,1.0,person,0.85,1.0,0.1070728078484535,True,True,WRITING,0.986541667154857
407,1776751863.790865,66,15,1.0,person,0.55,1.0,0.1607992053031921,False,False,,0.6355959544579188
407,1776751863.790865,33,9,1.0,person,0.85,0.85,0.1437067687511444,True,True,WRITING,0.9782317188524065
407,1776751863.790865,127,18,1.0,person,0.55,1.0,0.1524611711502075,False,False,,0.7354064278659367
407,1776751863.790865,131,19,1.0,person,0.5,1.0,0.0,False,False,,0.75
409,1776751867.4130373,44,11,1.0,person,0.85,1.0,0.1174923032522201,True,True,WRITING,0.9924543379318146
409,1776751867.4130373,53,12,1.0,person,0.55,1.0,0.0724402740597724,False,False,,0.7867332938171567
409,1776751867.4130373,55,13,1.0,person,0.55,1.0,0.4445338249206543,False,False,,0.6145276730968838
409,1776751867.4130373,69,14,1.0,person,0.55,1.0,0.2028395384550094,False,False,,0.7096362752573832
409,1776751867.4130373,85,16,1.0,person,0.55,1.0,0.2713701725006103,False,False,,0.6801385673738661
409,1776751867.4130373,87,3,1.0,person,0.55,1.0,0.1376895010471344,False,False,,0.7265700882389431
409,1776751867.4130373,105,17,1.0,person,0.85,1.0,0.0805963799357414,True,True,WRITING,0.9879207554317656
409,1776751867.4130373,66,15,1.0,person,0.55,1.0,1.0,False,False,,0.627377891824359
409,1776751867.4130373,33,9,1.0,person,0.85,0.85,0.1796968430280685,True,True,WRITING,0.9779000268096016
409,1776751867.4130373,127,18,1.0,person,0.55,1.0,0.1056749373674392,False,False,,0.7344763761474972
409,1776751867.4130373,32,8,1.0,person,0.55,1.0,0.5923742055892944,False,False,,0.6749079644680024
411,1776751870.7521155,44,11,1.0,person,0.85,1.0,0.078511394560337,True,True,WRITING,0.9929769131399336
411,1776751870.7521155,53,12,1.0,person,0.55,1.0,0.0873133093118667,False,False,,0.7844239835228239
411,1776751870.7521155,55,13,1.0,person,0.55,1.0,0.1115312129259109,False,False,,0.6366992626871381
411,1776751870.7521155,69,14,1.0,person,0.55,1.0,0.206250786781311,False,False,,0.7074512768359411
411,1776751870.7521155,85,16,1.0,person,0.55,1.0,0.4169527590274811,False,False,,0.6654462409870966
411,1776751870.7521155,87,3,1.0,person,0.55,1.0,0.1451334059238433,False,False,,0.7256183893907636
411,1776751870.7521155,105,17,1.0,person,0.85,0.85,0.2207190692424774,True,True,WRITING,0.9864197841712404
411,1776751870.7521155,66,15,1.0,person,0.55,1.0,0.1892653107643127,False,False,,0.6436366176321393
411,1776751870.7521155,33,9,1.0,person,0.85,0.85,0.1778967082500457,True,True,WRITING,0.977980620094708
411,1776751870.7521155,127,18,1.0,person,0.55,1.0,0.1240765303373336,False,False,,0.7316898228157135
413,1776751874.847603,44,11,1.0,person,0.85,1.0,0.1144664883613586,True,True,WRITING,0.9935693513779412
413,1776751874.847603,53,12,1.0,person,0.8687599729025218,1.0,0.2070717066526413,False,False,,0.7981991576296942
413,1776751874.847603,55,13,1.0,person,0.55,1.0,0.3348259031772613,False,False,,0.635657740632693
413,1776751874.847603,69,14,1.0,person,0.55,1.0,0.2148703634738922,False,False,,0.7050800905341194
413,1776751874.847603,85,16,1.0,person,0.55,1.0,0.4481729567050934,False,False,,0.6526889538481122
413,1776751874.847603,87,3,1.0,person,0.55,1.0,0.2164868414402008,False,False,,0.717914138521467
413,1776751874.847603,105,17,1.0,person,0.85,0.85,0.1612422317266464,True,True,WRITING,0.9841419061024984
413,1776751874.847603,66,15,1.0,person,0.55,1.0,0.4692845940589905,False,False,,0.6364481962862468
413,1776751874.847603,33,9,1.0,person,0.55,0.75,0.2052729874849319,False,False,,0.9178493611869358
413,1776751874.847603,127,18,1.0,person,0.55,1.0,0.0849768072366714,False,False,,0.7324174117474329
415,1776751878.1880157,44,11,1.0,person,0.85,1.0,0.2154199182987213,True,True,WRITING,0.9933640971070244
415,1776751878.1880157,53,12,1.0,person,0.9521643822117156,1.0,0.0990095287561416,False,False,,0.8260374239512851
415,1776751878.1880157,55,13,1.0,person,0.55,1.0,0.1014742702245712,False,False,,0.6569428900877635
415,1776751878.1880157,69,14,1.0,person,0.55,1.0,0.1157490015029907,False,False,,0.706367185428029
415,1776751878.1880157,85,16,1.0,person,0.55,1.0,0.4727416038513183,False,False,,0.6413242121537527
415,1776751878.1880157,87,3,1.0,person,0.55,1.0,0.1216365918517112,False,False,,0.7172945943616685
415,1776751878.1880157,105,17,1.0,person,0.85,0.85,0.0670526251196861,True,True,WRITING,0.9829807153769902
415,1776751878.1880157,66,15,1.0,person,0.55,1.0,0.442769706249237,False,False,,0.6347305970532554
415,1776751878.1880157,33,9,1.0,person,0.85,0.85,0.1900983452796936,True,True,WRITING,0.9214808905408496
415,1776751878.1880157,127,18,1.0,person,0.55,1.0,0.1160997375845909,False,False,,0.7319583424500057
415,1776751878.1880157,32,8,1.0,person,0.55,1.0,0.1854491829872131,False,False,,0.6767387011221477
417,1776751881.6158743,44,11,1.0,person,0.85,1.0,0.2951286733150482,True,True,WRITING,0.9918367515007654
417,1776751881.6158743,53,12,1.0,person,0.9229350491118706,1.0,0.0612790063023567,False,False,,0.8503697926089876
417,1776751881.6158743,55,13,1.0,person,0.55,1.0,0.4901767671108246,False,False,,0.650416801231248
417,1776751881.6158743,69,14,1.0,person,0.55,1.0,0.1881812065839767,False,False,,0.7064066813105628
417,1776751881.6158743,85,16,1.0,person,0.55,1.0,0.2424703538417816,False,False,,0.6405103958788372
417,1776751881.6158743,87,3,1.0,person,0.55,1.0,0.0978506058454513,False,False,,0.7183889448642731
417,1776751881.6158743,105,17,1.0,person,0.85,1.0,0.135885939002037,True,True,WRITING,0.9849455541088468
417,1776751881.6158743,66,15,1.0,person,0.55,1.0,0.1773241758346557,False,False,,0.6504368434349695
417,1776751881.6158743,33,9,1.0,person,0.85,0.85,0.1106767430901527,True,True,WRITING,0.926034547033764
417,1776751881.6158743,127,18,1.0,person,0.55,1.0,0.1108769178390502,False,False,,0.7314678416365669
417,1776751881.6158743,32,8,1.0,person,0.55,1.0,0.1537085920572281,False,False,,0.68061003330208
419,1776751884.8250246,44,11,1.0,person,0.85,1.0,0.2953503131866455,True,True,WRITING,0.9906239005781357
419,1776751884.8250246,53,12,1.0,person,0.901179869991684,1.0,0.1335966289043426,False,False,,0.8541234703291031
419,1776751884.8250246,55,13,1.0,person,0.55,1.0,0.2067989856004715,False,False,,0.654344478959129
419,1776751884.8250246,69,14,1.0,person,0.55,1.0,0.2146316766738891,False,False,,0.6996611981164841
419,1776751884.8250246,85,16,1.0,person,0.55,1.0,0.312076985836029,False,False,,0.6370555950062616
419,1776751884.8250246,87,3,1.0,person,0.55,1.0,0.1036038994789123,False,False,,0.7237743884325027
419,1776751884.8250246,105,17,1.0,person,0.85,0.85,0.0646090656518936,True,True,WRITING,0.984804861602329
419,1776751884.8250246,66,15,1.0,person,0.55,1.0,0.1728451699018478,False,False,,0.6617811228547777
419,1776751884.8250246,33,9,1.0,person,0.55,0.75,0.2780191004276275,False,False,,0.8653157105048498
419,1776751884.8250246,127,18,1.0,person,0.55,1.0,0.06582872569561,False,False,,0.7340315693900697
419,1776751884.8250246,32,8,1.0,person,0.55,1.0,0.1257932335138321,False,False,,0.6888232388666697
421,1776751888.0176306,44,11,1.0,person,0.85,1.0,0.1690292209386825,True,True,WRITING,0.9906614954982486
421,1776751888.0176306,53,12,1.0,person,0.8816438433142274,1.0,0.0616648495197296,False,False,,0.8616549415247782
421,1776751888.0176306,55,13,1.0,person,0.55,1.0,0.4041059613227844,False,False,,0.6476070507651284
421,1776751888.0176306,69,14,1.0,person,0.55,1.0,0.1604603230953216,False,False,,0.7034979441336223
421,1776751888.0176306,85,16,1.0,person,0.55,1.0,0.321657121181488,False,False,,0.6368259908187958
421,1776751888.0176306,87,3,1.0,person,0.55,1.0,0.2088000774383545,False,False,,0.7161418206634975
421,1776751888.0176306,105,17,1.0,person,0.85,0.85,0.1984328329563141,True,True,WRITING,0.9832860898403892
421,1776751888.0176306,66,15,1.0,person,0.55,1.0,0.0981942117214202,False,False,,0.6695624161334264
421,1776751888.0176306,33,9,1.0,person,0.85,0.85,0.1264750063419342,True,True,WRITING,0.874481988804681
421,1776751888.0176306,127,18,1.0,person,0.55,1.0,0.0791722983121872,False,False,,0.7347576639481953
421,1776751888.0176306,32,8,1.0,person,0.55,1.0,0.1281826049089431,False,False,,0.6931484632548832
423,1776751891.2549212,44,11,1.0,person,0.85,1.0,0.1968659460544586,True,True,WRITING,0.9902505505652656
423,1776751891.2549212,53,12,1.0,person,0.877459182923548,1.0,0.0802915319800376,False,False,,0.8791244029998779
423,1776751891.2549212,55,13,1.0,person,0.55,1.0,0.4130823016166687,False,False,,0.6467036924191883
423,1776751891.2549212,69,14,1.0,person,0.55,1.0,0.1978875547647476,False,False,,0.7004133640300659
423,1776751891.2549212,85,16,1.0,person,0.909682311792264,1.0,0.309260219335556,False,False,,0.6672617573113668
423,1776751891.2549212,87,3,1.0,person,0.55,1.0,0.146092802286148,False,False,,0.7161002563578741
423,1776751891.2549212,105,17,1.0,person,0.85,0.85,0.0909382551908493,True,True,WRITING,0.9819199634449824
423,1776751891.2549212,66,15,1.0,person,0.55,1.0,0.2133351266384124,False,False,,0.6704604394379117
423,1776751891.2549212,33,9,1.0,person,0.55,0.75,0.0733257979154586,False,False,,0.8322466519616899
423,1776751891.2549212,32,8,1.0,person,0.55,1.0,0.1735779941082,False,False,,0.6972447901964186
425,1776751894.199784,44,11,1.0,person,0.85,1.0,0.1457584202289581,True,True,WRITING,0.990337815313112
425,1776751894.199784,53,12,1.0,person,0.8762065924431458,1.0,0.1750061810016632,False,False,,0.8880084951718649
425,1776751894.199784,55,13,1.0,person,0.55,1.0,1.0,False,False,,0.6380071808894475
425,1776751894.199784,69,14,1.0,person,0.55,1.0,0.0959131270647049,False,False,,0.7069615728798366
425,1776751894.199784,85,16,1.0,person,0.9381724051282184,1.0,0.2772769629955292,False,False,,0.7000448973405927
425,1776751894.199784,87,3,1.0,person,0.55,1.0,0.1483289450407028,False,False,,0.7157518090236755
425,1776751894.199784,105,17,1.0,person,0.85,1.0,0.0757653191685676,True,True,WRITING,0.983254685288384
425,1776751894.199784,66,15,1.0,person,0.55,1.0,1.0,False,False,,0.6621890989087876
425,1776751894.199784,33,9,1.0,person,0.85,0.85,0.1217186078429222,True,True,WRITING,0.84517040848732
425,1776751894.199784,32,8,1.0,person,0.55,1.0,0.1509701907634735,False,False,,0.7010594575178056
427,1776751897.1837132,44,11,1.0,person,0.85,1.0,0.192780002951622,True,True,WRITING,0.9899108346019472
427,1776751897.1837132,53,12,1.0,person,0.9006772123406602,1.0,0.0747484341263771,False,False,,0.904587303598722
427,1776751897.1837132,55,13,1.0,person,0.55,1.0,0.298203706741333,False,False,,0.6335135163295837
427,1776751897.1837132,69,14,1.0,person,0.55,1.0,0.1104393973946571,False,False,,0.7121296539193107
427,1776751897.1837132,85,16,1.0,person,0.9386920200563388,1.0,0.2535870671272278,False,False,,0.7363277439560209
427,1776751897.1837132,87,3,1.0,person,0.55,1.0,0.1517728716135025,False,False,,0.7154371149483181
427,1776751897.1837132,105,17,1.0,person,0.85,1.0,0.2182832211256027,True,True,WRITING,0.9849707576490584
427,1776751897.1837132,66,15,1.0,person,0.55,1.0,0.2539537250995636,False,False,,0.6614427130846751
427,1776751897.1837132,33,9,1.0,person,0.85,0.85,0.1716183125972747,True,True,WRITING,0.857637393332663
427,1776751897.1837132,32,8,1.0,person,0.55,1.0,0.2617971301078796,False,False,,0.6952589440913428
429,1776751900.0950065,44,11,1.0,person,0.85,1.0,0.2018201649188995,True,True,WRITING,0.9896049549182256
429,1776751900.0950065,53,12,1.0,person,0.9127929584700308,1.0,0.0985630676150322,False,False,,0.910478304539408
429,1776751900.0950065,55,13,1.0,person,0.55,1.0,0.5306260585784912,False,False,,0.6228355312631243
429,1776751900.0950065,69,14,1.0,person,0.55,1.0,0.1793490946292877,False,False,,0.7124937857900346
429,1776751900.0950065,85,16,1.0,person,0.9145360810565814,0.75,0.2540189921855926,False,False,,0.7558692402782894
429,1776751900.0950065,87,3,1.0,person,0.55,1.0,0.2421645373106002,False,False,,0.7111665840659823
429,1776751900.0950065,105,17,1.0,person,0.85,0.85,0.2559951841831207,True,True,WRITING,0.9834801270848228
429,1776751900.0950065,66,15,1.0,person,0.55,1.0,0.0928346663713455,False,False,,0.6797461888619831
429,1776751900.0950065,33,9,1.0,person,0.85,0.85,0.189050942659378,True,True,WRITING,0.8955421014910652
429,1776751900.0950065,32,8,1.0,person,0.55,1.0,0.1351589113473892,False,False,,0.7085315805105935
431,1776751903.0285966,44,11,1.0,person,0.85,1.0,0.0721101239323616,True,True,WRITING,0.9907925299235752
431,1776751903.0285966,53,12,1.0,person,0.8833929885863275,1.0,0.0978993698954582,False,False,,0.9071185191472372
431,1776751903.0285966,55,13,1.0,person,0.55,1.0,0.0633207559585571,False,False,,0.6353888510238557
431,1776751903.0285966,69,14,1.0,person,0.55,1.0,0.296466052532196,False,False,,0.7020489296742847
431,1776751903.0285966,85,16,1.0,person,0.9350453155675006,0.75,0.3154893517494201,False,False,,0.7715222282069071
431,1776751903.0285966,87,3,1.0,person,0.55,1.0,0.3798215985298157,False,False,,0.6951311940238588
431,1776751903.0285966,105,17,1.0,person,0.85,0.85,0.1716822683811187,True,True,WRITING,0.9824121048053106
431,1776751903.0285966,66,15,1.0,person,0.55,1.0,0.6221498250961304,False,False,,0.6683551186606996
431,1776751903.0285966,33,9,1.0,person,0.85,0.85,0.136730819940567,True,True,WRITING,0.904081839181128
431,1776751903.0285966,32,8,1.0,person,0.55,1.0,0.2165972739458084,False,False,,0.705650494212196
433,1776751905.9418852,44,11,1.0,person,0.85,1.0,0.2150700092315673,True,True,WRITING,0.990988145271937
433,1776751905.9418852,53,12,1.0,person,0.55,1.0,0.1280255019664764,False,False,,0.874337538367226
433,1776751905.9418852,55,13,1.0,person,0.55,1.0,0.2824809551239013,False,False,,0.6442555937029066
433,1776751905.9418852,69,14,1.0,person,0.55,1.0,0.1413621604442596,False,False,,0.7048743892283666
433,1776751905.9418852,85,16,1.0,person,0.55,0.75,0.2827076315879822,False,False,,0.7485464754558745
433,1776751905.9418852,87,3,1.0,person,0.55,1.0,0.2515604496002197,False,False,,0.6881964000917616
433,1776751905.9418852,105,17,1.0,person,0.85,0.85,0.1348324120044708,True,True,WRITING,0.9808878529639472
433,1776751905.9418852,66,15,1.0,person,0.55,1.0,0.3126807510852813,False,False,,0.6621403606165023
433,1776751905.9418852,33,9,1.0,person,0.85,0.85,0.0802679732441902,True,True,WRITING,0.9127766837676368
433,1776751905.9418852,32,8,1.0,person,0.55,1.0,0.1625754833221435,False,False,,0.7056123075031099
435,1776751908.883346,44,11,1.0,person,0.85,1.0,0.1420069336891174,True,True,WRITING,0.9917457600434622
435,1776751908.883346,53,12,1.0,person,0.8938985085162162,1.0,0.1154131069779396,False,False,,0.8764364761965616
435,1776751908.883346,55,13,1.0,person,0.55,1.0,0.2146350592374801,False,False,,0.6485598598207746
435,1776751908.883346,69,14,1.0,person,0.55,1.0,0.1595221608877182,False,False,,0.7070219580616269
435,1776751908.883346,85,16,1.0,person,0.9104625079075536,0.75,0.4352250695228576,False,False,,0.7485146643150421
435,1776751908.883346,87,3,1.0,person,0.55,1.0,0.9930459260940552,False,False,,0.6655952999989191
435,1776751908.883346,105,17,1.0,person,0.85,0.85,0.1109956353902816,True,True,WRITING,0.9805570521524974
435,1776751908.883346,66,15,1.0,person,0.55,1.0,0.2217900305986404,False,False,,0.662501575123696
435,1776751908.883346,33,9,1.0,person,0.85,0.85,0.1280630379915237,True,True,WRITING,0.9489604078588032
435,1776751908.883346,32,8,1.0,person,0.55,1.0,0.251638263463974,False,False,,0.6988812394085384
437,1776751911.8391912,44,11,1.0,person,0.85,1.0,0.1852423995733261,True,True,WRITING,0.991600651116598
437,1776751911.8391912,53,12,1.0,person,0.55,1.0,0.0616337172687053,False,False,,0.8520617754686445
437,1776751911.8391912,55,13,1.0,person,0.55,1.0,0.159524530172348,False,False,,0.6622128143197014
437,1776751911.8391912,69,14,1.0,person,0.55,1.0,0.3338053822517395,False,False,,0.6957404641878037
437,1776751911.8391912,85,16,1.0,person,0.902755519912142,0.75,0.144945353269577,False,False,,0.7667999757187708
437,1776751911.8391912,87,3,1.0,person,0.55,1.0,0.6003633737564087,False,False,,0.6478874026309877
437,1776751911.8391912,105,17,1.0,person,0.85,0.85,0.0929648727178573,True,True,WRITING,0.980882059960138
437,1776751911.8391912,66,15,1.0,person,0.55,1.0,0.2803259789943695,False,False,,0.6570605705181757
437,1776751911.8391912,33,9,1.0,person,0.85,0.85,0.1191576495766639,True,True,WRITING,0.9527289619048436
437,1776751911.8391912,32,8,1.0,person,0.55,1.0,0.2143577337265014,False,False,,0.6953030725320181
437,1776751911.8391912,127,18,1.0,person,0.55,1.0,0.3264821171760559,False,False,,0.7213442559753145
439,1776751915.737299,44,11,1.0,person,0.85,1.0,0.1870134025812149,True,True,WRITING,0.991549857315563
439,1776751915.737299,53,12,1.0,person,0.55,1.0,0.1048947796225547,False,False,,0.8274585547901335
439,1776751915.737299,55,13,1.0,person,0.55,1.0,0.1016217917203903,False,False,,0.678817747036616
439,1776751915.737299,69,14,1.0,person,0.55,1.0,0.5943418741226196,False,False,,0.6752741356690724
439,1776751915.737299,85,16,1.0,person,0.55,0.75,0.226302832365036,False,False,,0.7350168008179891
439,1776751915.737299,87,3,1.0,person,0.55,1.0,0.2382828295230865,False,False,,0.6472223443644388
439,1776751915.737299,105,17,1.0,person,0.85,0.85,0.1514653861522674,True,True,WRITING,0.9802728735265278
439,1776751915.737299,66,15,1.0,person,0.55,1.0,0.4078153073787689,False,False,,0.6472773178702308
439,1776751915.737299,33,9,1.0,person,0.85,0.85,0.2048524171113968,True,True,WRITING,0.977779507637024
439,1776751915.737299,32,8,1.0,person,0.55,1.0,0.1605879366397857,False,False,,0.6970169310058866
441,1776751919.621266,44,11,1.0,person,0.85,1.0,0.1707363575696945,True,True,WRITING,0.9914463126943224
441,1776751919.621266,53,12,1.0,person,0.8807724558949306,1.0,0.1131574884057045,False,False,,0.834686054360299
441,1776751919.621266,55,13,1.0,person,0.55,1.0,1.0,False,False,,0.6698643511249905
441,1776751919.621266,69,14,1.0,person,0.55,1.0,0.6904784440994263,False,False,,0.6533328815585091
441,1776751919.621266,85,16,1.0,person,0.9319232393478484,0.75,0.3026145994663238,False,False,,0.7306805820692154
441,1776751919.621266,87,3,1.0,person,0.55,1.0,0.3370580375194549,False,False,,0.6404751621541522
441,1776751919.621266,105,17,1.0,person,0.85,0.85,0.09197898209095,True,True,WRITING,0.9790698204721724
441,1776751919.621266,66,15,1.0,person,0.85,0.65,1.0,True,True,WRITING,0.6971316059146608
441,1776751919.621266,33,9,1.0,person,0.85,0.85,0.1404142826795578,True,True,WRITING,0.9777294922442664
441,1776751919.621266,32,8,1.0,person,0.55,1.0,0.0939071401953697,False,False,,0.7024683803319931
441,1776751919.621266,127,18,1.0,person,0.55,1.0,0.1978146433830261,False,False,,0.7160006037780215
443,1776751923.1990526,44,11,1.0,person,0.85,1.0,0.1956598609685897,True,True,WRITING,0.9913178696518852
443,1776751923.1990526,53,12,1.0,person,0.55,1.0,0.0569018945097923,False,False,,0.8140393970977692
443,1776751923.1990526,55,13,1.0,person,0.55,1.0,0.4715576171875,False,False,,0.6570415085270291
443,1776751923.1990526,69,14,1.0,person,0.55,1.0,0.4153967797756195,False,False,,0.6393711027644929
443,1776751923.1990526,85,16,1.0,person,0.55,0.75,0.2099499404430389,False,False,,0.7010503723507835
443,1776751923.1990526,87,3,1.0,person,0.55,1.0,0.1807476282119751,False,False,,0.6451457889307113
443,1776751923.1990526,105,17,1.0,person,0.85,0.85,0.0867999196052551,True,True,WRITING,0.9786071429649988
443,1776751923.1990526,66,15,1.0,person,0.85,0.65,0.4568293690681457,True,True,WRITING,0.7404348104624522
443,1776751923.1990526,33,9,1.0,person,0.85,0.85,0.2137459218502044,True,True,WRITING,0.9772577221904482
443,1776751923.1990526,32,8,1.0,person,0.55,1.0,0.1601962149143219,False,False,,0.7063953174012049
443,1776751923.1990526,127,18,1.0,person,0.55,1.0,0.0822502896189689,False,False,,0.7193257595811571
445,1776751926.4577675,44,11,1.0,person,0.85,1.0,0.2163764238357544,True,True,WRITING,0.991050790463175
445,1776751926.4577675,53,12,1.0,person,0.8805320301527929,1.0,0.2136038988828659,False,False,,0.8127403763078508
445,1776751926.4577675,55,13,1.0,person,0.55,1.0,0.5872567892074585,False,False,,0.6489136071432203
445,1776751926.4577675,69,14,1.0,person,0.55,1.0,0.3070001304149627,False,False,,0.6360567869175048
445,1776751926.4577675,85,16,1.0,person,0.55,0.75,0.1099695786833763,False,False,,0.6873164191132499
445,1776751926.4577675,87,3,1.0,person,0.55,1.0,0.2119630873203277,False,False,,0.6504559763840266
445,1776751926.4577675,105,17,1.0,person,0.85,0.85,0.1389003694057464,True,True,WRITING,0.979016715571994
445,1776751926.4577675,66,15,1.0,person,0.85,0.65,0.728939414024353,True,True,WRITING,0.7736677364792142
445,1776751926.4577675,33,9,1.0,person,0.85,0.85,0.204056903719902,True,True,WRITING,0.9769540237528936
445,1776751926.4577675,32,8,1.0,person,0.55,1.0,0.236176997423172,False,False,,0.701154812460854
447,1776751929.428744,44,11,1.0,person,0.85,1.0,0.159111276268959,True,True,WRITING,0.9908063433000018
447,1776751929.428744,53,12,1.0,person,0.55,1.0,0.0953865498304367,False,False,,0.7935490501778467
447,1776751929.428744,55,13,1.0,person,0.55,1.0,0.4950772821903229,False,False,,0.6286373371169681
447,1776751929.428744,69,14,1.0,person,0.55,1.0,0.3218572735786438,False,False,,0.6357060636792863
447,1776751929.428744,85,16,1.0,person,0.55,0.75,0.1313586384057998,False,False,,0.6746642568281719
447,1776751929.428744,87,3,1.0,person,0.55,1.0,0.0919636189937591,False,False,,0.6675553686562038
447,1776751929.428744,105,17,1.0,person,0.85,0.85,0.1075490266084671,True,True,WRITING,0.9793167320035752
447,1776751929.428744,66,15,1.0,person,0.85,0.65,0.859113335609436,True,True,WRITING,0.815179093281428
447,1776751929.428744,33,9,1.0,person,0.85,0.85,0.1688693016767501,True,True,WRITING,0.9767656319198156
447,1776751929.428744,32,8,1.0,person,0.55,1.0,0.1335757225751876,False,False,,0.7055622438589731
449,1776751932.3923364,44,11,1.0,person,0.85,1.0,0.1433297395706176,True,True,WRITING,0.991255758773713
449,1776751932.3923364,53,12,1.0,person,0.55,1.0,0.1612521708011627,False,False,,0.7847068345262892
449,1776751932.3923364,55,13,1.0,person,0.55,1.0,0.6330530643463135,False,False,,0.6163505884863081
449,1776751932.3923364,69,14,1.0,person,0.55,1.0,0.314206600189209,False,False,,0.6315547460601444
449,1776751932.3923364,85,16,1.0,person,0.55,0.75,0.2584373652935028,False,False,,0.667770300592695
449,1776751932.3923364,87,3,1.0,person,0.55,1.0,0.1002376526594162,False,False,,0.6790678032806939
449,1776751932.3923364,105,17,1.0,person,0.85,0.85,0.0717713460326194,True,True,WRITING,0.9797451191005252
449,1776751932.3923364,66,15,1.0,person,0.7,0.65,0.3616373240947723,True,False,,0.7935904494353703
449,1776751932.3923364,33,9,1.0,person,0.55,0.75,0.1952282488346099,False,False,,0.9172867501065846
449,1776751932.3923364,32,8,1.0,person,0.55,1.0,0.1966721713542938,False,False,,0.7038244264466421
451,1776751935.3873415,44,11,1.0,person,0.85,1.0,0.1895190179347992,True,True,WRITING,0.991016624229295
451,1776751935.3873415,53,12,1.0,person,0.88222087523827,1.0,0.1813089102506637,False,False,,0.7897283633550009
451,1776751935.3873415,55,13,1.0,person,0.55,1.0,1.0,False,False,,0.6031611912307285
451,1776751935.3873415,69,14,1.0,person,0.55,1.0,0.3326503336429596,False,False,,0.6275157817772455
451,1776751935.3873415,85,16,1.0,person,0.55,0.75,0.2807758450508117,False,False,,0.650755517539524
451,1776751935.3873415,87,3,1.0,person,0.55,1.0,0.2293791472911834,False,False,,0.6883484929800033
451,1776751935.3873415,105,17,1.0,person,0.85,0.85,0.0878419429063797,True,True,WRITING,0.9799169152975082
451,1776751935.3873415,66,15,1.0,person,0.7,0.65,0.2007790505886078,True,False,FOCUSED,0.8228543480804987
451,1776751935.3873415,33,9,1.0,person,0.85,0.85,0.2259085476398468,True,True,WRITING,0.9208859418119704
451,1776751935.3873415,32,8,1.0,person,0.55,1.0,0.2482896298170089,False,False,,0.7013524635916664
451,1776751935.3873415,137,20,0.733,person,0.5,0.5,0.0,False,False,,0.4693452380952381
453,1776751938.5483618,44,11,1.0,person,0.85,1.0,0.1219441667199134,True,True,WRITING,0.9915233098325276
453,1776751938.5483618,53,12,1.0,person,0.55,1.0,0.1818762123584747,False,False,,0.7781558299348467
453,1776751938.5483618,55,13,1.0,person,0.55,1.0,1.0,False,False,,0.5897560903004236
453,1776751938.5483618,69,14,1.0,person,0.55,1.0,0.308794617652893,False,False,,0.630871139111973
453,1776751938.5483618,85,16,1.0,person,0.55,0.75,0.2568718791007995,False,False,,0.6287260126499903
453,1776751938.5483618,87,3,1.0,person,0.55,1.0,0.0815508440136909,False,False,,0.7061957326673326
453,1776751938.5483618,105,17,1.0,person,0.85,0.85,0.1845790296792984,True,True,WRITING,0.9792043921493347
453,1776751938.5483618,66,15,1.0,person,0.7,0.65,0.3357410132884979,True,False,,0.7999053994530723
453,1776751938.5483618,33,9,1.0,person,0.85,0.85,0.3351770341396332,True,True,WRITING,0.9236010015010834
453,1776751938.5483618,32,8,1.0,person,0.55,1.0,0.236672967672348,False,False,,0.6985738369680586
455,1776751941.6892347,44,11,1.0,person,0.85,1.0,0.0956629887223243,True,True,WRITING,0.9922176471778325
455,1776751941.6892347,53,12,1.0,person,0.55,1.0,0.1943576037883758,False,False,,0.76755981360163
455,1776751941.6892347,55,13,1.0,person,0.55,1.0,0.43095463514328,False,False,,0.5809209619249617
455,1776751941.6892347,69,14,1.0,person,0.55,1.0,0.361918568611145,False,False,,0.6353142143714995
455,1776751941.6892347,85,16,1.0,person,0.55,0.75,0.2730078101158142,False,False,,0.6231764150517328
455,1776751941.6892347,87,3,1.0,person,0.55,1.0,0.0891134366393089,False,False,,0.7140685497295288
455,1776751941.6892347,105,17,1.0,person,0.85,0.85,0.1007057875394821,True,True,WRITING,0.9794542761076064
455,1776751941.6892347,66,15,1.0,person,0.55,0.5,0.4618496298789978,False,False,,0.752812789054144
455,1776751941.6892347,33,9,1.0,person,0.85,0.85,0.3150209784507751,True,True,WRITING,0.9269186627297172
455,1776751941.6892347,32,8,1.0,person,0.55,1.0,0.1920627653598785,False,False,,0.6973392069339752
455,1776751941.6892347,127,18,1.0,person,0.55,1.0,0.4391508102416992,False,False,,0.6975412375870205
457,1776751944.9242682,44,11,1.0,person,0.85,1.0,0.2610270380973816,True,True,WRITING,0.9914214383988154
457,1776751944.9242682,53,12,1.0,person,0.8752052090209155,1.0,0.2236540764570236,False,False,,0.7709599222455705
457,1776751944.9242682,55,13,1.0,person,0.55,1.0,0.8825982809066772,False,False,,0.5804332927578971
457,1776751944.9242682,69,14,1.0,person,0.55,1.0,0.3883320093154907,False,False,,0.6373388589847656
457,1776751944.9242682,85,16,1.0,person,0.55,0.75,0.373579740524292,False,False,,0.5996846485705603
457,1776751944.9242682,87,3,1.0,person,0.55,1.0,0.2756496965885162,False,False,,0.7116174300511678
457,1776751944.9242682,105,17,1.0,person,0.85,0.85,0.1047717779874801,True,True,WRITING,0.979427607996123
457,1776751944.9242682,66,15,1.0,person,0.55,1.0,0.3320736289024353,False,False,,0.7197630614609946
457,1776751944.9242682,33,9,1.0,person,0.85,0.85,0.253095269203186,True,True,WRITING,0.9305878097102754
457,1776751944.9242682,127,18,1.0,person,0.55,1.0,0.3214744925498962,False,False,,0.6861775716145834
459,1776751947.8568225,44,11,1.0,person,0.85,1.0,0.1314083039760589,True,True,WRITING,0.991848145212446
459,1776751947.8568225,53,12,1.0,person,0.9108374869453856,1.0,0.238183706998825,False,False,,0.7871260543664297
459,1776751947.8568225,55,13,1.0,person,0.55,1.0,1.0,False,False,,0.5791329832304091
459,1776751947.8568225,69,14,1.0,person,0.55,1.0,0.6203581094741821,False,False,,0.628969987091564
459,1776751947.8568225,85,16,1.0,person,0.55,0.75,0.1110013127326965,False,False,,0.607301944778079
459,1776751947.8568225,87,3,1.0,person,0.55,1.0,0.2139102518558502,False,False,,0.7085238446791967
459,1776751947.8568225,105,17,1.0,person,0.85,0.85,0.3017811775207519,True,True,WRITING,0.9777483053150632
459,1776751947.8568225,66,15,1.0,person,0.55,0.75,0.4828363955020904,False,False,,0.6654705538636162
459,1776751947.8568225,33,9,1.0,person,0.85,0.85,0.2675876021385193,True,True,WRITING,0.9344651585533504
459,1776751947.8568225,127,18,1.0,person,0.55,1.0,0.2710723876953125,False,False,,0.6790027987389337
461,1776751950.7990792,44,11,1.0,person,0.85,1.0,0.1329533755779266,True,True,WRITING,0.9922977189222972
461,1776751950.7990792,53,12,1.0,person,0.55,1.0,0.1113950833678245,False,False,,0.773062859262739
461,1776751950.7990792,55,13,1.0,person,0.55,0.75,0.7482234239578247,False,False,,0.5662807541234153
461,1776751950.7990792,69,14,1.0,person,0.55,0.75,0.5409641861915588,False,False,,0.6054069432474319
461,1776751950.7990792,85,16,1.0,person,0.55,1.0,0.1996410191059112,False,False,,0.6181821588959012
461,1776751950.7990792,87,3,1.0,person,0.55,1.0,0.081852450966835,False,False,,0.7152839040472395
461,1776751950.7990792,105,17,1.0,person,0.85,0.85,0.2372435629367828,True,True,WRITING,0.9769208637021836
461,1776751950.7990792,66,15,1.0,person,0.55,1.0,0.5025297403335571,False,False,,0.6286876910641079
461,1776751950.7990792,33,9,1.0,person,0.85,0.85,0.2333190441131591,True,True,WRITING,0.9386255315371922
461,1776751950.7990792,32,8,1.0,person,0.55,1.0,0.3912708163261413,False,False,,0.6810687517835982
463,1776751953.710189,44,11,1.0,person,0.85,1.0,0.2783229947090149,True,True,WRITING,0.9912817109198796
463,1776751953.710189,53,12,1.0,person,0.8618247246865162,1.0,0.2239007502794265,False,False,,0.7873925176404771
463,1776751953.710189,55,13,1.0,person,0.55,0.75,0.4784330427646637,False,False,,0.5556185262543814
463,1776751953.710189,69,14,1.0,person,0.55,1.0,0.3134340643882751,False,False,,0.6090180195513225
463,1776751953.710189,85,16,1.0,person,0.55,0.75,0.2261184453964233,False,False,,0.6149424811204275
463,1776751953.710189,87,3,1.0,person,0.55,1.0,0.3880820870399475,False,False,,0.6975805156287693
463,1776751953.710189,105,17,1.0,person,0.85,0.85,0.2264727354049682,True,True,WRITING,0.9761297468628202
463,1776751953.710189,66,15,1.0,person,0.55,0.75,0.3043323755264282,False,False,,0.597123207109315
463,1776751953.710189,33,9,1.0,person,0.85,0.85,0.2030718773603439,True,True,WRITING,0.9429297078223456
463,1776751953.710189,32,8,1.0,person,0.55,1.0,0.4952057898044586,False,False,,0.6611792856738682
465,1776751956.6303928,44,11,1.0,person,0.85,1.0,0.1993443369865417,True,True,WRITING,0.9909384562855674
465,1776751956.6303928,53,12,1.0,person,0.8615795927418559,1.0,0.2829858660697937,False,False,,0.7984004772844768
465,1776751956.6303928,55,13,1.0,person,0.55,0.75,0.5062252283096313,False,False,,0.5444727534339541
465,1776751956.6303928,69,14,1.0,person,0.55,1.0,0.3693246245384216,False,False,,0.6086443628583635
465,1776751956.6303928,85,16,1.0,person,0.55,0.75,0.4821619391441345,False,False,,0.5987152932655243
465,1776751956.6303928,87,3,1.0,person,0.55,1.0,0.1319627910852432,False,False,,0.6985982408126196
465,1776751956.6303928,105,17,1.0,person,0.85,0.85,0.2141960561275482,True,True,WRITING,0.9753839394875934
465,1776751956.6303928,66,15,1.0,person,0.55,1.0,0.6007689833641052,False,False,,0.592085322425479
465,1776751956.6303928,33,9,1.0,person,0.85,0.85,0.2660314738750458,True,True,WRITING,0.9720615595579148
465,1776751956.6303928,32,8,1.0,person,0.55,1.0,0.5395198464393616,False,False,,0.6447363778239205
467,1776751959.7325687,44,11,1.0,person,0.85,1.0,0.1744451373815536,True,True,WRITING,0.9910009971686772
467,1776751959.7325687,53,12,1.0,person,0.885605023684664,1.0,0.1753643155097961,False,False,,0.8060183858587627
467,1776751959.7325687,55,13,1.0,person,0.55,1.0,0.7677024006843567,False,False,,0.5467198377563839
467,1776751959.7325687,69,14,1.0,person,0.55,1.0,0.4139792323112488,False,False,,0.6060831589358193
467,1776751959.7325687,85,16,1.0,person,0.55,1.0,0.21912482380867,False,False,,0.6142275063764481
467,1776751959.7325687,87,3,1.0,person,0.55,1.0,0.1977078020572662,False,False,,0.6990737978901181
467,1776751959.7325687,105,17,1.0,person,0.85,0.85,0.1509515643119812,True,True,WRITING,0.9753073382945288
467,1776751959.7325687,66,15,1.0,person,0.55,1.0,0.4213595986366272,False,False,,0.5699379350457873
467,1776751959.7325687,33,9,1.0,person,0.85,0.85,0.2160405665636062,True,True,WRITING,0.9723175700221742
467,1776751959.7325687,32,8,1.0,person,0.55,1.0,0.4145026803016662,False,False,,0.6323181238912401
469,1776751962.7136652,44,11,1.0,person,0.85,1.0,0.189927190542221,True,True,WRITING,0.9906842020295916
469,1776751962.7136652,53,12,1.0,person,0.930986108866444,1.0,0.2022415846586227,False,False,,0.8274590252410797
469,1776751962.7136652,55,13,1.0,person,0.55,0.75,1.0,False,False,,0.5364669220788137
469,1776751962.7136652,69,14,1.0,person,0.55,1.0,0.5610998272895813,False,False,,0.5974929237649554
469,1776751962.7136652,85,16,1.0,person,0.55,0.75,0.3628720939159393,False,False,,0.6057871714943931
469,1776751962.7136652,87,3,1.0,person,0.55,1.0,0.4585822522640228,False,False,,0.6777832408746084
469,1776751962.7136652,105,17,1.0,person,0.85,0.85,0.2701508402824402,True,True,WRITING,0.9746204713980356
469,1776751962.7136652,66,15,1.0,person,0.55,1.0,0.265420138835907,False,False,,0.5838034439654577
469,1776751962.7136652,33,9,1.0,person,0.85,0.85,0.1793878078460693,True,True,WRITING,0.9732633850404192
469,1776751962.7136652,32,8,1.0,person,0.55,1.0,0.314289927482605,False,False,,0.6297212189152127
471,1776751965.6630197,44,11,1.0,person,0.85,1.0,0.1991051733493805,True,True,WRITING,0.9902375304982776
471,1776751965.6630197,53,12,1.0,person,0.9091379992049424,1.0,0.2327294647693634,False,False,,0.843232281151272
471,1776751965.6630197,55,13,1.0,person,0.55,0.5,0.8620120882987976,False,False,,0.5126341379824139
471,1776751965.6630197,69,14,1.0,person,0.55,1.0,0.3727052807807922,False,False,,0.5998173272325878
471,1776751965.6630197,85,16,1.0,person,0.55,0.75,0.1769877672195434,False,False,,0.6107049066395986
471,1776751965.6630197,87,3,1.0,person,0.55,1.0,0.2316382676362991,False,False,,0.6736337429001217
471,1776751965.6630197,105,17,1.0,person,0.85,0.85,0.2565781474113464,True,True,WRITING,0.9737980926320664
471,1776751965.6630197,66,15,1.0,person,0.55,1.0,0.386992871761322,False,False,,0.6010466274761018
471,1776751965.6630197,33,9,1.0,person,0.85,0.85,0.21138596534729,True,True,WRITING,0.9737778320198966
471,1776751965.6630197,32,8,1.0,person,0.55,1.0,0.6881903409957886,False,False,,0.6167785163436617
473,1776751968.6068168,44,11,1.0,person,0.85,1.0,0.1687834560871124,True,True,WRITING,0.990695704306875
473,1776751968.6068168,53,12,1.0,person,0.8545181255405768,1.0,0.1090119034051895,False,False,,0.8499692862942106
473,1776751968.6068168,55,13,1.0,person,0.55,0.5,0.3630102872848511,False,False,,0.5020212318216051
473,1776751968.6068168,69,14,1.0,person,0.5,0.75,0.5405491590499878,False,False,,0.5777947925385974
473,1776751968.6068168,85,16,1.0,person,0.55,1.0,0.4436535835266113,False,False,,0.6127611654145376
473,1776751968.6068168,87,3,1.0,person,0.55,1.0,0.1603260934352874,False,False,,0.6802466894899095
473,1776751968.6068168,105,17,1.0,person,0.85,0.65,0.2584721446037292,True,True,WRITING,0.969733912320364
473,1776751968.6068168,66,15,1.0,person,0.55,0.75,0.2358425408601761,False,False,,0.5993021603141512
473,1776751968.6068168,33,9,1.0,person,0.85,0.85,0.356921523809433,True,True,WRITING,0.9727966331300282
473,1776751968.6068168,32,8,1.0,person,0.55,1.0,0.2854403257369995,False,False,,0.6190065107175282
475,1776751971.559138,44,11,1.0,person,0.85,1.0,0.2052909433841705,True,True,WRITING,0.9903318151122048
475,1776751971.559138,53,12,1.0,person,0.8839111840931535,1.0,0.2390971183776855,False,False,,0.849203143091429
475,1776751971.559138,55,13,1.0,person,0.55,0.75,0.5535064935684204,False,False,,0.4959090572737512
475,1776751971.559138,69,14,1.0,person,0.55,1.0,0.4851613044738769,False,False,,0.5783409114394868
475,1776751971.559138,85,16,1.0,person,0.55,0.75,0.2017370462417602,False,False,,0.6103837887446085
475,1776751971.559138,87,3,1.0,person,0.55,1.0,0.2294341027736663,False,False,,0.6799392884685879
475,1776751971.559138,105,17,1.0,person,0.85,0.85,0.2066177129745483,True,True,WRITING,0.9704683664299192
475,1776751971.559138,66,15,1.0,person,0.55,1.0,0.1642216295003891,False,False,,0.6249316847040539
475,1776751971.559138,33,9,1.0,person,0.85,0.85,0.2192077934741974,True,True,WRITING,0.9730766117572784
475,1776751971.559138,32,8,1.0,person,0.55,1.0,0.5303031802177429,False,False,,0.6058881729841231
475,1776751971.559138,127,18,1.0,person,0.55,1.0,1.0,False,False,,0.6560419349443345
477,1776751974.7530234,44,11,1.0,person,0.85,1.0,0.280029833316803,True,True,WRITING,0.9893946023214428
477,1776751974.7530234,53,12,1.0,person,0.8968840062877912,1.0,0.1357052475214004,False,False,,0.8658400043135597
477,1776751974.7530234,55,13,1.0,person,0.55,0.75,0.3201648592948913,False,False,,0.5080358901194163
477,1776751974.7530234,69,14,1.0,person,0.5,1.0,0.3607691824436188,False,False,,0.5882996542113167
477,1776751974.7530234,85,16,1.0,person,0.55,0.75,0.2336561977863311,False,False,,0.6034859624646959
477,1776751974.7530234,87,3,1.0,person,0.55,1.0,0.3931326866149902,False,False,,0.6650194873412449
477,1776751974.7530234,105,17,1.0,person,0.85,0.65,0.3232769966125488,True,True,WRITING,0.9666101882855096
477,1776751974.7530234,66,15,1.0,person,0.55,1.0,0.1952518224716186,False,False,,0.6412156959374745
477,1776751974.7530234,33,9,1.0,person,0.85,0.85,0.2740197777748108,True,True,WRITING,0.9727486329419271
477,1776751974.7530234,32,8,1.0,person,0.55,1.0,0.3547264337539673,False,False,,0.6096127617926824
477,1776751974.7530234,127,18,1.0,person,0.55,1.0,0.5154698491096497,False,False,,0.635529797275861
479,1776751977.977224,44,11,1.0,person,0.85,1.0,0.3770045936107635,True,True,WRITING,0.9882559783401944
479,1776751977.977224,53,12,1.0,person,0.55,1.0,0.1630716919898986,False,False,,0.8418742567300797
479,1776751977.977224,55,13,1.0,person,0.55,0.75,0.2092799842357635,False,False,,0.5260824952097166
479,1776751977.977224,69,14,1.0,person,0.5,1.0,0.2523651719093323,False,False,,0.593539490870067
479,1776751977.977224,85,16,1.0,person,0.55,0.75,0.2060720026493072,False,False,,0.6055955524955478
479,1776751977.977224,87,3,1.0,person,0.55,1.0,0.2270855903625488,False,False,,0.6714012090648924
479,1776751977.977224,105,17,1.0,person,0.85,0.65,1.0,True,True,WRITING,0.9573634919382276
479,1776751977.977224,66,15,1.0,person,0.55,0.75,0.179285243153572,False,False,,0.6443796075525738
479,1776751977.977224,33,9,1.0,person,0.85,0.85,0.207169622182846,True,True,WRITING,0.9728939412605194
479,1776751977.977224,32,8,1.0,person,0.55,1.0,0.2293431311845779,False,False,,0.6244917971747261
481,1776751980.9304624,44,11,1.0,person,0.85,1.0,0.2583474218845367,True,True,WRITING,0.9878828390723184
481,1776751980.9304624,53,12,1.0,person,0.94743036802111,1.0,0.3179883658885956,False,False,,0.8439632682573227
481,1776751980.9304624,55,13,1.0,person,0.55,0.75,0.360129177570343,False,False,,0.5334070009844644
481,1776751980.9304624,69,14,1.0,person,0.5,1.0,0.2115220725536346,False,False,,0.603105893873033
481,1776751980.9304624,85,16,1.0,person,0.55,0.75,0.3379889130592346,False,False,,0.6061307560829889
481,1776751980.9304624,87,3,1.0,person,0.55,1.0,0.1486071795225143,False,False,,0.6749304710399536
481,1776751980.9304624,105,17,1.0,person,0.5,1.0,1.0,False,False,,0.8879381471588497
481,1776751980.9304624,66,15,1.0,person,0.55,1.0,0.119147814810276,False,False,,0.6636905819177628
481,1776751980.9304624,33,9,1.0,person,0.55,0.5,0.4147807955741882,False,False,,0.887340913925852
481,1776751980.9304624,32,8,1.0,person,0.55,0.75,0.3154833614826202,False,False,,0.6199991071508043
483,1776751983.8824046,44,11,1.0,person,0.85,1.0,0.2418431490659713,True,True,WRITING,0.987593432977086
483,1776751983.8824046,53,12,1.0,person,0.9163399424220012,1.0,0.2202010601758957,False,False,,0.8457032725924538
483,1776751983.8824046,55,13,1.0,person,0.55,0.75,0.2070597112178802,False,False,,0.5449129455855914
483,1776751983.8824046,69,14,1.0,person,0.5,1.0,0.2371840924024582,False,False,,0.6117835185357502
483,1776751983.8824046,85,16,1.0,person,0.55,0.5,0.400684654712677,False,False,,0.5764272198790595
483,1776751983.8824046,87,3,1.0,person,0.55,1.0,0.347609132528305,False,False,,0.6671506279990785
483,1776751983.8824046,105,17,1.0,person,0.5,0.5,1.0,False,False,,0.7983380042938958
483,1776751983.8824046,66,15,1.0,person,0.55,0.75,0.2527840137481689,False,False,,0.6575320214033127
483,1776751983.8824046,33,9,1.0,person,0.85,0.85,0.4041481614112854,True,True,WRITING,0.8919960051065399
483,1776751983.8824046,32,8,1.0,person,0.55,1.0,0.1887081712484359,False,False,,0.6340295215447743
483,1776751983.8824046,145,4,0.868,person,0.55,0.5,0.0,False,False,,0.743181857182866
483,1776751983.8824046,146,2,0.767,person,0.5,0.5,0.0,False,False,,0.4270833333333333
485,1776751987.2897432,44,11,1.0,person,0.85,1.0,0.256502091884613,True,True,WRITING,0.987277281426248
485,1776751987.2897432,53,12,1.0,person,0.9148534460279252,1.0,0.2305769920349121,False,False,,0.8458054072800136
485,1776751987.2897432,55,13,1.0,person,0.55,0.5,0.3413401246070862,False,False,,0.5398219118515651
485,1776751987.2897432,69,14,1.0,person,0.55,0.75,0.2362789362668991,False,False,,0.6141016219343457
485,1776751987.2897432,85,16,1.0,person,0.55,0.5,0.3936625123023987,False,False,,0.5593063171420778
485,1776751987.2897432,87,3,1.0,person,0.55,0.75,1.0,False,False,,0.6448787663664136
485,1776751987.2897432,105,17,1.0,person,0.7,0.65,0.6617675423622131,True,False,,0.7402046705427624
485,1776751987.2897432,66,15,1.0,person,0.55,1.0,0.1580163091421127,False,False,,0.6658260162387575
485,1776751987.2897432,33,9,1.0,person,0.85,0.85,0.2882210612297058,True,True,WRITING,0.8975982169310252
485,1776751987.2897432,32,8,1.0,person,0.55,1.0,0.4006160795688629,False,False,,0.6299943095161801
485,1776751987.2897432,145,4,1.0,person,0.85,1.0,1.0,True,True,WRITING,0.7559748929171336
485,1776751987.2897432,146,2,1.0,person,0.5,0.5,1.0,False,False,,0.4280357142857143
487,1776751990.921842,44,11,1.0,person,0.85,1.0,0.2764002978801727,True,True,WRITING,0.9868677159150442
487,1776751990.921842,53,12,1.0,person,0.926615588959198,1.0,0.3528814315795898,False,False,,0.84061642345928
487,1776751990.921842,55,13,1.0,person,0.55,1.0,0.2555046677589416,False,False,,0.5709477095376878
487,1776751990.921842,69,14,1.0,person,0.5,1.0,0.2717886865139007,False,False,,0.6183857961779549
487,1776751990.921842,85,16,1.0,person,0.55,0.5,0.3548462986946106,False,False,,0.5405016598247346
487,1776751990.921842,66,15,1.0,person,0.55,0.75,0.2807121276855469,False,False,,0.656402349472046
487,1776751990.921842,33,9,1.0,person,0.85,0.85,0.6272374391555786,True,True,WRITING,0.9005543586044085
487,1776751990.921842,32,8,1.0,person,0.55,1.0,0.8860483169555664,False,False,,0.6250505840494519
487,1776751990.921842,145,4,1.0,person,0.85,1.0,1.0,True,True,WRITING,0.769047619047619
487,1776751990.921842,146,2,0.99,person,0.5,0.5,1.0,False,False,,0.4285714285714286
489,1776751993.991181,44,11,1.0,person,0.85,1.0,0.2522121965885162,True,True,WRITING,0.9865974393628892
489,1776751993.991181,53,12,1.0,person,0.55,1.0,0.1408289670944214,False,False,,0.8170636736211323
489,1776751993.991181,55,13,1.0,person,0.55,0.75,1.0,False,False,,0.5664098539522716
489,1776751993.991181,69,14,1.0,person,0.5,1.0,0.3426741063594818,False,False,,0.6285411857423328
489,1776751993.991181,85,16,1.0,person,0.55,0.5,0.243937999010086,False,False,,0.5330925725755238
489,1776751993.991181,66,15,1.0,person,0.55,1.0,0.2494634687900543,False,False,,0.6629872407232011
489,1776751993.991181,33,9,1.0,person,0.85,0.85,0.2025072127580642,True,True,WRITING,0.9078172133082436
489,1776751993.991181,32,8,1.0,person,0.55,1.0,0.4936639368534088,False,False,,0.6143989875203087
489,1776751993.991181,145,4,1.0,person,0.85,1.0,1.0,True,True,WRITING,0.7857142857142856
489,1776751993.991181,146,2,1.0,person,0.5,0.5,1.0,False,False,,0.4261904761904762
489,1776751993.991181,87,3,1.0,person,0.5,0.5,1.0,False,False,,0.6005462100108464
491,1776751997.2050376,44,11,1.0,person,0.85,1.0,0.2072372883558273,True,True,WRITING,0.9868820018711544
491,1776751997.2050376,53,12,1.0,person,0.8617604293297848,1.0,0.0953824371099472,False,False,,0.8271518179348537
491,1776751997.2050376,55,13,1.0,person,0.55,0.75,1.0,False,False,,0.5601883236141432
491,1776751997.2050376,69,14,1.0,person,0.5,1.0,0.2903577983379364,False,False,,0.6329754832245054
491,1776751997.2050376,85,16,1.0,person,0.55,0.3,0.2576929330825805,False,False,,0.514046412848291
491,1776751997.2050376,66,15,1.0,person,0.9841721086692892,1.0,0.2429058849811554,False,False,,0.6979588653360094
491,1776751997.2050376,33,9,1.0,person,0.85,0.85,0.2706492245197296,True,True,WRITING,0.9139284750535374
491,1776751997.2050376,32,8,1.0,person,0.55,1.0,0.4729039669036865,False,False,,0.6122531993048531
491,1776751997.2050376,145,4,1.0,person,0.919449472442906,1.0,0.3195014595985412,True,True,WRITING,0.8080517760344913
491,1776751997.2050376,146,2,0.969,person,0.5,0.5,1.0,False,False,,0.4238095238095238
491,1776751997.2050376,87,3,1.0,person,0.5,0.5,1.0,False,False,,0.5575374086697896
491,1776751997.2050376,127,18,0.997,person,0.55,1.0,1.0,False,False,,0.6240875953719729
493,1776752000.5881617,44,11,1.0,person,0.85,1.0,0.28428915143013,True,True,WRITING,0.9867925438142958
493,1776752000.5881617,53,12,1.0,person,0.55,1.0,0.1740110069513321,False,False,,0.8020481417576472
493,1776752000.5881617,55,13,1.0,person,0.55,0.75,0.3459031581878662,False,False,,0.5591017660640535
493,1776752000.5881617,69,14,1.0,person,0.5,1.0,0.319286048412323,False,False,,0.6330828695070175
493,1776752000.5881617,85,16,1.0,person,0.55,0.3,0.6050657033920288,False,False,,0.4816320252986181
493,1776752000.5881617,66,15,1.0,person,0.9956642997615692,1.0,0.3650249242782593,False,False,,0.7244238087109157
493,1776752000.5881617,33,9,1.0,person,0.85,0.85,0.518318772315979,True,True,WRITING,0.9182021951391582
493,1776752000.5881617,32,8,1.0,person,0.55,1.0,0.6817716360092163,False,False,,0.6040213157733282
493,1776752000.5881617,146,2,1.0,person,0.85,0.65,1.0,True,True,WRITING,0.5072619047619048
493,1776752000.5881617,87,3,0.993,person,0.5,1.0,1.0,False,False,,0.5452039498658408
495,1776752003.515193,44,11,1.0,person,0.85,1.0,0.2042190581560135,True,True,WRITING,0.9877192065829324
495,1776752003.515193,53,12,1.0,person,0.55,1.0,0.1624805480241775,False,False,,0.7931309739748637
495,1776752003.515193,55,13,1.0,person,0.55,0.75,0.6649202108383179,False,False,,0.5446965130312101
495,1776752003.515193,69,14,1.0,person,0.5,1.0,0.1543052494525909,False,False,,0.6408941752853847
495,1776752003.515193,85,16,1.0,person,0.55,0.5,1.0,False,False,,0.4613049662680852
495,1776752003.515193,66,15,1.0,person,0.9695877902962712,1.0,0.3113445937633514,False,False,,0.7553510417540868
495,1776752003.515193,33,9,1.0,person,0.85,0.85,0.3252751231193542,True,True,WRITING,0.9239912802974384
495,1776752003.515193,32,8,1.0,person,0.55,1.0,0.5486019849777222,False,False,,0.5928988267978031
495,1776752003.515193,146,2,1.0,person,0.85,0.65,1.0,True,True,WRITING,0.5845833333333333
495,1776752003.515193,87,3,1.0,person,0.5,0.5,1.0,False,False,,0.5141336231004624
495,1776752003.515193,145,4,1.0,person,0.85,1.0,0.3318708539009094,True,True,WRITING,0.8298811212891625
497,1776752006.6830397,44,11,1.0,person,0.85,0.85,0.2090321332216262,True,True,WRITING,0.98557914296786
497,1776752006.6830397,53,12,1.0,person,0.55,1.0,0.1812183558940887,False,False,,0.7731940476667313
497,1776752006.6830397,55,13,1.0,person,0.55,0.75,0.629991888999939,False,False,,0.5359856188297272
497,1776752006.6830397,69,14,1.0,person,0.55,1.0,0.2224108427762985,False,False,,0.6466978696130571
497,1776752006.6830397,85,16,1.0,person,0.5,0.5,1.0,False,False,,0.4428728074403036
497,1776752006.6830397,66,15,1.0,person,0.986505233445647,1.0,0.144949197769165,False,False,,0.7889441776843298
497,1776752006.6830397,33,9,1.0,person,0.85,0.85,0.1968511939048767,True,True,WRITING,0.967746139282272
497,1776752006.6830397,32,8,1.0,person,0.55,1.0,0.4314586520195007,False,False,,0.5954528939156305
497,1776752006.6830397,146,2,1.0,person,0.85,0.65,0.7746024131774902,True,True,WRITING,0.6576521243367878
497,1776752006.6830397,87,3,0.984,person,0.5,1.0,1.0,False,False,,0.5059113150551205
497,1776752006.6830397,145,4,1.0,person,0.9242338418395556,1.0,0.3674307465553283,True,True,WRITING,0.888516446522304
497,1776752006.6830397,16,7,0.85,person,0.5,0.5,0.0,False,False,,0.7299256106501534
499,1776752010.0847476,44,11,1.0,person,0.85,0.85,0.2894120514392853,True,True,WRITING,0.9828595142988932
499,1776752010.0847476,53,12,1.0,person,0.55,1.0,0.1053655743598938,False,False,,0.7583448006993248
499,1776752010.0847476,55,13,1.0,person,0.55,0.75,0.1298141032457351,False,False,,0.548246426596528
499,1776752010.0847476,69,14,1.0,person,0.5,1.0,0.2477176487445831,False,False,,0.64713521585578
499,1776752010.0847476,85,16,0.995,person,0.5,0.5,1.0,False,False,,0.4335510550794146
499,1776752010.0847476,66,15,1.0,person,0.9341212176818048,1.0,0.2438796311616897,False,False,,0.8182765656993501
499,1776752010.0847476,33,9,1.0,person,0.85,0.85,0.4282108247280121,True,True,WRITING,0.967307529988743
499,1776752010.0847476,146,2,1.0,person,0.85,0.65,0.5912587642669678,True,True,WRITING,0.7116979490575336
499,1776752010.0847476,87,3,1.0,person,0.5,0.5,1.0,False,False,,0.4720439812966756
499,1776752010.0847476,145,4,1.0,person,0.85,1.0,0.3712803721427917,True,True,WRITING,0.9422788693791344
499,1776752010.0847476,16,7,1.0,person,0.5,0.75,1.0,False,False,,0.6651461856705801
501,1776752013.2171652,44,11,1.0,person,0.85,0.85,0.323171854019165,True,True,WRITING,0.9801178021090372
501,1776752013.2171652,53,12,1.0,person,0.55,1.0,0.1107594966888427,False,False,,0.7451192608901432
501,1776752013.2171652,55,13,1.0,person,0.55,0.75,0.3978165686130523,False,False,,0.551466282634508
501,1776752013.2171652,69,14,1.0,person,0.55,1.0,0.2780479788780212,False,False,,0.653312936425209
501,1776752013.2171652,85,16,1.0,person,0.5,0.5,1.0,False,False,,0.424799218631926
501,1776752013.2171652,66,15,1.0,person,0.55,1.0,0.1948349773883819,False,False,,0.8075819987626303
501,1776752013.2171652,33,9,1.0,person,0.85,0.85,0.1925010979175567,True,True,WRITING,0.968433473081816
501,1776752013.2171652,146,2,1.0,person,0.85,0.65,0.6247167587280273,True,True,WRITING,0.7757573688597906
501,1776752013.2171652,87,3,0.99,person,0.5,0.5,1.0,False,False,,0.4476190476190476
501,1776752013.2171652,145,4,1.0,person,0.9463085121684104,1.0,0.3351657688617706,True,True,WRITING,0.9733489608480816
501,1776752013.2171652,16,7,1.0,person,0.5,0.5,1.0,False,False,,0.5935714285714285
501,1776752013.2171652,157,20,0.753,person,0.5,0.5,0.0,False,False,,0.4833333333333334
501,1776752013.2171652,32,8,1.0,person,0.55,1.0,0.3608929514884949,False,False,,0.5933914625928515
503,1776752016.7955751,44,11,1.0,person,0.85,0.85,0.287058413028717,True,True,WRITING,0.9779663547163918
503,1776752016.7955751,53,12,1.0,person,0.55,1.0,0.1220718249678611,False,False,,0.7358150858254661
503,1776752016.7955751,55,13,1.0,person,0.55,0.75,1.0,False,False,,0.5340832691817057
503,1776752016.7955751,69,14,1.0,person,0.5,0.5,0.2873777747154236,False,False,,0.6264511822235016
503,1776752016.7955751,66,15,1.0,person,0.9796033972220632,1.0,0.2642411589622497,False,False,,0.8370987063362486
503,1776752016.7955751,33,9,1.0,person,0.85,0.85,0.140083447098732,True,True,WRITING,0.971150022887048
503,1776752016.7955751,146,2,1.0,person,0.85,0.85,0.556631326675415,True,True,WRITING,0.8373631701299122
503,1776752016.7955751,145,4,1.0,person,0.9739569723007602,1.0,0.326394110918045,True,True,WRITING,0.9770130898271288
503,1776752016.7955751,16,7,1.0,person,0.7,0.65,1.0,True,False,,0.5559523809523809
503,1776752016.7955751,157,20,0.984,person,0.5,0.5,0.564115583896637,False,False,,0.4761904761904763
503,1776752016.7955751,32,8,1.0,person,0.55,1.0,0.3590382933616638,False,False,,0.59832811043376
505,1776752020.2052605,44,11,1.0,person,0.85,0.85,0.2510156035423279,True,True,WRITING,0.9762137915406908
505,1776752020.2052605,53,12,1.0,person,0.839453514817079,1.0,0.1534177809953689,False,False,,0.7570768906956626
505,1776752020.2052605,55,13,1.0,person,0.55,0.75,0.8974682092666626,False,False,,0.5311000971567063
505,1776752020.2052605,69,14,1.0,person,0.5,0.5,1.0,False,False,,0.5892998587517511
505,1776752020.2052605,66,15,1.0,person,0.55,1.0,0.3066220879554748,False,False,,0.8182113128049032
505,1776752020.2052605,33,9,1.0,person,0.85,0.85,0.2751159071922302,True,True,WRITING,0.970934442821003
505,1776752020.2052605,146,2,1.0,person,0.85,0.85,0.6357625722885132,True,True,WRITING,0.8916765874908084
505,1776752020.2052605,145,4,1.0,person,0.9904923706591764,1.0,0.3685988187789917,True,True,WRITING,0.9799245556195576
505,1776752020.2052605,16,7,1.0,person,0.85,1.0,1.0,True,True,WRITING,0.5906547619047618
505,1776752020.2052605,157,20,1.0,person,0.5,0.5,0.5795596837997437,False,False,,0.4547619047619047
505,1776752020.2052605,32,8,1.0,person,0.55,1.0,0.2301545888185501,False,False,,0.614498555518332
507,1776752023.3881814,44,11,1.0,person,0.85,0.85,0.230080246925354,True,True,WRITING,0.9746529140642712
507,1776752023.3881814,53,12,1.0,person,0.55,1.0,0.1922574937343597,False,False,,0.7375324886469613
507,1776752023.3881814,55,13,1.0,person,0.55,0.75,1.0,False,False,,0.5281169251317069
507,1776752023.3881814,69,14,1.0,person,0.5,1.0,1.0,False,False,,0.5781886679785592
507,1776752023.3881814,66,15,1.0,person,0.55,1.0,0.2986499667167663,False,False,,0.784434070899373
507,1776752023.3881814,33,9,1.0,person,0.85,0.85,0.1411722749471664,True,True,WRITING,0.9721216396206902
507,1776752023.3881814,146,2,1.0,person,0.85,1.0,0.5014890432357788,True,True,WRITING,0.9430230846007664
507,1776752023.3881814,145,4,1.0,person,0.9961738386323638,1.0,0.240069106221199,True,True,WRITING,0.9835312629029864
507,1776752023.3881814,16,7,1.0,person,0.85,1.0,1.0,True,True,WRITING,0.6278571428571428
507,1776752023.3881814,157,20,1.0,person,0.5,0.5,0.7386388778686523,False,False,,0.45
507,1776752023.3881814,32,8,1.0,person,0.55,1.0,0.1787009537220001,False,False,,0.632633228670983
509,1776752026.7428975,44,11,1.0,person,0.85,0.85,0.3011689484119415,True,True,WRITING,0.9729669910101664
509,1776752026.7428975,53,12,1.0,person,0.55,1.0,0.1732158660888672,False,False,,0.7349553874560764
509,1776752026.7428975,55,13,1.0,person,0.85,0.85,0.978147029876709,True,True,WRITING,0.5934131003561474
509,1776752026.7428975,69,14,1.0,person,0.5,0.5,1.0,False,False,,0.5439022941248758
509,1776752026.7428975,66,15,1.0,person,0.55,0.75,1.0,False,False,,0.7306619854200455
509,1776752026.7428975,33,9,1.0,person,0.85,0.85,0.2142464369535446,True,True,WRITING,0.9735073532376972
509,1776752026.7428975,146,2,1.0,person,0.85,1.0,0.413433164358139,True,True,WRITING,0.9514733187357584
509,1776752026.7428975,145,4,1.0,person,0.953766045391338,1.0,0.3015721440315246,True,True,WRITING,0.983742757212548
509,1776752026.7428975,16,7,1.0,person,0.85,1.0,1.0,True,True,WRITING,0.7014285714285714
509,1776752026.7428975,157,20,1.0,person,0.5,0.5,1.0,False,False,,0.4452380952380952
509,1776752026.7428975,167,3,0.751,person,0.5,0.5,0.0,False,False,,0.4690476190476191
509,1776752026.7428975,127,18,0.916,person,0.55,0.75,1.0,False,False,,0.5972954547121411
511,1776752030.2027235,44,11,1.0,person,0.5,0.5,0.6491077542304993,False,False,,0.8761934656472432
511,1776752030.2027235,53,12,1.0,person,0.55,1.0,0.1647775024175644,False,False,,0.732607615135965
511,1776752030.2027235,55,13,1.0,person,0.9529946954791004,0.65,0.4538794159889221,True,False,,0.6176297395002274
511,1776752030.2027235,69,14,0.968,person,0.5,0.5,1.0,False,False,,0.5075484420572008
511,1776752030.2027235,66,15,1.0,person,0.55,0.5,1.0,False,False,,0.6679758345796948
511,1776752030.2027235,33,9,1.0,person,0.85,0.85,0.189404010772705,True,True,WRITING,0.9742296451614016
511,1776752030.2027235,146,2,1.0,person,0.85,1.0,0.4990810751914978,True,True,WRITING,0.958444003547941
511,1776752030.2027235,145,4,1.0,person,0.9995756859872116,1.0,0.2437445819377899,True,True,WRITING,0.9844696528854824
511,1776752030.2027235,16,7,1.0,person,0.85,1.0,0.5230047106742859,True,True,WRITING,0.772427343186878
511,1776752030.2027235,157,20,0.916,person,0.5,0.5,1.0,False,False,,0.4404761904761905
511,1776752030.2027235,167,3,0.955,person,0.5,0.3,1.0,False,False,,0.453095238095238
511,1776752030.2027235,32,8,1.0,person,0.9402182062121592,1.0,0.3649051785469055,False,False,,0.6687795172135035
513,1776752033.556165,44,11,1.0,person,0.85,0.85,1.0,True,True,WRITING,0.8766965196530024
513,1776752033.556165,53,12,1.0,person,0.802119303350837,1.0,0.2515040934085846,False,False,,0.7460343220404216
513,1776752033.556165,55,13,1.0,person,0.55,0.75,0.577223539352417,False,False,,0.6079275253273192
513,1776752033.556165,69,14,1.0,person,0.5,0.5,1.0,False,False,,0.4747866316920235
513,1776752033.556165,66,15,1.0,person,0.5,0.5,1.0,False,False,,0.6009462901524135
513,1776752033.556165,33,9,1.0,person,0.85,0.85,0.1538139432668686,True,True,WRITING,0.9747089864242644
513,1776752033.556165,146,2,1.0,person,0.85,1.0,0.4113887846469879,True,True,WRITING,0.964625636736552
513,1776752033.556165,145,4,1.0,person,0.9693059332624056,1.0,0.1999164670705795,True,True,WRITING,0.9856363258191516
513,1776752033.556165,16,7,1.0,person,0.85,1.0,0.4153603017330169,True,True,WRITING,0.8232058857736133
513,1776752033.556165,157,20,1.0,person,0.85,0.65,1.0,True,True,WRITING,0.521547619047619
513,1776752033.556165,167,3,1.0,person,0.5,0.3,0.854483425617218,False,False,,0.4378571428571429
513,1776752033.556165,127,18,1.0,person,0.55,0.75,0.2703392803668976,False,False,,0.5848440262533369
515,1776752037.3313274,44,11,1.0,person,0.85,0.85,1.0,True,True,WRITING,0.8779574609370459
515,1776752037.3313274,53,12,1.0,person,0.8713506412542356,0.75,0.0732338055968284,False,False,,0.7612817514510382
515,1776752037.3313274,55,13,1.0,person,0.55,0.75,0.3975787460803985,False,False,,0.5944766487394061
515,1776752037.3313274,33,9,1.0,person,0.7,0.75,0.1638645827770233,True,False,FOCUSED,0.9685207824479966
515,1776752037.3313274,146,2,1.0,person,0.85,1.0,0.3760387599468231,True,True,WRITING,0.9698141912619272
515,1776752037.3313274,145,4,1.0,person,0.9815022781302288,1.0,0.224548652768135,True,True,WRITING,0.9865117711680276
515,1776752037.3313274,16,7,1.0,person,0.85,1.0,0.4620309770107269,True,True,WRITING,0.8780094133672259
515,1776752037.3313274,157,20,1.0,person,0.85,0.65,1.0,True,True,WRITING,0.582202380952381
515,1776752037.3313274,167,3,1.0,person,0.5,0.5,0.9093063473701476,False,False,,0.4226190476190476
515,1776752037.3313274,32,8,1.0,person,0.55,1.0,0.4404683709144592,False,False,,0.6653072333052045
517,1776752040.88634,44,11,1.0,person,0.85,0.85,1.0,True,True,WRITING,0.8797619384243375
517,1776752040.88634,53,12,1.0,person,0.8111427156886921,0.75,0.2124470770359039,False,False,,0.7612121296780451
517,1776752040.88634,55,13,1.0,person,0.85,0.85,0.3553850054740906,True,True,WRITING,0.661001769559724
517,1776752040.88634,33,9,1.0,person,0.85,0.85,0.1881791651248932,True,True,WRITING,0.969042712705476
517,1776752040.88634,146,2,1.0,person,0.85,1.0,0.4566470980644226,True,True,WRITING,0.9739057223002116
517,1776752040.88634,145,4,1.0,person,0.9916148807298456,1.0,0.1791937351226806,True,True,WRITING,0.987548848702794
517,1776752040.88634,16,7,1.0,person,0.85,1.0,0.5768972635269165,True,True,WRITING,0.9312378816945212
517,1776752040.88634,157,20,1.0,person,0.85,0.65,1.0,True,True,WRITING,0.639107142857143
517,1776752040.88634,167,3,1.0,person,0.7,0.65,0.9402236938476562,True,False,,0.444047619047619
517,1776752040.88634,32,8,1.0,person,0.9062004310595432,0.75,0.1837552785873413,False,False,,0.6958490411440531
519,1776752043.8544989,44,11,1.0,person,0.5,0.5,1.0,False,False,,0.7926736475172497
519,1776752043.8544989,53,12,1.0,person,0.55,1.0,0.5165752172470093,False,False,,0.7328562919582641
519,1776752043.8544989,33,9,1.0,person,0.85,0.85,0.1622484624385833,True,True,WRITING,0.9695909513178328
519,1776752043.8544989,146,2,1.0,person,0.85,1.0,0.3846094608306885,True,True,WRITING,0.9764091280244646
519,1776752043.8544989,145,4,1.0,person,0.99767785457214,1.0,0.2108918130397796,True,True,WRITING,0.9881976069439024
519,1776752043.8544989,16,7,1.0,person,0.85,1.0,0.2257880866527557,True,True,WRITING,0.97023565414406
519,1776752043.8544989,157,20,1.0,person,0.85,0.65,1.0,True,True,WRITING,0.7065476190476191
519,1776752043.8544989,167,3,1.0,person,0.7,0.65,1.0,True,False,,0.4530357142857142
519,1776752043.8544989,32,8,1.0,person,0.9245294165417458,0.75,0.261593222618103,False,False,,0.7180374342770803
521,1776752046.9634812,44,11,1.0,person,0.55,0.5,1.0,False,False,,0.7164167163485571
521,1776752046.9634812,53,12,1.0,person,0.7687892994546235,0.75,1.0,False,False,,0.7025905265326106
521,1776752046.9634812,33,9,1.0,person,0.7,0.7,0.2014625817537307,True,False,FOCUSED,0.9619867094357808
521,1776752046.9634812,146,2,1.0,person,0.85,1.0,0.344534695148468,True,True,WRITING,0.979248134862809
521,1776752046.9634812,145,4,1.0,person,0.9839575896314802,1.0,0.147008016705513,True,True,WRITING,0.9894607145161856
521,1776752046.9634812,16,7,1.0,person,0.85,1.0,0.2379371374845504,True,True,WRITING,0.9749213478394916
521,1776752046.9634812,157,20,1.0,person,0.85,1.0,1.0,True,True,WRITING,0.7736904761904763
521,1776752046.9634812,167,3,1.0,person,0.7,0.65,0.6766678094863892,True,False,,0.472797619047619
521,1776752046.9634812,32,8,1.0,person,0.938467926653311,0.75,0.1993044167757034,False,False,,0.7413784258422398
521,1776752046.9634812,184,8,0.866,person,0.85,0.65,0.0,True,True,WRITING,0.8357517227956227
521,1776752046.9634812,55,13,1.0,person,0.55,0.75,0.381365567445755,False,False,,0.6554079027402968
523,1776752050.5424733,53,12,1.0,person,0.8572786542915543,0.5,1.0,False,False,,0.6816100746159212
523,1776752050.5424733,33,9,1.0,person,0.85,0.85,0.3285135328769684,True,True,WRITING,0.9617170149371738
523,1776752050.5424733,146,2,1.0,person,0.85,1.0,0.4986958503723144,True,True,WRITING,0.9788995697384788
523,1776752050.5424733,145,4,1.0,person,0.976183230973534,1.0,0.1671780347824096,True,True,WRITING,0.9899648051886332
523,1776752050.5424733,16,7,1.0,person,0.85,1.0,0.1964244097471237,True,True,WRITING,0.9794993680147898
523,1776752050.5424733,157,20,1.0,person,0.85,1.0,0.7865462899208069,True,True,WRITING,0.8360644937129248
523,1776752050.5424733,167,3,1.0,person,0.7,0.65,0.3207936584949493,True,False,,0.5027804215749104
523,1776752050.5424733,32,8,1.0,person,0.5,0.5,0.2604854106903076,False,False,,0.7093597856305894
523,1776752050.5424733,184,8,1.0,person,0.7,0.65,0.9978330731391908,True,False,,0.7763672860747292
523,1776752050.5424733,55,13,1.0,person,0.85,0.85,0.5740324854850769,True,True,WRITING,0.7173898752246585
525,1776752053.6135275,53,12,1.0,person,0.8431914960131539,0.5,1.0,False,False,,0.6603337622309837
525,1776752053.6135275,33,9,1.0,person,0.7,0.7,0.2479526102542877,True,False,FOCUSED,0.954557421008746
525,1776752053.6135275,146,2,1.0,person,0.85,1.0,0.2468586862087249,True,True,WRITING,0.9803335049322672
525,1776752053.6135275,145,4,1.0,person,0.9932947864022256,1.0,0.1558351069688797,True,True,WRITING,0.9907396826006116
525,1776752053.6135275,16,7,1.0,person,0.85,1.0,0.3601099550724029,True,True,WRITING,0.982235027211053
525,1776752053.6135275,157,20,1.0,person,0.85,1.0,0.5015495419502258,True,True,WRITING,0.89413881338778
525,1776752053.6135275,167,3,1.0,person,0.5,0.5,0.3728722929954529,False,False,,0.4882593814531962
525,1776752053.6135275,32,8,1.0,person,0.8832652946513887,0.75,0.1752868443727493,False,False,,0.72539146173568
525,1776752053.6135275,184,8,1.0,person,0.7,0.65,0.4576756954193115,True,False,,0.7250476800827753
525,1776752053.6135275,188,20,1.0,person,0.5,0.5,0.0,False,False,,0.6000000000000001
525,1776752053.6135275,55,13,1.0,person,0.85,0.65,1.0,True,True,WRITING,0.7670566659314292
525,1776752053.6135275,191,5,0.799,person,0.5,0.5,0.0,False,False,,0.50232134946755
525,1776752053.6135275,44,11,1.0,person,0.5,0.5,1.0,False,False,,0.6424356058949515
527,1776752057.3114152,53,12,1.0,person,0.55,0.5,1.0,False,False,,0.6159803700966417
527,1776752057.3114152,33,9,1.0,person,0.85,0.85,0.1144155040383338,True,True,WRITING,0.956942400449798
527,1776752057.3114152,146,2,1.0,person,0.85,1.0,0.1768556535243988,True,True,WRITING,0.9825575259469804
527,1776752057.3114152,145,4,1.0,person,0.9875140655285176,1.0,0.1469257622957229,True,True,WRITING,0.9912955335208348
527,1776752057.3114152,16,7,1.0,person,0.85,1.0,0.363028734922409,True,True,WRITING,0.9828619155145828
527,1776752057.3114152,157,20,1.0,person,0.85,1.0,0.5358465909957886,True,True,WRITING,0.9450830029305956
527,1776752057.3114152,167,3,1.0,person,0.7,1.0,0.234357088804245,True,False,FOCUSED,0.580610171783538
527,1776752057.3114152,32,8,1.0,person,0.8833008263540352,0.75,0.5320643186569214,False,False,,0.7169563136619054
527,1776752057.3114152,184,8,1.0,person,0.7,0.65,0.7202249765396118,True,False,,0.6754271875676654
527,1776752057.3114152,188,20,0.796,person,0.5,0.5,0.7085037231445312,False,False,,0.4
527,1776752057.3114152,55,13,1.0,person,0.7,0.65,1.0,True,False,,0.7189668370144707
527,1776752057.3114152,191,5,1.0,person,0.5,0.5,1.0,False,False,,0.4720755284740812
527,1776752057.3114152,44,11,1.0,person,0.5,0.5,1.0,False,False,,0.5755357142857144
529,1776752061.0916212,53,12,0.967,person,0.5,0.5,1.0,False,False,,0.5643159634860232
529,1776752061.0916212,33,9,1.0,person,0.85,0.85,0.1124791130423545,True,True,WRITING,0.959171779836927
529,1776752061.0916212,146,2,1.0,person,0.85,1.0,0.2247752249240875,True,True,WRITING,0.983877236644427
529,1776752061.0916212,145,4,1.0,person,0.9902934970419384,1.0,0.123889110982418,True,True,WRITING,0.9918291902258284
529,1776752061.0916212,16,7,1.0,person,0.85,1.0,0.1456158608198166,True,True,WRITING,0.984820911572093
529,1776752061.0916212,157,20,1.0,person,0.85,1.0,0.4364596307277679,True,True,WRITING,0.953245803969247
529,1776752061.0916212,167,3,1.0,person,0.5,1.0,0.267689049243927,False,False,,0.61094835684413
529,1776752061.0916212,32,8,1.0,person,0.8934787331420868,0.75,0.158911257982254,False,False,,0.7239312428226649
529,1776752061.0916212,184,8,1.0,person,0.7,0.65,0.2859930396080017,True,False,FOCUSED,0.6925375850995382
529,1776752061.0916212,188,20,1.0,person,0.5,0.5,0.796356201171875,False,False,,0.4444444444444444
529,1776752061.0916212,55,13,0.967,person,0.5,0.3,1.0,False,False,,0.65894814204602
529,1776752061.0916212,191,5,0.957,person,0.85,0.65,1.0,True,True,WRITING,0.5311349855434327
529,1776752061.0916212,44,11,1.0,person,0.5,0.5,1.0,False,False,,0.5561309523809523
529,1776752061.0916212,127,18,0.985,person,0.55,0.5,0.8613321185112,False,False,,0.5565675604911077
531,1776752065.1961508,53,12,0.919,person,0.5,0.5,1.0,False,False,,0.5152100724865537
531,1776752065.1961508,33,9,1.0,person,0.85,0.85,0.1593137234449386,True,True,WRITING,0.9641869266827902
531,1776752065.1961508,146,2,1.0,person,0.85,1.0,0.1874341070652008,True,True,WRITING,0.9852707925296964
531,1776752065.1961508,145,4,1.0,person,0.9799590908968492,1.0,0.2045857459306717,True,True,WRITING,0.9917330954756056
531,1776752065.1961508,16,7,1.0,person,0.85,1.0,0.1570818722248077,True,True,WRITING,0.9866904793750672
531,1776752065.1961508,157,20,1.0,person,0.85,1.0,0.5299924612045288,True,True,WRITING,0.9598770577283132
531,1776752065.1961508,167,3,1.0,person,0.5,1.0,0.3053785562515259,False,False,,0.6308819513377689
531,1776752065.1961508,32,8,1.0,person,0.8829911149389347,0.75,0.3448111712932586,False,False,,0.7339243432881725
531,1776752065.1961508,184,8,1.0,person,0.7,0.65,0.5453311204910278,True,False,,0.6503419926904496
531,1776752065.1961508,188,20,0.964,person,0.5,0.5,0.9013724327087402,False,False,,0.4333333333333333
531,1776752065.1961508,55,13,0.765,person,0.5,0.5,1.0,False,False,,0.626663007196926
531,1776752065.1961508,191,5,1.0,person,0.85,0.65,0.9320188760757446,True,True,WRITING,0.5910427063987368
531,1776752065.1961508,44,11,1.0,person,0.5,0.5,1.0,False,False,,0.4985119047619048
531,1776752065.1961508,127,18,1.0,person,0.55,0.3,0.3212940394878387,False,False,,0.5289181214003336
533,1776752069.2958112,33,9,1.0,person,0.85,0.85,0.2610616087913513,True,True,WRITING,0.9647460639476776
533,1776752069.2958112,146,2,1.0,person,0.85,1.0,0.2467463314533233,True,True,WRITING,0.986345702693576
533,1776752069.2958112,145,4,1.0,person,0.9634685781103478,1.0,0.081052228808403,True,True,WRITING,0.9924925799880708
533,1776752069.2958112,16,7,1.0,person,0.85,1.0,0.1626737415790558,True,True,WRITING,0.9887421663318362
533,1776752069.2958112,157,20,1.0,person,0.85,1.0,0.4390079975128174,True,True,WRITING,0.966570079383396
533,1776752069.2958112,167,3,1.0,person,0.5,1.0,0.1919903457164764,False,False,,0.6453051400468462
533,1776752069.2958112,32,8,1.0,person,0.9102814569711416,0.75,0.4796692430973053,False,False,,0.7209573883115966
533,1776752069.2958112,184,8,1.0,person,0.7,0.65,0.3041182458400726,True,False,,0.6537051846867515
533,1776752069.2958112,188,20,0.989,person,0.5,0.5,0.7899846434593201,False,False,,0.4266666666666667
533,1776752069.2958112,191,5,1.0,person,0.85,1.0,0.612560510635376,True,True,WRITING,0.6695880462442126
533,1776752069.2958112,127,18,1.0,person,0.55,0.5,0.3839875161647796,False,False,,0.5081481947075752
535,1776752073.0965755,33,9,1.0,person,0.85,0.85,0.3710236549377441,True,True,WRITING,0.9643396336407888
535,1776752073.0965755,146,2,1.0,person,0.85,1.0,0.3652803599834442,True,True,WRITING,0.9860506043547675
535,1776752073.0965755,145,4,1.0,person,0.9755671832561112,1.0,0.142884150147438,True,True,WRITING,0.9927915909460612
535,1776752073.0965755,16,7,1.0,person,0.85,1.0,0.5325337648391724,True,True,WRITING,0.9862111629474732
535,1776752073.0965755,157,20,1.0,person,0.85,1.0,0.6749483942985535,True,True,WRITING,0.970546342361541
535,1776752073.0965755,167,3,1.0,person,0.55,1.0,0.339555948972702,False,False,,0.6525310478323982
535,1776752073.0965755,32,8,1.0,person,0.9198482437633756,0.75,1.0,False,False,,0.7103864422110377
535,1776752073.0965755,184,8,1.0,person,0.5,1.0,0.1567954570055008,False,False,,0.6664333202725365
535,1776752073.0965755,188,20,0.992,person,0.5,1.0,0.8873241543769836,False,False,,0.4555555555555556
535,1776752073.0965755,191,5,1.0,person,0.85,1.0,0.250956118106842,True,True,WRITING,0.7489518540529977
535,1776752073.0965755,127,18,1.0,person,0.55,0.5,1.0,False,False,,0.4885082936712674
537,1776752078.9564626,33,9,1.0,person,0.7,0.5,0.1648993194103241,True,False,FOCUSED,0.955855589452244
537,1776752078.9564626,146,2,1.0,person,0.85,1.0,0.4534031450748443,True,True,WRITING,0.984866528283982
537,1776752078.9564626,145,4,1.0,person,0.987233355530015,1.0,0.1847655177116394,True,True,WRITING,0.9924729480629876
537,1776752078.9564626,16,7,1.0,person,0.85,1.0,0.1769839525222778,True,True,WRITING,0.9868690513429188
537,1776752078.9564626,157,20,1.0,person,0.85,1.0,0.3819140791893005,True,True,WRITING,0.9738544083776928
537,1776752078.9564626,167,3,1.0,person,0.5,1.0,0.3494080901145935,False,False,,0.653812317394075
537,1776752078.9564626,32,8,1.0,person,0.55,1.0,1.0,False,False,,0.68038045847607
537,1776752078.9564626,184,8,1.0,person,0.55,0.5,0.9249361157417296,False,False,,0.6041706498463948
537,1776752078.9564626,188,20,1.0,person,0.5,0.3,1.0,False,False,,0.4338095238095237
537,1776752078.9564626,191,5,1.0,person,0.85,1.0,0.4576415121555328,True,True,WRITING,0.8166831310306276
539,1776752081.9069476,33,9,1.0,person,0.85,0.85,0.310716301202774,True,True,WRITING,0.9570269320408502
539,1776752081.9069476,146,2,1.0,person,0.85,1.0,0.4026537537574768,True,True,WRITING,0.9847207360324406
539,1776752081.9069476,145,4,1.0,person,0.9758299897679856,1.0,0.2716616988182068,True,True,WRITING,0.9915246800297782
539,1776752081.9069476,16,7,1.0,person,0.85,1.0,0.4793778955936432,True,True,WRITING,0.984822444972538
539,1776752081.9069476,157,20,1.0,person,0.85,1.0,0.6513060331344604,True,True,WRITING,0.973787302772204
539,1776752081.9069476,167,3,1.0,person,0.5,1.0,0.3892068862915039,False,False,,0.6465435270468394
539,1776752081.9069476,32,8,1.0,person,0.55,0.75,1.0,False,False,,0.6634905484914165
539,1776752081.9069476,184,8,1.0,person,0.55,0.5,0.4832791686058044,False,False,,0.5794512739351817
539,1776752081.9069476,188,20,1.0,person,0.55,0.5,1.0,False,False,,0.4329761904761904
539,1776752081.9069476,191,5,1.0,person,0.85,1.0,0.3763173222541809,True,True,WRITING,0.8782216616755439
541,1776752084.907586,33,9,1.0,person,0.85,0.85,0.3559822738170624,True,True,WRITING,0.9609229166167124
541,1776752084.907586,146,2,1.0,person,0.85,1.0,0.2732680439949035,True,True,WRITING,0.984696572735196
541,1776752084.907586,145,4,1.0,person,0.9944265282579337,1.0,0.1676532924175262,True,True,WRITING,0.9914648362568448
541,1776752084.907586,16,7,1.0,person,0.85,1.0,0.3805752396583557,True,True,WRITING,0.98435221186706
541,1776752084.907586,157,20,1.0,person,0.85,1.0,0.4594220519065857,True,True,WRITING,0.9742208832786196
541,1776752084.907586,167,3,1.0,person,0.85,1.0,0.2605788111686706,True,True,WRITING,0.716828387152581
541,1776752084.907586,32,8,1.0,person,0.5,0.5,1.0,False,False,,0.608404609524873
541,1776752084.907586,184,8,1.0,person,0.7,1.0,0.293780654668808,True,False,FOCUSED,0.6445901878816741
541,1776752084.907586,188,20,1.0,person,0.85,0.65,1.0,True,True,WRITING,0.5007738095238096
541,1776752084.907586,191,5,1.0,person,0.85,1.0,0.3762762546539306,True,True,WRITING,0.9185559571640832
543,1776752087.865951,33,9,1.0,person,0.85,0.85,1.0,True,True,WRITING,0.955072610122817
543,1776752087.865951,146,2,1.0,person,0.85,1.0,0.1766577363014221,True,True,WRITING,0.9852432118994848
543,1776752087.865951,145,4,1.0,person,0.986796904508742,1.0,0.1783992648124694,True,True,WRITING,0.9912906608411244
543,1776752087.865951,16,7,1.0,person,0.85,1.0,0.2380632609128952,True,True,WRITING,0.9850921900499432
543,1776752087.865951,157,20,1.0,person,0.85,1.0,0.4766078591346741,True,True,WRITING,0.9746086597442628
543,1776752087.865951,167,3,1.0,person,0.85,1.0,0.1557864993810653,True,True,WRITING,0.7445220791158222
543,1776752087.865951,32,8,1.0,person,0.5,0.5,1.0,False,False,,0.5673153715220193
543,1776752087.865951,184,8,1.0,person,0.85,1.0,0.7305079102516174,True,True,WRITING,0.7049928201664062
543,1776752087.865951,188,20,1.0,person,0.55,0.5,1.0,False,False,,0.4974404761904762
543,1776752087.865951,191,5,1.0,person,0.85,1.0,0.273390918970108,True,True,WRITING,0.9694954195760545
545,1776752091.0771985,33,9,1.0,person,0.55,0.3,1.0,False,False,,0.8547425188053221
545,1776752091.0771985,146,2,1.0,person,0.85,1.0,0.3096263408660888,True,True,WRITING,0.9848527901229404
545,1776752091.0771985,145,4,1.0,person,0.9992398626779768,1.0,0.1880442500114441,True,True,WRITING,0.9909725714297524
545,1776752091.0771985,16,7,1.0,person,0.85,1.0,0.2086690962314605,True,True,WRITING,0.9852262650217328
545,1776752091.0771985,157,20,1.0,person,0.85,1.0,0.4309267401695251,True,True,WRITING,0.974986895918846
545,1776752091.0771985,167,3,1.0,person,0.55,1.0,0.238116979598999,False,False,,0.7432376529489245
545,1776752091.0771985,32,8,1.0,person,0.5,0.5,1.0,False,False,,0.5192916549584515
545,1776752091.0771985,184,8,1.0,person,0.7,1.0,0.4558580815792084,True,False,,0.6845034941179412
545,1776752091.0771985,188,20,1.0,person,0.55,0.5,0.7331351041793823,False,False,,0.4938095238095237
545,1776752091.0771985,191,5,1.0,person,0.85,1.0,0.4217589497566223,True,True,WRITING,0.9754326442877452
547,1776752094.131008,33,9,1.0,person,0.55,1.0,1.0,False,False,,0.7968936960753941
547,1776752094.131008,146,2,1.0,person,0.85,1.0,0.2527036666870117,True,True,WRITING,0.9848538779077076
547,1776752094.131008,145,4,1.0,person,0.9876176376119477,1.0,0.2276043593883514,True,True,WRITING,0.9906511973767054
547,1776752094.131008,16,7,1.0,person,0.85,1.0,0.4601674973964691,True,True,WRITING,0.9833429909887768
547,1776752094.131008,157,20,1.0,person,0.85,1.0,0.2636772990226745,True,True,WRITING,0.9770896299963904
547,1776752094.131008,167,3,1.0,person,0.85,1.0,0.2813237011432647,True,True,WRITING,0.7936217309463592
547,1776752094.131008,32,8,1.0,person,0.5,0.5,1.0,False,False,,0.481813143613335
547,1776752094.131008,184,8,1.0,person,0.9922250689617657,0.85,0.8497923016548157,True,True,WRITING,0.7394045768181483
547,1776752094.131008,188,20,1.0,person,0.85,0.85,1.0,True,True,WRITING,0.5748809523809524
547,1776752094.131008,191,5,1.0,person,0.85,1.0,0.3127111494541168,True,True,WRITING,0.9812749510719664
549,1776752097.4890811,33,9,1.0,person,0.5,1.0,1.0,False,False,,0.7400277178911935
549,1776752097.4890811,146,2,1.0,person,0.85,1.0,0.4886645674705505,True,True,WRITING,0.983139299920627
549,1776752097.4890811,145,4,1.0,person,0.9993845742575338,1.0,0.2036209106445312,True,True,WRITING,0.9901022002810524
549,1776752097.4890811,16,7,1.0,person,0.85,1.0,0.2711046636104584,True,True,WRITING,0.9832356267032168
549,1776752097.4890811,157,20,1.0,person,0.85,1.0,0.3765086531639099,True,True,WRITING,0.9777686368851434
549,1776752097.4890811,167,3,1.0,person,0.85,1.0,0.2409383952617645,True,True,WRITING,0.8368397716964994
549,1776752097.4890811,32,8,1.0,person,0.5,0.5,1.0,False,False,,0.4511246292044264
549,1776752097.4890811,184,8,1.0,person,0.9787508759711664,1.0,0.480166345834732,True,True,WRITING,0.7895569880093847
549,1776752097.4890811,188,20,1.0,person,0.55,0.75,0.7452479600906372,False,False,,0.5770833333333333
549,1776752097.4890811,191,5,1.0,person,0.85,1.0,0.3936942219734192,True,True,WRITING,0.9820161724374408
551,1776752100.4931302,33,9,1.0,person,0.5,0.5,1.0,False,False,,0.6635776350044068
551,1776752100.4931302,146,2,1.0,person,0.85,1.0,0.3087771534919739,True,True,WRITING,0.983491125560942
551,1776752100.4931302,145,4,1.0,person,0.9930750998332788,1.0,0.0923687815666198,True,True,WRITING,0.99077408796265
551,1776752100.4931302,16,7,1.0,person,0.85,1.0,0.1748858988285064,True,True,WRITING,0.9853155541987646
551,1776752100.4931302,157,20,1.0,person,0.85,1.0,0.3743717074394226,True,True,WRITING,0.9792708974509012
551,1776752100.4931302,167,3,1.0,person,0.85,1.0,0.2104354351758957,True,True,WRITING,0.8789954398359571
551,1776752100.4931302,32,8,1.0,person,0.5,0.5,1.0,False,False,,0.4241071428571428
551,1776752100.4931302,184,8,1.0,person,0.85,1.0,0.085707888007164,True,True,WRITING,0.8342321055843717
551,1776752100.4931302,188,20,1.0,person,0.55,0.75,1.0,False,False,,0.5673809523809524
551,1776752100.4931302,191,5,1.0,person,0.85,1.0,0.3720486760139465,True,True,WRITING,0.9815160546983992
553,1776752103.3969803,33,9,1.0,person,0.5,1.0,1.0,False,False,,0.623974479550407
553,1776752103.3969803,146,2,1.0,person,0.85,1.0,0.2739754021167755,True,True,WRITING,0.98441405523391
553,1776752103.3969803,145,4,1.0,person,0.9787613308927572,1.0,0.1710575073957443,True,True,WRITING,0.9909097445862636
553,1776752103.3969803,16,7,1.0,person,0.85,1.0,0.0767792537808418,True,True,WRITING,0.9867303314663116
553,1776752103.3969803,157,20,1.0,person,0.85,1.0,0.252724826335907,True,True,WRITING,0.980561418192727
553,1776752103.3969803,167,3,1.0,person,0.85,1.0,0.1738301813602447,True,True,WRITING,0.9193531033538636
553,1776752103.3969803,32,8,1.0,person,0.5,0.5,1.0,False,False,,0.4083333333333334
553,1776752103.3969803,184,8,1.0,person,0.9955085365074566,1.0,0.2030001878738403,True,True,WRITING,0.8929923855548814
553,1776752103.3969803,188,20,1.0,person,0.55,0.75,0.5564717054367065,False,False,,0.5732738095238096
553,1776752103.3969803,191,5,1.0,person,0.85,1.0,0.2267058193683624,True,True,WRITING,0.983037367463112
555,1776752106.2929373,33,9,1.0,person,0.5,0.5,1.0,False,False,,0.5581595967497145
555,1776752106.2929373,146,2,1.0,person,0.85,1.0,0.2457088530063629,True,True,WRITING,0.9852844852776754
555,1776752106.2929373,145,4,1.0,person,0.972374253867466,1.0,0.0911482125520706,True,True,WRITING,0.9920134991407394
555,1776752106.2929373,16,7,1.0,person,0.85,1.0,0.225758284330368,True,True,WRITING,0.9879239485377356
555,1776752106.2929373,157,20,1.0,person,0.85,1.0,0.2825222611427307,True,True,WRITING,0.982488840108826
555,1776752106.2929373,167,3,1.0,person,0.85,1.0,0.2134215533733368,True,True,WRITING,0.9559813851401918
555,1776752106.2929373,32,8,1.0,person,0.5,0.5,1.0,False,False,,0.4000000000000001
555,1776752106.2929373,184,8,1.0,person,0.85,1.0,0.167469173669815,True,True,WRITING,0.9448466085536138
555,1776752106.2929373,188,20,1.0,person,0.55,0.75,0.5977544784545898,False,False,,0.5711904761904761
555,1776752106.2929373,191,5,1.0,person,0.85,1.0,0.2870894074440002,True,True,WRITING,0.9836275811706272
557,1776752109.6362224,33,9,1.0,person,0.5,0.5,0.7978636026382446,False,False,,0.4992857142857143
557,1776752109.6362224,146,2,1.0,person,0.85,1.0,0.2693015336990356,True,True,WRITING,0.98540279624008
557,1776752109.6362224,145,4,1.0,person,0.9705522893083288,1.0,0.1429401934146881,True,True,WRITING,0.9922067473332088
557,1776752109.6362224,16,7,1.0,person,0.85,1.0,0.4960691034793854,True,True,WRITING,0.9863611445540472
557,1776752109.6362224,157,20,1.0,person,0.85,1.0,0.544506311416626,True,True,WRITING,0.9813282489776612
557,1776752109.6362224,167,3,1.0,person,0.85,1.0,0.1810191571712494,True,True,WRITING,0.9601304687204816
557,1776752109.6362224,32,8,1.0,person,0.5,0.5,0.4699544012546539,False,False,,0.4020030399163564
557,1776752109.6362224,184,8,1.0,person,0.85,1.0,0.1754945665597915,True,True,WRITING,0.9515171916711896
557,1776752109.6362224,188,20,1.0,person,0.55,0.75,0.5190324783325195,False,False,,0.5332142857142858
557,1776752109.6362224,191,5,1.0,person,0.85,1.0,0.1859385222196579,True,True,WRITING,0.9850074570803414
559,1776752112.923906,33,9,1.0,person,0.5,0.5,0.9734390377998352,False,False,,0.4494642857142857
559,1776752112.923906,146,2,1.0,person,0.85,1.0,0.3108963370323181,True,True,WRITING,0.9848270870390392
559,1776752112.923906,145,4,1.0,person,0.9880946920533812,1.0,0.1815966516733169,True,True,WRITING,0.9921015288148608
559,1776752112.923906,16,7,1.0,person,0.85,1.0,0.314190149307251,True,True,WRITING,0.9858737708557218
559,1776752112.923906,157,20,1.0,person,0.85,1.0,0.4044825434684753,True,True,WRITING,0.9814465436197464
559,1776752112.923906,167,3,1.0,person,0.85,1.0,0.2678122520446777,True,True,WRITING,0.9631346606072926
559,1776752112.923906,32,8,1.0,person,0.5,0.5,0.4899529814720154,False,False,,0.4025297688586371
559,1776752112.923906,184,8,1.0,person,0.988384867368491,1.0,0.1466166526079177,True,True,WRITING,0.958641849103428
559,1776752112.923906,188,20,1.0,person,0.55,0.75,0.5330758094787598,False,False,,0.5351785714285714
559,1776752112.923906,191,5,1.0,person,0.85,1.0,0.2614306211471557,True,True,WRITING,0.9852774895372844
561,1776752116.031705,33,9,1.0,person,0.5,0.5,0.5540670156478882,False,False,,0.4467261904761905
561,1776752116.031705,146,2,1.0,person,0.85,1.0,0.3657264411449432,True,True,WRITING,0.9843492543413525
561,1776752116.031705,16,7,1.0,person,0.85,1.0,0.201115220785141,True,True,WRITING,0.986269019898914
561,1776752116.031705,157,20,1.0,person,0.85,1.0,0.2583228349685669,True,True,WRITING,0.9825767612173444
561,1776752116.031705,167,3,1.0,person,0.9494432386567904,1.0,0.2426114976406097,True,True,WRITING,0.9887339245705375
561,1776752116.031705,32,8,1.0,person,0.5,0.5,0.3284206688404083,False,False,,0.4137774755557378
561,1776752116.031705,184,8,1.0,person,0.9861518096039684,0.85,0.2645832300186157,True,True,WRITING,0.9830657414027624
561,1776752116.031705,188,20,1.0,person,0.55,0.75,0.4904875755310058,False,False,,0.5368841636180878
561,1776752116.031705,191,5,1.0,person,0.85,1.0,0.1575458645820617,True,True,WRITING,0.9869359958739506
563,1776752118.7135656,33,9,1.0,person,0.5,0.5,0.525321900844574,False,False,,0.4285714285714285
563,1776752118.7135656,146,2,1.0,person,0.85,1.0,0.5904830694198608,True,True,WRITING,0.9818285490785326
563,1776752118.7135656,16,7,1.0,person,0.85,1.0,0.1456966698169708,True,True,WRITING,0.9880198119651704
563,1776752118.7135656,157,20,1.0,person,0.85,1.0,0.4583350718021393,True,True,WRITING,0.9813401443617684
563,1776752118.7135656,167,3,1.0,person,0.9811077411187608,1.0,0.2292061597108841,True,True,WRITING,0.9889068149385
563,1776752118.7135656,32,8,1.0,person,0.5,0.5,0.2684073448181152,False,False,,0.4282090249515715
563,1776752118.7135656,184,8,1.0,person,0.9818756771846858,1.0,0.1829693764448166,True,True,WRITING,0.9874169407855896
563,1776752118.7135656,188,20,1.0,person,0.55,0.75,0.5332040786743164,False,False,,0.5005888662167958
563,1776752118.7135656,191,5,1.0,person,0.85,1.0,0.2348571568727493,True,True,WRITING,0.987403509162721
565,1776752121.4784114,33,9,1.0,person,0.5,0.5,0.4485756754875183,False,False,,0.4177140055667785
565,1776752121.4784114,146,2,1.0,person,0.85,1.0,0.782859206199646,True,True,WRITING,0.9787484868651344
565,1776752121.4784114,16,7,1.0,person,0.85,1.0,0.3101964592933655,True,True,WRITING,0.9875373542308808
565,1776752121.4784114,157,20,1.0,person,0.85,1.0,0.9065000414848328,True,True,WRITING,0.9768876575288318
565,1776752121.4784114,167,3,1.0,person,0.9861629603665444,1.0,0.159408688545227,True,True,WRITING,0.9894860897745404
565,1776752121.4784114,32,8,1.0,person,0.5,0.5,0.5035920143127441,False,False,,0.4260982407700448
565,1776752121.4784114,184,8,1.0,person,0.9737301891726308,0.85,0.3052431344985962,True,True,WRITING,0.9852821798551652
565,1776752121.4784114,188,20,1.0,person,0.55,0.75,0.3430312871932983,False,False,,0.5110081476824625
565,1776752121.4784114,191,5,1.0,person,0.85,1.0,0.2848296165466308,True,True,WRITING,0.987697470755804
567,1776752124.013553,33,9,1.0,person,0.5,0.5,0.3561458885669708,False,False,,0.4252736874279521
567,1776752124.013553,146,2,1.0,person,0.9418841709854816,1.0,0.8785191774368286,True,True,WRITING,0.974403910693668
567,1776752124.013553,16,7,1.0,person,0.85,1.0,0.1117166727781295,True,True,WRITING,0.9883885270073302
567,1776752124.013553,157,20,1.0,person,0.85,1.0,0.2259322851896286,True,True,WRITING,0.9784144099269596
567,1776752124.013553,167,3,1.0,person,0.9901452628971243,1.0,0.2709012627601623,True,True,WRITING,0.988978787547066
567,1776752124.013553,32,8,1.0,person,0.5,0.5,0.3869368433952331,False,False,,0.43152500135558
567,1776752124.013553,184,8,1.0,person,0.85,0.85,0.183375746011734,True,True,WRITING,0.9828286518653234
567,1776752124.013553,188,20,1.0,person,0.55,0.75,0.3236492276191711,False,False,,0.5219720985208239
567,1776752124.013553,191,5,1.0,person,0.85,1.0,0.1587931960821151,True,True,WRITING,0.9888996283213296
567,1776752124.013553,145,4,1.0,person,0.9941861040036588,1.0,0.1563737690448761,True,True,WRITING,0.9922428464605696
569,1776752126.837731,33,9,1.0,person,0.5,0.5,0.8044298887252808,False,False,,0.4118437899010522
569,1776752126.837731,146,2,1.0,person,0.8507344340557395,0.85,0.7081214785575867,True,True,WRITING,0.969194158202126
569,1776752126.837731,16,7,1.0,person,0.85,1.0,0.2931649088859558,True,True,WRITING,0.9873396470433188
569,1776752126.837731,157,20,1.0,person,0.85,1.0,0.2376845777034759,True,True,WRITING,0.9793204211053396
569,1776752126.837731,167,3,1.0,person,0.9956691151788516,1.0,0.149633377790451,True,True,WRITING,0.989387314234461
569,1776752126.837731,32,8,1.0,person,0.5,0.5,0.5534042716026306,False,False,,0.4288758211192631
569,1776752126.837731,184,8,1.0,person,0.85,0.85,0.2265432775020599,True,True,WRITING,0.980671008427938
569,1776752126.837731,188,20,1.0,person,0.55,0.75,0.7862542271614075,False,False,,0.5203395656176976
569,1776752126.837731,191,5,1.0,person,0.85,1.0,0.2637873589992523,True,True,WRITING,0.988580822235062
569,1776752126.837731,145,4,1.0,person,0.9762599544672704,1.0,0.3557509183883667,True,True,WRITING,0.9908451217980612
571,1776752129.5801556,33,9,1.0,person,0.5,0.5,0.4690749049186706,False,False,,0.4129755683598064
571,1776752129.5801556,146,2,1.0,person,0.85,0.85,0.6432520747184753,True,True,WRITING,0.9648610332182476
571,1776752129.5801556,16,7,1.0,person,0.85,1.0,0.4578238129615783,True,True,WRITING,0.9855794793083557
571,1776752129.5801556,157,20,1.0,person,0.85,1.0,0.2686746418476105,True,True,WRITING,0.9800656423682258
571,1776752129.5801556,167,3,1.0,person,0.9929540757715112,1.0,0.2139059007167816,True,True,WRITING,0.9893872255370728
571,1776752129.5801556,184,8,1.0,person,0.85,0.85,0.0898633152246475,True,True,WRITING,0.979718050786427
571,1776752129.5801556,188,20,1.0,person,0.55,0.75,0.2536415457725525,False,False,,0.5351309336367107
571,1776752129.5801556,191,5,1.0,person,0.85,1.0,0.1032282337546348,True,True,WRITING,0.9898377373105004
571,1776752129.5801556,145,4,1.0,person,0.9788837032098296,1.0,0.2037321031093597,True,True,WRITING,0.990704845814478
573,1776752132.2104352,33,9,1.0,person,0.5,0.5,0.470851331949234,False,False,,0.4138416547860418
573,1776752132.2104352,146,2,1.0,person,0.85,0.85,0.4455507695674896,True,True,WRITING,0.9626748838594984
573,1776752132.2104352,16,7,1.0,person,0.85,1.0,0.2021711766719818,True,True,WRITING,0.9870532800753912
573,1776752132.2104352,157,20,1.0,person,0.85,1.0,0.1432101428508758,True,True,WRITING,0.982783812852133
573,1776752132.2104352,167,3,1.0,person,0.9802467239320952,1.0,0.1740539819002151,True,True,WRITING,0.98960381036713
573,1776752132.2104352,184,8,1.0,person,0.85,0.85,0.2085964679718017,True,True,WRITING,0.9779366843757176
573,1776752132.2104352,188,20,1.0,person,0.55,0.75,0.2290597856044769,False,False,,0.5503879459131332
573,1776752132.2104352,191,5,1.0,person,0.85,1.0,0.0790603086352348,True,True,WRITING,0.9908253543433688
573,1776752132.2104352,145,4,1.0,person,0.9846090738124944,1.0,0.1480238735675811,True,True,WRITING,0.9906315377780368
573,1776752132.2104352,32,8,1.0,person,0.5,0.5,0.6279693841934204,False,False,,0.4262266408829462
575,1776752135.0005274,33,9,1.0,person,0.5,0.5,0.3944523334503174,False,False,,0.4196622044557617
575,1776752135.0005274,146,2,1.0,person,0.85,0.85,0.332739382982254,True,True,WRITING,0.9618608618066424
575,1776752135.0005274,16,7,1.0,person,0.85,1.0,0.367299884557724,True,True,WRITING,0.986326502192588
575,1776752135.0005274,157,20,1.0,person,0.85,1.0,0.2704319655895233,True,True,WRITING,0.9837028561603456
575,1776752135.0005274,167,3,1.0,person,0.9705427753098406,1.0,0.0673798620700836,True,True,WRITING,0.9910151766879216
575,1776752135.0005274,184,8,1.0,person,0.9725022712753472,0.85,0.0931343287229538,True,True,WRITING,0.9772126433395204
575,1776752135.0005274,188,20,1.0,person,0.55,0.75,0.6680856943130493,False,False,,0.5462920857327325
575,1776752135.0005274,191,5,1.0,person,0.85,1.0,0.2223823070526123,True,True,WRITING,0.9908246185098376
575,1776752135.0005274,145,4,1.0,person,0.9713429874802452,1.0,0.0857964605093002,True,True,WRITING,0.9913909499134336
575,1776752135.0005274,32,8,1.0,person,0.5,0.5,0.3603720963001251,False,False,,0.4320275428749267
577,1776752137.8286605,33,9,1.0,person,0.5,0.5,0.6849783062934875,False,False,,0.4179436329574812
577,1776752137.8286605,146,2,1.0,person,0.85,0.85,0.556897759437561,True,True,WRITING,0.9595662454764048
577,1776752137.8286605,16,7,1.0,person,0.85,1.0,0.1327823102474212,True,True,WRITING,0.9871818160726912
577,1776752137.8286605,157,20,1.0,person,0.85,1.0,0.2362109422683715,True,True,WRITING,0.984305285272144
577,1776752137.8286605,167,3,1.0,person,0.9833877256038736,1.0,0.2206240445375442,True,True,WRITING,0.9909401997214272
577,1776752137.8286605,184,8,1.0,person,0.9849912593707092,0.85,0.2035997658967971,True,True,WRITING,0.9772075336603891
577,1776752137.8286605,188,20,1.0,person,0.55,0.75,0.2506069839000702,False,False,,0.558550640231087
577,1776752137.8286605,191,5,1.0,person,0.85,1.0,0.1720592379570007,True,True,WRITING,0.9908489804892312
577,1776752137.8286605,145,4,1.0,person,0.9539857409038648,1.0,0.108129858970642,True,True,WRITING,0.9916281146662574
577,1776752137.8286605,32,8,1.0,person,0.5,0.5,0.503290057182312,False,False,,0.4285694835441453
579,1776752140.6235497,33,9,1.0,person,0.5,0.5,0.6136284470558167,False,False,,0.4162250614592007
579,1776752140.6235497,146,2,1.0,person,0.85,0.85,0.6525291800498962,True,True,WRITING,0.9575697687410172
579,1776752140.6235497,16,7,1.0,person,0.85,1.0,0.0567382462322711,True,True,WRITING,0.9884322264364788
579,1776752140.6235497,157,20,1.0,person,0.85,1.0,0.2558428049087524,True,True,WRITING,0.9854452794506438
579,1776752140.6235497,167,3,1.0,person,0.990608994752586,1.0,0.0833339691162109,False,False,,0.986304610967636
579,1776752140.6235497,184,8,1.0,person,0.85,0.85,0.2513135075569153,True,True,WRITING,0.9754056043568112
579,1776752140.6235497,188,20,1.0,person,0.55,0.75,0.6355446577072144,False,False,,0.5533124918029423
579,1776752140.6235497,191,5,1.0,person,0.85,1.0,0.2351443469524383,True,True,WRITING,0.9906323828867504
579,1776752140.6235497,145,4,1.0,person,0.9551014761561372,1.0,0.1098396778106689,True,True,WRITING,0.99204611210596
579,1776752140.6235497,32,8,1.0,person,0.5,0.5,0.8652857542037964,False,False,,0.4205440583683195
581,1776752143.3565464,33,9,1.0,person,0.5,0.5,0.5219562649726868,False,False,,0.4130372222690355
581,1776752143.3565464,146,2,1.0,person,0.85,0.85,0.7271380424499512,True,True,WRITING,0.9558541079362234
581,1776752143.3565464,16,7,1.0,person,0.85,1.0,0.0784315690398216,True,True,WRITING,0.9900364166214354
581,1776752143.3565464,157,20,1.0,person,0.85,1.0,0.2713541090488434,True,True,WRITING,0.9879360787925268
581,1776752143.3565464,167,3,1.0,person,0.9988018447505518,1.0,0.0620967373251915,False,False,,0.9838345923594068
581,1776752143.3565464,184,8,1.0,person,0.85,0.85,0.1458126604557037,True,True,WRITING,0.9762102166811624
581,1776752143.3565464,188,20,1.0,person,0.55,0.75,0.579522967338562,False,False,,0.5435895238603864
581,1776752143.3565464,191,5,1.0,person,0.85,1.0,0.1217954009771347,True,True,WRITING,0.99153900430316
581,1776752143.3565464,145,4,1.0,person,0.9470993527966438,1.0,0.1351967751979828,True,True,WRITING,0.9923711454584484
583,1776752145.887208,33,9,1.0,person,0.5,0.5,0.7404409646987915,False,False,,0.4074534112498873
583,1776752145.887208,146,2,1.0,person,0.85,0.85,0.4364255964756012,True,True,WRITING,0.957048107470785
583,1776752145.887208,16,7,1.0,person,0.85,1.0,0.1938680410385131,True,True,WRITING,0.989831825097402
583,1776752145.887208,157,20,1.0,person,0.85,1.0,0.1767637282609939,True,True,WRITING,0.988406465167091
583,1776752145.887208,167,3,1.0,person,0.9987936308217178,1.0,0.0804190263152122,True,True,WRITING,0.9855401707547052
583,1776752145.887208,184,8,1.0,person,0.9639867978500524,0.85,0.5126019716262817,True,True,WRITING,0.9734281124103638
583,1776752145.887208,188,20,1.0,person,0.55,1.0,0.4558347165584564,False,False,,0.5495046001105082
583,1776752145.887208,191,5,1.0,person,0.85,1.0,0.4064601361751556,True,True,WRITING,0.9895262462752208
583,1776752145.887208,145,4,1.0,person,0.9587777901461606,1.0,0.0430664271116256,True,True,WRITING,0.9933462384201232
585,1776752148.435526,146,2,1.0,person,0.85,1.0,0.3226566910743713,True,True,WRITING,0.9620684598173416
585,1776752148.435526,16,7,1.0,person,0.85,1.0,0.2491489350795745,True,True,WRITING,0.9898634787116732
585,1776752148.435526,157,20,1.0,person,0.85,1.0,0.1333114206790924,True,True,WRITING,0.989251652643794
585,1776752148.435526,167,3,1.0,person,0.9987412535859336,1.0,0.1480635702610016,False,False,,0.9773936406487512
585,1776752148.435526,184,8,1.0,person,0.9861577084858664,0.85,0.4485850930213928,True,True,WRITING,0.9715296150673002
585,1776752148.435526,188,20,1.0,person,0.55,0.75,0.4795879423618316,False,False,,0.5461113232941854
585,1776752148.435526,191,5,1.0,person,0.85,1.0,0.2534837126731872,True,True,WRITING,0.989310690334865
585,1776752148.435526,145,4,1.0,person,0.9571101184193012,1.0,0.1033875197172164,True,True,WRITING,0.9944632734571184
587,1776752150.8267698,146,2,1.0,person,0.85,0.85,0.1194443255662918,True,True,WRITING,0.9656425579672768
587,1776752150.8267698,16,7,1.0,person,0.85,1.0,0.3209540247917175,True,True,WRITING,0.9898586294480732
587,1776752150.8267698,157,20,1.0,person,0.85,1.0,0.2303215563297271,True,True,WRITING,0.9893369774023693
587,1776752150.8267698,167,3,1.0,person,0.9999651056108476,1.0,0.0861023515462875,True,True,WRITING,0.979358415518488
587,1776752150.8267698,184,8,1.0,person,0.980877354638652,0.75,0.2441135197877884,True,False,FOCUSED,0.9689446467356978
587,1776752150.8267698,188,20,1.0,person,0.55,1.0,0.4172007441520691,False,False,,0.5522411721093313
587,1776752150.8267698,191,5,1.0,person,0.85,1.0,0.3649428784847259,True,True,WRITING,0.987586755837713
587,1776752150.8267698,145,4,1.0,person,0.9598546567881086,1.0,0.1454049050807953,True,True,WRITING,0.9945370185942876
589,1776752153.2105052,146,2,1.0,person,0.85,0.85,0.2107103168964386,True,True,WRITING,0.9674382337502068
589,1776752153.2105052,16,7,1.0,person,0.85,1.0,0.1134033650159835,True,True,WRITING,0.9905888523374284
589,1776752153.2105052,157,20,1.0,person,0.85,1.0,0.115813985466957,True,True,WRITING,0.989905617066792
589,1776752153.2105052,167,3,1.0,person,0.9872676181495118,1.0,0.0686277598142623,True,True,WRITING,0.98125040885948
589,1776752153.2105052,184,8,1.0,person,0.9763378016648332,0.85,0.2217609584331512,True,True,WRITING,0.9692415602311958
589,1776752153.2105052,188,20,1.0,person,0.55,1.0,0.2107195407152176,False,False,,0.5713200980708713
589,1776752153.2105052,191,5,1.0,person,0.85,1.0,0.1474910378456115,True,True,WRITING,0.9877443824495588
589,1776752153.2105052,145,4,1.0,person,0.964683276964319,1.0,0.196501538157463,True,True,WRITING,0.99395128375008
591,1776752155.6687984,146,2,1.0,person,0.85,0.85,0.2270530462265014,True,True,WRITING,0.9685550395931516
591,1776752155.6687984,16,7,1.0,person,0.85,1.0,0.2566993534564972,True,True,WRITING,0.9906618531261172
591,1776752155.6687984,157,20,1.0,person,0.85,1.0,0.0949110835790634,True,True,WRITING,0.9910865057082404
591,1776752155.6687984,167,3,1.0,person,0.9829909532621596,1.0,0.1386472433805465,False,False,,0.9726099960860752
591,1776752155.6687984,184,8,1.0,person,0.9651542376307208,0.85,0.0738851726055145,True,True,WRITING,0.9703662396172238
591,1776752155.6687984,188,20,1.0,person,0.55,0.75,0.1658505350351333,False,False,,0.587651252746582
591,1776752155.6687984,191,5,1.0,person,0.85,1.0,0.0990857705473899,True,True,WRITING,0.9888579895099004
591,1776752155.6687984,145,4,1.0,person,0.9605522980890824,1.0,0.0970037728548049,True,True,WRITING,0.9940013147535778
593,1776752158.021384,146,2,1.0,person,0.85,0.85,0.1641783416271209,True,True,WRITING,0.9709334586347852
593,1776752158.021384,16,7,1.0,person,0.85,1.0,0.1262774616479873,True,True,WRITING,0.990918306367738
593,1776752158.021384,157,20,1.0,person,0.85,1.0,0.1644940078258514,True,True,WRITING,0.9914608342306952
593,1776752158.021384,167,3,1.0,person,0.971175520362504,1.0,0.0732035562396049,True,True,WRITING,0.975288783510526
593,1776752158.021384,184,8,1.0,person,0.9842934137932884,0.85,0.090166188776493,True,True,WRITING,0.9717383102101296
593,1776752158.021384,188,20,1.0,person,0.55,0.75,0.2295324355363845,False,False,,0.5910202456372126
593,1776752158.021384,191,5,1.0,person,0.85,1.0,0.165907084941864,True,True,WRITING,0.989161634019443
593,1776752158.021384,145,4,1.0,person,0.9596083360080592,1.0,0.0615700595080852,True,True,WRITING,0.9944330574501128
595,1776752160.3973906,146,2,1.0,person,0.85,0.85,0.1450216323137283,True,True,WRITING,0.9735792960439408
595,1776752160.3973906,16,7,1.0,person,0.85,1.0,0.1500447541475296,True,True,WRITING,0.9907012368951524
595,1776752160.3973906,157,20,1.0,person,0.85,1.0,0.2400805652141571,True,True,WRITING,0.9912327088060832
595,1776752160.3973906,167,3,1.0,person,0.9960390780065128,1.0,0.1711297184228897,True,True,WRITING,0.9789921925181436
595,1776752160.3973906,184,8,1.0,person,0.85,0.85,0.1055677309632301,True,True,WRITING,0.9730849175568714
595,1776752160.3973906,188,20,1.0,person,0.55,0.75,0.2307354211807251,False,False,,0.6013341993093491
595,1776752160.3973906,191,5,1.0,person,0.85,1.0,0.1149765849113464,True,True,WRITING,0.9901113368216016
595,1776752160.3973906,145,4,1.0,person,0.9650717591311848,1.0,0.0957486182451248,True,True,WRITING,0.9945583705391202
597,1776752162.858645,146,2,1.0,person,0.85,0.85,0.142012819647789,True,True,WRITING,0.9762145820118132
597,1776752162.858645,16,7,1.0,person,0.85,1.0,0.3332868218421936,True,True,WRITING,0.9890901687599364
597,1776752162.858645,157,20,1.0,person,0.85,1.0,0.1440432667732238,True,True,WRITING,0.9918509061847416
597,1776752162.858645,167,3,1.0,person,0.996874355044647,1.0,0.098379410803318,True,True,WRITING,0.9820516073987596
597,1776752162.858645,184,8,1.0,person,0.9920599494096184,1.0,0.1145086511969566,True,True,WRITING,0.9763934770676728
597,1776752162.858645,188,20,1.0,person,0.55,1.0,0.1559700667858123,False,False,,0.6278502976610547
597,1776752162.858645,191,5,1.0,person,0.85,1.0,0.2063811719417572,True,True,WRITING,0.9898229958046052
597,1776752162.858645,145,4,1.0,person,0.9628687564567038,1.0,0.1178749054670333,True,True,WRITING,0.994581474434762
599,1776752165.242283,146,2,1.0,person,0.85,0.85,0.2630809247493744,True,True,WRITING,0.9764544190395448
599,1776752165.242283,16,7,1.0,person,0.85,1.0,0.325380265712738,True,True,WRITING,0.9881089556784856
599,1776752165.242283,157,20,1.0,person,0.85,1.0,0.2090849876403808,True,True,WRITING,0.9915134864194052
599,1776752165.242283,167,3,1.0,person,0.9969760383982996,1.0,0.0705643519759178,True,True,WRITING,0.983568773383186
599,1776752165.242283,184,8,1.0,person,0.85,0.85,0.0848720669746398,True,True,WRITING,0.9785617670832822
599,1776752165.242283,188,20,1.0,person,0.55,1.0,0.2918083369731903,False,False,,0.6361604120050158
599,1776752165.242283,191,5,1.0,person,0.85,1.0,0.2690675258636474,True,True,WRITING,0.9900792773280824
599,1776752165.242283,145,4,1.0,person,0.9604721849656604,1.0,0.0852580443024635,True,True,WRITING,0.9945370356241862
601,1776752167.636202,146,2,1.0,person,0.85,0.85,0.2576094269752502,True,True,WRITING,0.9751589184715632
601,1776752167.636202,16,7,1.0,person,0.85,1.0,0.3960164189338684,True,True,WRITING,0.9868148245981762
601,1776752167.636202,157,20,1.0,person,0.85,1.0,0.1756581366062164,True,True,WRITING,0.9913186728954316
601,1776752167.636202,167,3,1.0,person,0.9783042718689384,1.0,0.0439888015389442,True,True,WRITING,0.9892896598293668
601,1776752167.636202,184,8,1.0,person,0.9853184720178628,0.85,0.2732328772544861,True,True,WRITING,0.9786771468277466
601,1776752167.636202,188,20,1.0,person,0.55,1.0,0.2054744511842727,False,False,,0.6554808460530781
601,1776752167.636202,191,5,1.0,person,0.85,1.0,0.2218326032161712,True,True,WRITING,0.9901010514724824
601,1776752167.636202,145,4,1.0,person,0.9701173777345244,1.0,0.0565885193645954,True,True,WRITING,0.9949720587049212
603,1776752170.0891218,146,2,1.0,person,0.85,0.85,0.1846354752779007,True,True,WRITING,0.9749570559887658
603,1776752170.0891218,16,7,1.0,person,0.85,1.0,0.1603715121746063,True,True,WRITING,0.9878282639242354
603,1776752170.0891218,157,20,1.0,person,0.85,1.0,0.1675015389919281,True,True,WRITING,0.9915634996834256
603,1776752170.0891218,167,3,1.0,person,0.9748016048550736,1.0,0.1199386715888977,True,True,WRITING,0.9897234319221404
603,1776752170.0891218,184,8,1.0,person,0.991175697293892,0.85,0.1090065687894821,True,True,WRITING,0.9801983450140273
603,1776752170.0891218,188,20,1.0,person,0.55,1.0,0.1590520739555359,False,False,,0.6685583108947389
603,1776752170.0891218,191,5,1.0,person,0.85,1.0,0.3341371119022369,True,True,WRITING,0.9895661785489036
603,1776752170.0891218,145,4,1.0,person,0.9601037170540984,1.0,0.1147326454520225,True,True,WRITING,0.9950447522458576
603,1776752170.0891218,33,9,1.0,person,0.5,0.5,1.0,False,False,,0.4066647372785068
605,1776752172.867916,146,2,1.0,person,0.85,0.85,0.1814811378717422,True,True,WRITING,0.9751462361642292
605,1776752172.867916,16,7,1.0,person,0.85,1.0,0.5075563788414001,True,True,WRITING,0.985111667286782
605,1776752172.867916,157,20,1.0,person,0.85,1.0,0.1709644049406051,True,True,WRITING,0.9913331192164194
605,1776752172.867916,167,3,1.0,person,0.9803524932932624,1.0,0.098571166396141,True,True,WRITING,0.99029299332982
605,1776752172.867916,184,8,1.0,person,0.85,0.85,0.1919118911027908,True,True,WRITING,0.9798511997574852
605,1776752172.867916,188,20,1.0,person,0.55,1.0,0.2486096322536468,False,False,,0.6685365246874945
605,1776752172.867916,191,5,1.0,person,0.85,1.0,0.1857577860355377,True,True,WRITING,0.9894728575434004
605,1776752172.867916,145,4,1.0,person,0.9730669552907338,1.0,0.0507295429706573,True,True,WRITING,0.9958150386810304
605,1776752172.867916,33,9,1.0,person,0.5,0.5,0.1643165647983551,False,False,,0.4273713855516343
607,1776752175.524022,146,2,1.0,person,0.85,0.85,0.1005425602197647,True,True,WRITING,0.9760508799836748
607,1776752175.524022,16,7,1.0,person,0.85,0.85,0.2080527991056442,True,True,WRITING,0.9831373123895554
607,1776752175.524022,157,20,1.0,person,0.85,1.0,0.2703803479671478,True,True,WRITING,0.9902324470735732
607,1776752175.524022,167,3,1.0,person,0.9981791450004684,1.0,0.1285540610551834,True,True,WRITING,0.9949542425927662
607,1776752175.524022,184,8,1.0,person,0.85,0.85,0.2029840052127838,True,True,WRITING,0.9788658924046016
607,1776752175.524022,188,20,1.0,person,0.55,1.0,0.3622010946273803,False,False,,0.6651975767953054
607,1776752175.524022,191,5,1.0,person,0.85,1.0,0.225413516163826,True,True,WRITING,0.9888989669936042
607,1776752175.524022,145,4,1.0,person,0.9618454032749808,1.0,0.0712231025099754,True,True,WRITING,0.9959724282934552
607,1776752175.524022,33,9,1.0,person,0.5,0.5,0.1500781923532486,False,False,,0.4476267830246971
609,1776752178.1805496,146,2,1.0,person,0.85,0.85,0.1219172030687332,True,True,WRITING,0.9764775392555056
609,1776752178.1805496,16,7,1.0,person,0.85,1.0,0.2445168197154998,True,True,WRITING,0.9830429128238132
609,1776752178.1805496,157,20,1.0,person,0.85,1.0,0.1529912054538726,True,True,WRITING,0.9904629857767194
609,1776752178.1805496,167,3,1.0,person,0.9884670604066144,1.0,0.1000324934720993,True,True,WRITING,0.9948608442431404
609,1776752178.1805496,184,8,1.0,person,0.85,0.85,0.242842748761177,True,True,WRITING,0.9776834270783832
609,1776752178.1805496,188,20,1.0,person,0.55,1.0,0.3032215237617492,False,False,,0.6676522266297112
609,1776752178.1805496,191,5,1.0,person,0.85,1.0,0.2435557395219802,True,True,WRITING,0.9884877332619258
609,1776752178.1805496,145,4,1.0,person,0.9753325693448092,1.0,0.0423806942999362,True,True,WRITING,0.9962282684587296
611,1776752180.56451,146,2,1.0,person,0.85,0.85,0.1229682564735412,True,True,WRITING,0.976801873672576
611,1776752180.56451,16,7,1.0,person,0.85,1.0,0.1365486979484558,True,True,WRITING,0.9840035119227002
611,1776752180.56451,157,20,1.0,person,0.85,1.0,0.2414328604936599,True,True,WRITING,0.9902196051109404
611,1776752180.56451,167,3,1.0,person,0.99552532798103,1.0,0.095474787056446,True,True,WRITING,0.9951711382184708
611,1776752180.56451,184,8,1.0,person,0.952218366381682,0.85,0.3892781138420105,True,True,WRITING,0.975426551131975
611,1776752180.56451,188,20,1.0,person,0.55,1.0,0.1503497511148452,False,False,,0.6797907409213838
611,1776752180.56451,191,5,1.0,person,0.85,1.0,0.203529953956604,True,True,WRITING,0.9882743748880568
611,1776752180.56451,145,4,1.0,person,0.9649178843093028,1.0,0.045053631067276,True,True,WRITING,0.9965724803152538
613,1776752182.9908023,146,2,1.0,person,0.85,0.85,0.1313904970884323,True,True,WRITING,0.9770321406069256
613,1776752182.9908023,16,7,1.0,person,0.85,1.0,0.2021194398403167,True,True,WRITING,0.9850640956844602
613,1776752182.9908023,157,20,1.0,person,0.85,1.0,0.2640710473060608,True,True,WRITING,0.9894453904458456
613,1776752182.9908023,167,3,1.0,person,0.9867626655614496,1.0,0.1011691838502883,True,True,WRITING,0.9951291233301164
613,1776752182.9908023,184,8,1.0,person,0.9339925264932338,0.85,0.1953916400671005,True,True,WRITING,0.9739147665954772
613,1776752182.9908023,188,20,1.0,person,0.55,1.0,0.2207926958799362,False,False,,0.6784641132468269
613,1776752182.9908023,191,5,1.0,person,0.85,1.0,0.1835753917694091,True,True,WRITING,0.9886064657143184
613,1776752182.9908023,145,4,1.0,person,0.9599783088112196,1.0,0.0992790013551712,True,True,WRITING,0.99651366685118
615,1776752185.422554,146,2,1.0,person,0.85,0.85,0.0816543847322464,True,True,WRITING,0.9781029408886318
615,1776752185.422554,16,7,1.0,person,0.85,0.85,0.3390495777130127,True,True,WRITING,0.9823772793724422
615,1776752185.422554,157,20,1.0,person,0.85,1.0,0.0908044874668121,True,True,WRITING,0.9904188059625172
615,1776752185.422554,167,3,1.0,person,0.9866622618583628,1.0,0.0577569529414176,True,True,WRITING,0.9953511995928628
615,1776752185.422554,184,8,1.0,person,0.9624114005791926,0.85,0.2753942906856537,True,True,WRITING,0.9729285928465072
615,1776752185.422554,188,20,1.0,person,0.55,1.0,0.1436780095100402,False,False,,0.6864682478564127
615,1776752185.422554,191,5,1.0,person,0.55,1.0,0.2263617217540741,False,False,,0.9380878664198375
615,1776752185.422554,145,4,1.0,person,0.96293486277776,1.0,0.0953714400529861,True,True,WRITING,0.9963598492599668
617,1776752187.8075583,146,2,1.0,person,0.85,0.85,0.1293117254972458,True,True,WRITING,0.978649066317649
617,1776752187.8075583,16,7,1.0,person,0.85,1.0,0.2953814268112182,True,True,WRITING,0.982993347304208
617,1776752187.8075583,157,20,1.0,person,0.85,1.0,0.3444753289222717,True,True,WRITING,0.989088508344832
617,1776752187.8075583,167,3,1.0,person,0.9964939659050585,1.0,0.1418834030628204,True,True,WRITING,0.9947696803581146
617,1776752187.8075583,184,8,1.0,person,0.9503877562873332,0.85,0.1228085532784462,True,True,WRITING,0.9740000906444732
617,1776752187.8075583,188,20,1.0,person,0.55,1.0,0.2364756762981414,False,False,,0.6851138018426441
617,1776752187.8075583,191,5,1.0,person,0.55,1.0,0.1727499663829803,False,False,,0.8945710219088054
617,1776752187.8075583,145,4,1.0,person,0.9664238996096814,1.0,0.1515941321849823,True,True,WRITING,0.9956411371628444
619,1776752190.2063086,146,2,1.0,person,0.85,0.85,0.102406695485115,True,True,WRITING,0.9790824155012766
619,1776752190.2063086,16,7,1.0,person,0.85,1.0,0.1573443859815597,True,True,WRITING,0.9838582355351676
619,1776752190.2063086,157,20,1.0,person,0.85,1.0,0.2052933424711227,True,True,WRITING,0.9889894142037344
619,1776752190.2063086,167,3,1.0,person,0.9897089454307816,1.0,0.0689004734158515,True,True,WRITING,0.9951258755865552
619,1776752190.2063086,184,8,1.0,person,0.9484377287292008,0.85,0.1853500306606292,True,True,WRITING,0.9738743546463194
619,1776752190.2063086,188,20,1.0,person,0.55,1.0,0.2426215708255767,False,False,,0.6821708963030861
619,1776752190.2063086,191,5,1.0,person,0.55,1.0,0.1588149219751358,False,False,,0.8557534203642891
619,1776752190.2063086,145,4,1.0,person,0.9450164261659244,1.0,0.1211059466004371,True,True,WRITING,0.995440709448996
621,1776752192.6029284,146,2,1.0,person,0.85,0.85,0.1897321492433548,True,True,WRITING,0.9787278402419318
621,1776752192.6029284,16,7,1.0,person,0.85,0.85,0.3066803812980652,True,True,WRITING,0.9822168009621756
621,1776752192.6029284,157,20,1.0,person,0.85,1.0,0.238682746887207,True,True,WRITING,0.988646938687279
621,1776752192.6029284,167,3,1.0,person,0.9757946864394588,1.0,0.1507832109928131,True,True,WRITING,0.9946930259466172
621,1776752192.6029284,184,8,1.0,person,0.9990035308695236,0.85,0.1636484563350677,True,True,WRITING,0.9742710015603474
621,1776752192.6029284,188,20,1.0,person,0.55,0.75,0.3910311162471771,False,False,,0.6597907685098194
621,1776752192.6029284,191,5,1.0,person,0.55,1.0,0.0946804657578468,False,False,,0.8239174520685558
621,1776752192.6029284,145,4,1.0,person,0.951971551971622,1.0,0.0669042244553566,True,True,WRITING,0.9954671653963272
623,1776752195.0007324,146,2,1.0,person,0.85,0.85,0.1604970246553421,True,True,WRITING,0.978332730276244
623,1776752195.0007324,16,7,1.0,person,0.85,0.85,0.5884805917739868,True,True,WRITING,0.9782878004369282
623,1776752195.0007324,157,20,1.0,person,0.85,1.0,0.1636438369750976,True,True,WRITING,0.989325150137856
623,1776752195.0007324,167,3,1.0,person,0.999256621771412,1.0,0.0747136995196342,True,True,WRITING,0.9950322395279296
623,1776752195.0007324,184,8,1.0,person,0.992763111114849,0.85,0.0927888602018356,True,True,WRITING,0.9752808610598246
623,1776752195.0007324,188,20,1.0,person,0.55,0.75,0.3413447439670563,False,False,,0.6455395824852445
623,1776752195.0007324,191,5,1.0,person,0.55,1.0,0.1603937149047851,False,False,,0.7908610921530496
623,1776752195.0007324,145,4,1.0,person,0.9765230849076064,1.0,0.0827188044786453,True,True,WRITING,0.995444653999238
625,1776752197.3976836,146,2,1.0,person,0.85,0.85,0.1311455965042114,True,True,WRITING,0.9782942462535132
625,1776752197.3976836,16,7,1.0,person,0.85,1.0,0.3458245396614074,True,True,WRITING,0.9781661799975804
625,1776752197.3976836,157,20,1.0,person,0.85,1.0,0.2418739050626754,True,True,WRITING,0.9888686615796316
625,1776752197.3976836,167,3,1.0,person,0.9707029921060067,1.0,0.1057494729757309,True,True,WRITING,0.9949789210444404
625,1776752197.3976836,184,8,1.0,person,0.9894619461057744,0.85,0.0544934794306755,True,True,WRITING,0.9766865997087386
625,1776752197.3976836,188,20,1.0,person,0.55,0.75,0.2883605062961578,False,False,,0.633929098645846
625,1776752197.3976836,191,5,1.0,person,0.55,1.0,0.1110765188932418,False,False,,0.764465515102659
625,1776752197.3976836,145,4,1.0,person,0.9614868147649724,1.0,0.1025943979620933,True,True,WRITING,0.9951603490681876
627,1776752199.7737894,146,2,1.0,person,0.85,0.85,0.1976460069417953,True,True,WRITING,0.9777108317329772
627,1776752199.7737894,16,7,1.0,person,0.85,1.0,0.6386123895645142,True,True,WRITING,0.9752793659766515
627,1776752199.7737894,157,20,1.0,person,0.85,1.0,0.1521585881710052,True,True,WRITING,0.9895285772425788
627,1776752199.7737894,167,3,1.0,person,0.9329369383195408,1.0,0.178923413157463,True,True,WRITING,0.99430293909141
627,1776752199.7737894,184,8,1.0,person,0.9881415741354728,0.85,0.0734847337007522,True,True,WRITING,0.978344949938002
627,1776752199.7737894,188,20,1.0,person,0.55,0.75,0.3461397886276245,False,False,,0.6149209801639829
627,1776752199.7737894,191,5,1.0,person,0.55,1.0,0.1551117748022079,False,False,,0.7380538447981788
627,1776752199.7737894,145,4,1.0,person,0.9568643244394248,1.0,0.0881248489022255,True,True,WRITING,0.995042011141777
629,1776752202.1925774,146,2,1.0,person,0.85,0.85,0.215567260980606,True,True,WRITING,0.9770526126736688
629,1776752202.1925774,16,7,1.0,person,0.85,1.0,0.9346160888671876,True,True,WRITING,0.9704588786477136
629,1776752202.1925774,157,20,1.0,person,0.85,1.0,0.3449955284595489,True,True,WRITING,0.9886092316536677
629,1776752202.1925774,167,3,1.0,person,0.85,1.0,0.1735137999057769,True,True,WRITING,0.993742048030808
629,1776752202.1925774,184,8,1.0,person,0.993383917874598,0.85,0.1098716109991073,True,True,WRITING,0.978819661197208
629,1776752202.1925774,188,20,1.0,person,0.55,0.75,0.3111923336982727,False,False,,0.6020805459646952
629,1776752202.1925774,191,5,1.0,person,0.55,1.0,0.1536907851696014,False,False,,0.7149616855950582
629,1776752202.1925774,145,4,1.0,person,0.9552346145768956,1.0,0.0882853269577026,True,True,WRITING,0.99514163959594
631,1776752204.5626,146,2,1.0,person,0.85,0.85,0.1360772401094436,True,True,WRITING,0.9769292842774164
631,1776752204.5626,16,7,1.0,person,0.85,1.0,0.3445633053779602,True,True,WRITING,0.9725519730931236
631,1776752204.5626,157,20,1.0,person,0.85,1.0,0.5103622674942017,True,True,WRITING,0.9857411845808935
631,1776752204.5626,167,3,1.0,person,0.85,1.0,0.1745449304580688,True,True,WRITING,0.9930605817408787
631,1776752204.5626,184,8,1.0,person,0.85,0.85,0.139335885643959,True,True,WRITING,0.9792836492969876
631,1776752204.5626,188,20,1.0,person,0.55,0.75,0.2383314818143844,False,False,,0.5932175524178006
631,1776752204.5626,191,5,1.0,person,0.55,1.0,0.1122704148292541,False,False,,0.7198153251693361
631,1776752204.5626,145,4,1.0,person,0.9575782989820586,1.0,0.0840386971831321,True,True,WRITING,0.9952561578580312
633,1776752206.9395032,146,2,1.0,person,0.85,0.85,0.1357785910367965,True,True,WRITING,0.977011039143517
633,1776752206.9395032,16,7,1.0,person,0.85,1.0,0.1315413564443588,True,True,WRITING,0.975017575990586
633,1776752206.9395032,157,20,1.0,person,0.85,1.0,0.3573777973651886,True,True,WRITING,0.9853037177097228
633,1776752206.9395032,167,3,1.0,person,0.85,1.0,0.0718057006597518,True,True,WRITING,0.993605247565678
633,1776752206.9395032,184,8,1.0,person,0.9815155970815236,0.85,0.1318679749965667,True,True,WRITING,0.9791839392412276
633,1776752206.9395032,188,20,1.0,person,0.55,0.75,0.1646936535835266,False,False,,0.5932586980717524
633,1776752206.9395032,191,5,1.0,person,0.55,1.0,0.1939781904220581,False,False,,0.7171467265912465
633,1776752206.9395032,145,4,1.0,person,0.9610448667051376,1.0,0.102887824177742,True,True,WRITING,0.9954076473202024
635,1776752209.308247,146,2,1.0,person,0.85,0.85,0.2447661459445953,True,True,WRITING,0.9760923264991672
635,1776752209.308247,16,7,1.0,person,0.85,1.0,0.145466074347496,True,True,WRITING,0.9767766247193018
635,1776752209.308247,157,20,1.0,person,0.85,1.0,0.34836345911026,True,True,WRITING,0.9844519652071452
635,1776752209.308247,167,3,1.0,person,0.85,1.0,0.1691459715366363,True,True,WRITING,0.993036375159309
635,1776752209.308247,184,8,1.0,person,0.981752193284558,0.85,0.0557215325534343,True,True,WRITING,0.9799475322167078
635,1776752209.308247,188,20,1.0,person,0.55,0.75,0.2054559886455536,False,False,,0.5913089861472448
635,1776752209.308247,191,5,1.0,person,0.55,1.0,0.2303519695997238,False,False,,0.711756142831984
635,1776752209.308247,145,4,1.0,person,0.9715959603251728,1.0,0.093061938881874,True,True,WRITING,0.9955031424760818
637,1776752211.6744704,146,2,1.0,person,0.85,0.85,0.1318347305059433,True,True,WRITING,0.976511326574144
637,1776752211.6744704,16,7,1.0,person,0.85,1.0,0.1006232276558876,True,True,WRITING,0.980507064433325
637,1776752211.6744704,157,20,1.0,person,0.85,1.0,0.6126382350921631,True,True,WRITING,0.9816023388079236
637,1776752211.6744704,167,3,1.0,person,0.85,1.0,0.1212676167488098,True,True,WRITING,0.9932185936541784
637,1776752211.6744704,184,8,1.0,person,0.9959682753970596,1.0,0.1549560874700546,True,True,WRITING,0.9822295010089874
637,1776752211.6744704,188,20,1.0,person,0.55,0.5,0.1332581341266632,False,False,,0.591985760700135
637,1776752211.6744704,191,5,1.0,person,0.55,1.0,0.1661262512207031,False,False,,0.7091555233512605
637,1776752211.6744704,145,4,1.0,person,0.968732232002522,1.0,0.0599738880991935,True,True,WRITING,0.9956641012714024
639,1776752214.032425,146,2,1.0,person,0.85,0.85,0.2212614566087722,True,True,WRITING,0.9760462265639076
639,1776752214.032425,16,7,1.0,person,0.85,1.0,0.4616774916648865,True,True,WRITING,0.9819339300904956
639,1776752214.032425,157,20,1.0,person,0.85,1.0,0.3400612771511078,True,True,WRITING,0.9809787826878684
639,1776752214.032425,167,3,1.0,person,0.85,1.0,0.1262318938970565,True,True,WRITING,0.9930702043431148
639,1776752214.032425,184,8,1.0,person,0.85,0.85,0.1509746611118316,True,True,WRITING,0.9816078387555622
639,1776752214.032425,188,20,1.0,person,0.55,0.75,0.4131417870521545,False,False,,0.584749385714531
639,1776752214.032425,191,5,1.0,person,0.85,1.0,0.1456663608551025,True,True,WRITING,0.7561338373592922
639,1776752214.032425,145,4,1.0,person,0.9647557977991976,1.0,0.0590858086943626,True,True,WRITING,0.9958848151422682
641,1776752216.422516,146,2,1.0,person,0.85,0.85,0.1317148506641388,True,True,WRITING,0.976258688739368
641,1776752216.422516,16,7,1.0,person,0.85,1.0,0.9130057096481324,True,True,WRITING,0.9774076150996344
641,1776752216.422516,157,20,1.0,person,0.55,1.0,0.3598148822784424,False,False,,0.9220858074369884
641,1776752216.422516,167,3,1.0,person,0.85,1.0,0.1284497827291488,True,True,WRITING,0.993044831923076
641,1776752216.422516,184,8,1.0,person,0.85,1.0,0.0480733886361122,True,True,WRITING,0.9842415537152972
641,1776752216.422516,188,20,1.0,person,0.55,0.5,0.7833993434906006,False,False,,0.5580505105711165
641,1776752216.422516,191,5,1.0,person,0.85,1.0,0.1702305674552917,True,True,WRITING,0.7981427418334143
641,1776752216.422516,145,4,1.0,person,0.9646517993295812,1.0,0.1248578876256942,True,True,WRITING,0.9956143420367014
643,1776752218.7722163,146,2,1.0,person,0.85,0.85,0.132934883236885,True,True,WRITING,0.9766988307237624
643,1776752218.7722163,16,7,1.0,person,0.85,1.0,0.3026220500469208,True,True,WRITING,0.9793511089824496
643,1776752218.7722163,157,20,1.0,person,0.85,1.0,0.7597646117210388,True,True,WRITING,0.9222767125992548
643,1776752218.7722163,167,3,1.0,person,0.85,1.0,0.0477738156914711,True,True,WRITING,0.9939666092395782
643,1776752218.7722163,184,8,1.0,person,0.85,1.0,0.1053431630134582,True,True,WRITING,0.9862834569953736
643,1776752218.7722163,188,20,1.0,person,0.55,0.5,0.1890314221382141,False,False,,0.5556343825090498
643,1776752218.7722163,191,5,1.0,person,0.85,1.0,0.1620393544435501,True,True,WRITING,0.8383718714827584
643,1776752218.7722163,145,4,1.0,person,0.957035231327793,1.0,0.0498722866177558,True,True,WRITING,0.9959303289651872
645,1776752221.1447904,146,2,1.0,person,0.85,0.85,0.1258208602666854,True,True,WRITING,0.9772237432854516
645,1776752221.1447904,16,7,1.0,person,0.85,1.0,0.3291684985160827,True,True,WRITING,0.9819305425598508
645,1776752221.1447904,157,20,1.0,person,0.85,1.0,0.4219074249267578,True,True,WRITING,0.9263334650368916
645,1776752221.1447904,167,3,1.0,person,0.85,1.0,0.0808997526764869,True,True,WRITING,0.9945149521032968
645,1776752221.1447904,184,8,1.0,person,0.9851867575509632,1.0,0.0612360835075378,True,True,WRITING,0.9886632547492074
645,1776752221.1447904,188,20,1.0,person,0.55,0.5,0.4085838794708252,False,False,,0.5377276402144205
645,1776752221.1447904,191,5,1.0,person,0.85,1.0,0.1267147064208984,True,True,WRITING,0.8755340327819189
645,1776752221.1447904,145,4,1.0,person,0.9435742783725096,1.0,0.096903882920742,True,True,WRITING,0.9958321863696687
647,1776752223.527241,146,2,1.0,person,0.85,0.85,0.2100414037704467,True,True,WRITING,0.97670949782644
647,1776752223.527241,16,7,1.0,person,0.85,1.0,0.4378702640533447,True,True,WRITING,0.9811364185242424
647,1776752223.527241,157,20,1.0,person,0.85,1.0,0.2862193584442138,True,True,WRITING,0.9321573355368206
647,1776752223.527241,167,3,1.0,person,0.85,1.0,0.0857846289873123,True,True,WRITING,0.99497114050956
647,1776752223.527241,184,8,1.0,person,0.972658490885048,0.85,0.1433041840791702,True,True,WRITING,0.9877568724609556
647,1776752223.527241,188,20,1.0,person,0.55,0.5,0.269986629486084,False,False,,0.5283356080452601
647,1776752223.527241,191,5,1.0,person,0.85,1.0,0.1646931320428848,True,True,WRITING,0.9078612590119952
647,1776752223.527241,145,4,1.0,person,0.9657979131277256,1.0,0.1041250452399253,True,True,WRITING,0.995663828083447
649,1776752226.1338334,146,2,1.0,person,0.85,0.85,0.0902570039033889,True,True,WRITING,0.9772364234640484
649,1776752226.1338334,16,7,1.0,person,0.85,0.85,0.1728442162275314,True,True,WRITING,0.9793455934240706
649,1776752226.1338334,157,20,1.0,person,0.85,1.0,0.1967938542366027,True,True,WRITING,0.938046620005653
649,1776752226.1338334,167,3,1.0,person,0.85,1.0,0.0666601806879043,True,True,WRITING,0.9951669424772264
649,1776752226.1338334,184,8,1.0,person,0.9635485217047016,0.85,0.0685324370861053,True,True,WRITING,0.9874492755958012
649,1776752226.1338334,188,20,1.0,person,0.55,0.5,0.3645967245101928,False,False,,0.5115758904388973
649,1776752226.1338334,191,5,1.0,person,0.85,1.0,0.1370570212602615,True,True,WRITING,0.93963813214075
649,1776752226.1338334,145,4,1.0,person,0.9749044674896878,1.0,0.0879632979631424,True,True,WRITING,0.9957094320229122
651,1776752228.514408,146,2,1.0,person,0.85,0.85,0.1273203194141388,True,True,WRITING,0.9778166306870324
651,1776752228.514408,16,7,1.0,person,0.85,1.0,0.6183191537857056,True,True,WRITING,0.9765953570604324
651,1776752228.514408,157,20,1.0,person,0.85,1.0,0.2552680969238281,True,True,WRITING,0.9433208405971528
651,1776752228.514408,167,3,1.0,person,0.85,1.0,0.0290242042392492,True,True,WRITING,0.996020965632938
651,1776752228.514408,184,8,1.0,person,0.85,1.0,0.0573980882763862,True,True,WRITING,0.9894248105230784
651,1776752228.514408,188,20,1.0,person,0.55,0.5,0.5362297296524048,False,False,,0.4887987030403954
651,1776752228.514408,191,5,1.0,person,0.85,1.0,0.1884811818599701,True,True,WRITING,0.9685050263291312
651,1776752228.514408,145,4,1.0,person,0.9704111887897544,1.0,0.1152351722121238,True,True,WRITING,0.9954837950922194
653,1776752230.858502,146,2,1.0,person,0.85,0.85,0.1245179176330566,True,True,WRITING,0.977946956952413
653,1776752230.858502,16,7,1.0,person,0.85,1.0,0.3944424986839294,True,True,WRITING,0.9758320628177553
653,1776752230.858502,157,20,1.0,person,0.85,1.0,0.27100670337677,True,True,WRITING,0.9493523325238908
653,1776752230.858502,167,3,1.0,person,0.85,1.0,0.0803197249770164,True,True,WRITING,0.9961931251344228
653,1776752230.858502,184,8,1.0,person,0.85,0.85,0.0943950414657592,True,True,WRITING,0.9876974508875892
653,1776752230.858502,188,20,1.0,person,0.55,0.5,0.3768627941608429,False,False,,0.4798204585200263
653,1776752230.858502,191,5,1.0,person,0.85,1.0,0.0457005575299263,True,True,WRITING,0.9930634413446698
653,1776752230.858502,145,4,1.0,person,0.9797496316646266,1.0,0.0621718093752861,True,True,WRITING,0.9955953728585016
655,1776752233.219554,146,2,1.0,person,0.85,1.0,0.2115730941295623,True,True,WRITING,0.9801668404113678
655,1776752233.219554,16,7,1.0,person,0.85,0.85,0.5293925404548645,True,True,WRITING,0.972908561428388
655,1776752233.219554,157,20,1.0,person,0.85,1.0,0.5391078591346741,True,True,WRITING,0.951972803189641
655,1776752233.219554,167,3,1.0,person,0.85,1.0,0.0842019021511077,True,True,WRITING,0.996326283330009
655,1776752233.219554,184,8,1.0,person,0.7,0.75,0.0362801551818847,True,False,FOCUSED,0.979206441328639
655,1776752233.219554,188,20,1.0,person,0.55,0.5,0.1166969537734985,False,False,,0.4919861535231272
655,1776752233.219554,191,5,1.0,person,0.85,1.0,0.0827879309654235,True,True,WRITING,0.9935726956242606
655,1776752233.219554,145,4,1.0,person,0.9689608093993912,1.0,0.0560600161552429,True,True,WRITING,0.995756019439016
657,1776752235.562622,146,2,1.0,person,0.85,1.0,0.381411463022232,True,True,WRITING,0.9804672648509344
657,1776752235.562622,16,7,1.0,person,0.85,1.0,0.16574028134346,True,True,WRITING,0.977346263471104
657,1776752235.562622,157,20,1.0,person,0.85,1.0,0.4822105765342712,True,True,WRITING,0.9803232515142076
657,1776752235.562622,167,3,1.0,person,0.85,1.0,0.0871014818549156,True,True,WRITING,0.9964181873060408
657,1776752235.562622,184,8,1.0,person,0.7,0.75,0.0734677538275718,True,False,FOCUSED,0.969811633115723
657,1776752235.562622,188,20,1.0,person,0.55,0.5,0.3204763531684875,False,False,,0.4978865823575429
657,1776752235.562622,191,5,1.0,person,0.85,1.0,0.1256712526082992,True,True,WRITING,0.9937748923188164
657,1776752235.562622,145,4,1.0,person,0.9700154599704108,1.0,0.1565921604633331,True,True,WRITING,0.9953120038622902
659,1776752237.9273596,146,2,1.0,person,0.85,1.0,0.3159818947315216,True,True,WRITING,0.981287345290184
659,1776752237.9273596,16,7,1.0,person,0.85,1.0,0.1682924926280975,True,True,WRITING,0.9791379535482042
659,1776752237.9273596,157,20,1.0,person,0.85,1.0,0.2480534017086029,True,True,WRITING,0.9828816609723228
659,1776752237.9273596,167,3,1.0,person,0.85,1.0,0.1664003431797027,True,True,WRITING,0.9955365232058933
659,1776752237.9273596,184,8,1.0,person,0.85,0.85,0.1468258798122406,True,True,WRITING,0.9689227626437232
659,1776752237.9273596,188,20,1.0,person,0.55,0.5,0.3269981443881988,False,False,,0.4936125321047646
659,1776752237.9273596,191,5,1.0,person,0.85,1.0,0.1375493705272674,True,True,WRITING,0.9938223291011083
659,1776752237.9273596,145,4,1.0,person,0.9714042709919752,1.0,0.1822002232074737,True,True,WRITING,0.994405664858364
661,1776752240.4899106,146,2,1.0,person,0.85,1.0,0.400844395160675,True,True,WRITING,0.9813052132016136
661,1776752240.4899106,16,7,1.0,person,0.85,0.85,0.155659332871437,True,True,WRITING,0.978549769236928
661,1776752240.4899106,157,20,1.0,person,0.85,1.0,0.1142211779952049,True,True,WRITING,0.9850441103889828
661,1776752240.4899106,167,3,1.0,person,0.85,1.0,0.051877461373806,True,True,WRITING,0.9957981365067616
661,1776752240.4899106,184,8,1.0,person,0.9756852140207144,0.85,0.1165195852518081,True,True,WRITING,0.9683321885835556
661,1776752240.4899106,188,20,1.0,person,0.55,0.75,0.2412764728069305,False,False,,0.5144831674439567
661,1776752240.4899106,191,5,1.0,person,0.85,1.0,0.1921757161617279,True,True,WRITING,0.993273806004297
661,1776752240.4899106,145,4,1.0,person,0.9427813657726398,1.0,0.0700214058160781,True,True,WRITING,0.9946808921439306
663,1776752243.92021,146,2,1.0,person,0.85,1.0,0.9926120638847352,True,True,WRITING,0.9766776050840104
663,1776752243.92021,16,7,1.0,person,0.85,1.0,0.292592853307724,True,True,WRITING,0.9797839813289188
663,1776752243.92021,157,20,1.0,person,0.85,1.0,0.2395763397216797,True,True,WRITING,0.9854941893191564
663,1776752243.92021,167,3,1.0,person,0.85,1.0,0.1101798415184021,True,True,WRITING,0.9955740641979944
663,1776752243.92021,184,8,1.0,person,0.85,0.85,0.1280007064342498,True,True,WRITING,0.9692219419990268
663,1776752243.92021,188,20,1.0,person,0.55,0.5,0.2087980210781097,False,False,,0.5193695499783471
663,1776752243.92021,191,5,1.0,person,0.85,1.0,0.1371082961559295,True,True,WRITING,0.993358783069111
663,1776752243.92021,145,4,1.0,person,0.9450422484676092,1.0,0.0933037474751472,True,True,WRITING,0.9947718864395506
665,1776752246.8596966,146,2,1.0,person,0.85,1.0,1.0,True,True,WRITING,0.9718478781836372
665,1776752246.8596966,16,7,1.0,person,0.85,0.85,0.0996366292238235,True,True,WRITING,0.9801646016892932
665,1776752246.8596966,157,20,1.0,person,0.85,1.0,0.2249157875776291,True,True,WRITING,0.9857192997421536
665,1776752246.8596966,167,3,1.0,person,0.85,1.0,0.0980944037437439,True,True,WRITING,0.9953969220320384
665,1776752246.8596966,184,8,1.0,person,0.9703558068355722,0.85,0.3488045334815979,True,True,WRITING,0.9679955098458698
665,1776752246.8596966,188,20,1.0,person,0.55,0.5,0.1598595380783081,False,False,,0.5299302755367188
665,1776752246.8596966,191,5,1.0,person,0.85,1.0,0.0977997630834579,True,True,WRITING,0.9936562066986446
665,1776752246.8596966,145,4,1.0,person,0.9508248503180152,1.0,0.0844466090202331,True,True,WRITING,0.9948725267535165
667,1776752249.3681808,146,2,1.0,person,0.85,1.0,0.6190266609191895,True,True,WRITING,0.9706882427136104
667,1776752249.3681808,16,7,1.0,person,0.85,1.0,0.3923641741275787,True,True,WRITING,0.9810818008014134
667,1776752249.3681808,157,20,1.0,person,0.85,1.0,0.231034517288208,True,True,WRITING,0.9861189950080144
667,1776752249.3681808,167,3,1.0,person,0.85,1.0,0.1669664680957794,True,True,WRITING,0.994530140644028
667,1776752249.3681808,184,8,1.0,person,0.85,0.85,0.1367263048887252,True,True,WRITING,0.9675920319273358
667,1776752249.3681808,188,20,1.0,person,0.55,0.75,0.3472975194454193,False,False,,0.5433888605662754
667,1776752249.3681808,191,5,1.0,person,0.85,1.0,0.3865476250648498,True,True,WRITING,0.9917076925436656
667,1776752249.3681808,145,4,1.0,person,0.9634102290556658,1.0,0.2780797481536865,True,True,WRITING,0.9934548650469098
669,1776752251.850949,146,2,1.0,person,0.85,1.0,0.4180848598480224,True,True,WRITING,0.9713072219065256
669,1776752251.850949,16,7,1.0,person,0.85,1.0,0.4419731199741363,True,True,WRITING,0.980651536867732
669,1776752251.850949,157,20,1.0,person,0.85,1.0,0.3873050212860107,True,True,WRITING,0.9852582202071236
669,1776752251.850949,167,3,1.0,person,0.85,1.0,0.1984147578477859,True,True,WRITING,0.9936665956463132
669,1776752251.850949,184,8,1.0,person,0.85,1.0,0.1723637729883194,True,True,WRITING,0.9708209306001662
669,1776752251.850949,188,20,1.0,person,0.55,0.75,0.1959659308195114,False,False,,0.5617979977812085
669,1776752251.850949,191,5,1.0,person,0.85,1.0,0.4195097386837005,True,True,WRITING,0.9890924663770768
669,1776752251.850949,145,4,1.0,person,0.9743852213437748,1.0,0.2125674486160278,True,True,WRITING,0.9924905548493068
671,1776752254.304313,146,2,1.0,person,0.85,1.0,0.4840665757656097,True,True,WRITING,0.9706120066699526
671,1776752254.304313,16,7,1.0,person,0.85,1.0,0.2301857471466064,True,True,WRITING,0.9835678488016129
671,1776752254.304313,157,20,1.0,person,0.85,1.0,0.2702049016952514,True,True,WRITING,0.986400013878232
671,1776752254.304313,167,3,1.0,person,0.9176430269048176,1.0,0.2724973559379577,True,True,WRITING,0.9922698572987604
671,1776752254.304313,184,8,1.0,person,0.7,1.0,0.2038154304027557,True,False,FOCUSED,0.9737669078509013
671,1776752254.304313,188,20,1.0,person,0.55,0.75,0.492133766412735,False,False,,0.5512750311976387
671,1776752254.304313,191,5,1.0,person,0.85,1.0,0.5307229161262512,True,True,WRITING,0.9859054166646232
671,1776752254.304313,145,4,1.0,person,0.9818768568726544,1.0,0.2375055998563766,True,True,WRITING,0.9913861261946814
673,1776752256.7806156,146,2,1.0,person,0.85,1.0,0.676082968711853,True,True,WRITING,0.9690854159139451
673,1776752256.7806156,16,7,1.0,person,0.85,1.0,1.0,True,True,WRITING,0.9773421860876538
673,1776752256.7806156,157,20,1.0,person,0.85,1.0,0.5181959271430969,True,True,WRITING,0.9851119482801072
673,1776752256.7806156,167,3,1.0,person,0.9570002338985694,1.0,0.2553498148918152,True,True,WRITING,0.9911384561232158
673,1776752256.7806156,184,8,1.0,person,0.85,0.85,0.3016394376754761,True,True,WRITING,0.9762527919667108
673,1776752256.7806156,188,20,1.0,person,0.55,0.75,0.1746385246515274,False,False,,0.568635623369898
673,1776752256.7806156,191,5,1.0,person,0.85,1.0,0.2289235889911651,True,True,WRITING,0.9856531471014024
673,1776752256.7806156,145,4,1.0,person,0.961118261005068,1.0,0.3111984431743622,True,True,WRITING,0.9901346351419176
675,1776752259.2219656,146,2,1.0,person,0.85,1.0,0.7420278787612915,True,True,WRITING,0.9669510145982104
675,1776752259.2219656,16,7,1.0,person,0.85,1.0,0.1594589203596115,True,True,WRITING,0.9786267291931878
675,1776752259.2219656,157,20,1.0,person,0.85,1.0,0.3044797778129577,True,True,WRITING,0.9847899902434576
675,1776752259.2219656,167,3,1.0,person,0.9840643604727076,1.0,0.1774816662073135,True,True,WRITING,0.991039310182844
675,1776752259.2219656,184,8,1.0,person,0.9951975770366936,1.0,0.298442393541336,True,False,FOCUSED,0.9800012270876834
675,1776752259.2219656,188,20,1.0,person,0.55,0.75,0.2212451696395874,False,False,,0.5814881189948037
675,1776752259.2219656,191,5,1.0,person,0.85,1.0,0.3330050706863403,True,True,WRITING,0.984637411577361
675,1776752259.2219656,145,4,1.0,person,0.967253719660845,1.0,0.1626045852899551,True,True,WRITING,0.9903049071629842
675,1776752259.2219656,249,8,0.907,person,0.5,0.5,0.0,False,False,,0.4449543451269468
677,1776752261.850328,146,2,1.0,person,0.85,1.0,0.422513484954834,True,True,WRITING,0.9680359119460696
677,1776752261.850328,16,7,1.0,person,0.85,1.0,0.2550133764743805,True,True,WRITING,0.9801360371566954
677,1776752261.850328,157,20,1.0,person,0.85,1.0,0.5830216407775879,True,True,WRITING,0.9817024660961968
677,1776752261.850328,167,3,1.0,person,0.9911869362383364,1.0,0.1716072559356689,True,True,WRITING,0.9905867044414792
677,1776752261.850328,184,8,1.0,person,0.9981529641458196,0.75,0.2025549858808517,True,False,FOCUSED,0.9771804300653992
677,1776752261.850328,188,20,1.0,person,0.55,0.75,0.2271742820739746,False,False,,0.5847425631114415
677,1776752261.850328,191,5,1.0,person,0.85,1.0,0.3222951889038086,True,True,WRITING,0.9840223611820312
677,1776752261.850328,145,4,1.0,person,0.9900911780006684,1.0,0.1637868881225586,True,True,WRITING,0.9900530193533216
677,1776752261.850328,255,9,0.874,person,0.5,0.5,0.0,False,False,,0.4741770727293832
677,1776752261.850328,249,8,0.964,person,0.5,0.5,1.0,False,False,,0.4413701018407232
679,1776752264.8065605,146,2,1.0,person,0.85,1.0,0.3406454920768738,True,True,WRITING,0.9719293993143808
679,1776752264.8065605,16,7,1.0,person,0.85,1.0,0.9558326601982116,True,True,WRITING,0.975103370632444
679,1776752264.8065605,157,20,1.0,person,0.85,1.0,0.2698456048965454,True,True,WRITING,0.981951483658382
679,1776752264.8065605,167,3,1.0,person,0.9992042918284746,1.0,0.2428590059280395,True,True,WRITING,0.9898198296626408
679,1776752264.8065605,184,8,1.0,person,0.85,0.85,0.3091674745082855,True,True,WRITING,0.975805721325402
679,1776752264.8065605,188,20,1.0,person,0.55,0.75,0.2059356272220611,False,False,,0.5937749594449997
679,1776752264.8065605,191,5,1.0,person,0.85,1.0,0.2669212520122528,True,True,WRITING,0.9837495422079447
679,1776752264.8065605,145,4,1.0,person,0.9853445016114556,1.0,0.1445342898368835,True,True,WRITING,0.9901005434138432
679,1776752264.8065605,255,9,1.0,person,0.5,0.5,1.0,False,False,,0.4685313332648504
681,1776752267.6309922,146,2,1.0,person,0.85,1.0,0.2260894328355789,True,True,WRITING,0.976415821484157
681,1776752267.6309922,16,7,1.0,person,0.85,1.0,0.6407737135887146,True,True,WRITING,0.9734732806682588
681,1776752267.6309922,157,20,1.0,person,0.85,1.0,0.4029928743839264,True,True,WRITING,0.9810566000995182
681,1776752267.6309922,167,3,1.0,person,0.9957504374580748,1.0,0.2207134664058685,False,False,,0.9760442319370451
681,1776752267.6309922,184,8,1.0,person,0.9567138513766624,0.75,0.2574058175086975,True,False,FOCUSED,0.9734323992822386
681,1776752267.6309922,188,20,1.0,person,0.55,0.75,0.6293531656265259,False,False,,0.5808983281964347
681,1776752267.6309922,191,5,1.0,person,0.85,1.0,0.3596105277538299,True,True,WRITING,0.9826412002245584
681,1776752267.6309922,145,4,1.0,person,0.9844308069600533,1.0,0.1911545097827911,True,True,WRITING,0.9897584255252566
681,1776752267.6309922,255,9,1.0,person,0.55,0.5,1.0,False,False,,0.4670522604669844
683,1776752271.1385355,146,2,1.0,person,0.85,1.0,0.3640724122524261,True,True,WRITING,0.9779311099222726
683,1776752271.1385355,16,7,1.0,person,0.85,1.0,0.8832352757453918,True,True,WRITING,0.9699402364946548
683,1776752271.1385355,157,20,1.0,person,0.85,1.0,0.5934833288192749,True,True,WRITING,0.9787021478017172
683,1776752271.1385355,167,3,1.0,person,0.976250246472768,1.0,0.1553407907485962,True,True,WRITING,0.9773063759009044
683,1776752271.1385355,184,8,1.0,person,0.7,1.0,0.1858789622783661,True,False,FOCUSED,0.9723848575895364
683,1776752271.1385355,188,20,1.0,person,0.55,0.75,0.5160126686096191,False,False,,0.5687467853228251
683,1776752271.1385355,191,5,1.0,person,0.85,1.0,0.1453858315944671,True,True,WRITING,0.9845051375173388
683,1776752271.1385355,145,4,1.0,person,0.979145004602428,1.0,0.2036695033311844,True,True,WRITING,0.9900670718579064
683,1776752271.1385355,255,9,1.0,person,0.85,0.85,1.0,True,True,WRITING,0.5502755686214992
683,1776752271.1385355,249,8,0.814,person,0.5,0.5,1.0,False,False,,0.4345554822257587
685,1776752274.442466,146,2,1.0,person,0.85,1.0,0.2144932299852371,True,True,WRITING,0.9798234835976646
685,1776752274.442466,16,7,1.0,person,0.85,1.0,0.2665615677833557,True,True,WRITING,0.9720155061710448
685,1776752274.442466,157,20,1.0,person,0.85,1.0,0.3576816022396087,True,True,WRITING,0.9790865629911424
685,1776752274.442466,167,3,1.0,person,0.9524924732511272,1.0,0.0961879268288612,False,False,,0.9695969436849866
685,1776752274.442466,184,8,1.0,person,0.9616534116254044,0.85,0.2212203443050384,True,True,WRITING,0.9711468479772122
685,1776752274.442466,188,20,1.0,person,0.55,0.5,1.0,False,False,,0.5404986378692446
685,1776752274.442466,191,5,1.0,person,0.85,1.0,0.1950157582759857,True,True,WRITING,0.9859296686592556
685,1776752274.442466,145,4,1.0,person,0.9979733301245826,1.0,0.1475245654582977,True,True,WRITING,0.99056533404759
685,1776752274.442466,255,9,1.0,person,0.7,0.3,1.0,True,False,,0.5446298291569663
685,1776752274.442466,249,8,1.0,person,0.5,0.5,1.0,False,False,,0.4315096349943252
687,1776752278.0628765,146,2,1.0,person,0.85,1.0,0.1588131040334701,True,True,WRITING,0.9822943253176554
687,1776752278.0628765,16,7,1.0,person,0.85,1.0,0.1784587204456329,True,True,WRITING,0.9739641713244572
687,1776752278.0628765,157,20,1.0,person,0.85,1.0,0.2098624259233474,True,True,WRITING,0.9802669485410056
687,1776752278.0628765,167,3,1.0,person,0.9775137297074402,1.0,0.1120514273643493,False,False,,0.963802342613538
687,1776752278.0628765,184,8,1.0,person,0.7,1.0,0.0965844988822937,True,False,FOCUSED,0.9709872638971836
687,1776752278.0628765,188,20,1.0,person,0.55,0.5,1.0,False,False,,0.5230530682064238
687,1776752278.0628765,191,5,1.0,person,0.85,1.0,0.1216717213392257,True,True,WRITING,0.9882289611157916
687,1776752278.0628765,145,4,1.0,person,0.9950363246197726,1.0,0.0877550393342971,True,True,WRITING,0.9916120285079592
687,1776752278.0628765,255,9,1.0,person,0.7,0.5,0.7815103530883789,True,False,,0.5485078992162432
687,1776752278.0628765,249,8,1.0,person,0.5,0.5,1.0,False,False,,0.4284637877628916
689,1776752283.278839,146,2,1.0,person,0.85,1.0,0.3399078249931335,True,True,WRITING,0.9837482060704912
689,1776752283.278839,16,7,1.0,person,0.85,1.0,0.1784203052520752,True,True,WRITING,0.9786317000786464
689,1776752283.278839,157,20,1.0,person,0.85,1.0,0.3193317949771881,True,True,WRITING,0.9813848599081948
689,1776752283.278839,167,3,1.0,person,0.9896846073139028,1.0,0.1231244429945945,False,False,,0.9587277606839224
689,1776752283.278839,184,8,1.0,person,0.9961599945318278,1.0,0.181505024433136,True,False,FOCUSED,0.9757695359675176
689,1776752283.278839,188,20,1.0,person,0.55,0.75,1.0,False,False,,0.50996651890732
689,1776752283.278839,191,5,1.0,person,0.85,1.0,0.1941553801298141,True,True,WRITING,0.9886028809206828
689,1776752283.278839,145,4,1.0,person,0.9665935007100238,1.0,0.1177815347909927,True,True,WRITING,0.9925825539089383
689,1776752283.278839,255,9,1.0,person,0.85,0.85,0.3367012143135071,True,True,WRITING,0.6196320237432208
689,1776752283.278839,249,8,1.0,person,0.55,0.3,1.0,False,False,,0.4155952380952381
689,1776752283.278839,264,11,0.838,person,0.5,0.5,0.0,False,False,,0.4805952380952381
691,1776752288.3039486,146,2,1.0,person,0.85,1.0,0.3016495406627655,True,True,WRITING,0.98555632290386
691,1776752288.3039486,16,7,1.0,person,0.85,1.0,0.4672947525978088,True,True,WRITING,0.9774009791158494
691,1776752288.3039486,157,20,1.0,person,0.85,1.0,0.3626952171325683,True,True,WRITING,0.9812597653695514
691,1776752288.3039486,167,3,1.0,person,0.9914889996028255,1.0,0.2005275934934616,False,False,,0.9488609447365716
691,1776752288.3039486,184,8,1.0,person,0.85,0.65,0.2942259013652801,True,True,WRITING,0.9698626357998804
691,1776752288.3039486,188,20,1.0,person,0.55,0.5,1.0,False,False,,0.487260928891954
691,1776752288.3039486,191,5,1.0,person,0.85,1.0,0.2805798947811126,True,True,WRITING,0.9886076230378378
691,1776752288.3039486,145,4,1.0,person,0.9984551043391636,1.0,0.2259866744279861,True,True,WRITING,0.9920055412110828
691,1776752288.3039486,255,9,1.0,person,0.85,0.85,0.34988534450531,True,True,WRITING,0.6850741013458798
691,1776752288.3039486,249,8,0.974,person,0.55,0.5,1.0,False,False,,0.4177976190476191
691,1776752288.3039486,264,11,1.0,person,0.5,0.5,0.927160143852234,False,False,,0.4333333333333333
693,1776752292.6141596,146,2,1.0,person,0.85,1.0,0.3569014966487884,True,True,WRITING,0.9855007515067146
693,1776752292.6141596,16,7,1.0,person,0.85,1.0,0.5542657971382141,True,True,WRITING,0.975969997190294
693,1776752292.6141596,157,20,1.0,person,0.85,1.0,0.3320797085762024,True,True,WRITING,0.9824192438806806
693,1776752292.6141596,167,3,1.0,person,0.9934248348804908,1.0,0.2910292744636535,False,False,,0.934000937711625
693,1776752292.6141596,184,8,1.0,person,0.7,0.65,0.2255785018205642,True,False,FOCUSED,0.961734495522276
693,1776752292.6141596,188,20,1.0,person,0.55,1.0,1.0,False,False,,0.4919450048889432
693,1776752292.6141596,191,5,1.0,person,0.85,1.0,0.1896154880523681,True,True,WRITING,0.9893009527808144
693,1776752292.6141596,145,4,1.0,person,0.957191044273147,1.0,0.3312585949897766,True,True,WRITING,0.9905932183776583
693,1776752292.6141596,255,9,1.0,person,0.85,0.85,0.655229926109314,True,True,WRITING,0.7385939623912176
693,1776752292.6141596,249,8,1.0,person,0.55,1.0,1.0,False,False,,0.4447023809523809
693,1776752292.6141596,264,11,1.0,person,0.5,0.3,0.7935553193092346,False,False,,0.420654761904762
695,1776752296.5850036,146,2,1.0,person,0.85,1.0,0.2554008960723877,True,True,WRITING,0.9859595788376672
695,1776752296.5850036,16,7,1.0,person,0.85,1.0,0.2025968581438064,True,True,WRITING,0.9801506400108336
695,1776752296.5850036,157,20,1.0,person,0.85,1.0,0.2997660040855407,True,True,WRITING,0.9825801508767265
695,1776752296.5850036,167,3,1.0,person,0.9643590061893303,1.0,0.1976287961006164,False,False,,0.9245227887516928
695,1776752296.5850036,184,8,1.0,person,0.7,1.0,0.1392166316509246,True,False,FOCUSED,0.9623737054729872
695,1776752296.5850036,191,5,1.0,person,0.85,1.0,0.9859485626220704,True,True,WRITING,0.983081429487183
695,1776752296.5850036,145,4,1.0,person,0.9844709321766772,1.0,0.1359610855579376,True,True,WRITING,0.9908392933152972
695,1776752296.5850036,255,9,1.0,person,0.85,0.85,0.6914411187171936,True,True,WRITING,0.8019044637963885
695,1776752296.5850036,249,8,1.0,person,0.55,0.75,1.0,False,False,,0.4427380952380952
695,1776752296.5850036,264,11,1.0,person,0.5,0.5,1.0,False,False,,0.4169047619047619
695,1776752296.5850036,270,12,0.888,person,0.5,0.5,0.0,False,False,,0.5107008169309079
695,1776752296.5850036,272,13,0.878,person,0.5,0.5,0.0,False,False,,0.625975362034071
695,1776752296.5850036,234,20,0.927,person,0.5,0.5,0.0,False,False,,0.5005952380952382
697,1776752300.2315392,146,2,1.0,person,0.85,1.0,0.1962107419967651,True,True,WRITING,0.9864517876080104
697,1776752300.2315392,16,7,1.0,person,0.85,1.0,0.2724361419677734,True,True,WRITING,0.9821757262661344
697,1776752300.2315392,157,20,1.0,person,0.85,1.0,0.4549023509025574,True,True,WRITING,0.98194158857777
697,1776752300.2315392,167,3,1.0,person,0.9783919378259412,1.0,0.4716742038726806,False,False,,0.9045435502415612
697,1776752300.2315392,184,8,1.0,person,0.7,1.0,0.2532060444355011,True,False,FOCUSED,0.9638196172592322
697,1776752300.2315392,191,5,1.0,person,0.55,0.5,1.0,False,False,,0.8900038388513384
697,1776752300.2315392,145,4,1.0,person,0.9609247437153984,1.0,0.2905216217041015,True,True,WRITING,0.9899587702183495
697,1776752300.2315392,255,9,1.0,person,0.85,0.85,0.6598600149154663,True,True,WRITING,0.8571397116070703
697,1776752300.2315392,249,8,1.0,person,0.55,0.5,1.0,False,False,,0.4437499999999999
697,1776752300.2315392,264,11,1.0,person,0.5,0.5,1.0,False,False,,0.4152380952380952
697,1776752300.2315392,270,12,0.918,person,0.55,0.5,0.7602921724319458,False,False,,0.4909433202061499
697,1776752300.2315392,272,13,0.98,person,0.5,1.0,1.0,False,False,,0.5858043230715252
697,1776752300.2315392,234,20,1.0,person,0.5,0.5,1.0,False,False,,0.4845238095238096
699,1776752304.0628796,146,2,1.0,person,0.85,1.0,0.215261310338974,True,True,WRITING,0.9872602586235318
699,1776752304.0628796,16,7,1.0,person,0.85,1.0,0.3546302616596222,True,True,WRITING,0.9841625435011726
699,1776752304.0628796,157,20,1.0,person,0.85,1.0,0.2880965173244476,True,True,WRITING,0.983404297913824
699,1776752304.0628796,167,3,1.0,person,0.9815748506769608,1.0,0.5061861872673035,False,False,,0.8783364702050358
699,1776752304.0628796,184,8,1.0,person,0.85,1.0,0.1810156404972076,True,True,WRITING,0.9677713467244148
699,1776752304.0628796,191,5,1.0,person,0.85,0.65,1.0,True,True,WRITING,0.8844590139956701
699,1776752304.0628796,145,4,1.0,person,0.9640281546655094,1.0,0.1411181539297104,True,True,WRITING,0.9904271151338304
699,1776752304.0628796,255,9,1.0,person,0.55,0.75,0.583458662033081,False,False,,0.7943379959038325
699,1776752304.0628796,249,8,1.0,person,0.55,0.3,1.0,False,False,,0.4344642857142857
699,1776752304.0628796,264,11,1.0,person,0.5,0.5,1.0,False,False,,0.4135714285714285
699,1776752304.0628796,270,12,1.0,person,0.5,0.5,0.7384856939315796,False,False,,0.4663481104056317
699,1776752304.0628796,272,13,1.0,person,0.5,0.5,1.0,False,False,,0.5555843864168439
701,1776752307.5681777,146,2,1.0,person,0.85,1.0,0.4044903218746185,True,True,WRITING,0.985869030157725
701,1776752307.5681777,16,7,1.0,person,0.85,1.0,0.4964912831783294,True,True,WRITING,0.982450137535731
701,1776752307.5681777,157,20,1.0,person,0.85,1.0,0.331704169511795,True,True,WRITING,0.983479680049987
701,1776752307.5681777,167,3,1.0,person,0.9408833615992582,1.0,0.2837600708007812,False,False,,0.8694427189265249
701,1776752307.5681777,184,8,1.0,person,0.7,1.0,0.1050252318382263,True,False,FOCUSED,0.967700787952298
701,1776752307.5681777,145,4,1.0,person,0.97760077922473,1.0,0.1449292153120041,True,True,WRITING,0.99062594913301
701,1776752307.5681777,255,9,1.0,person,0.55,0.75,0.6505594849586487,False,False,,0.7720719944863093
701,1776752307.5681777,249,8,0.981,person,0.55,1.0,1.0,False,False,,0.4605952380952381
701,1776752307.5681777,264,11,1.0,person,0.5,0.5,1.0,False,False,,0.4119047619047619
701,1776752307.5681777,270,12,0.998,person,0.55,0.5,1.0,False,False,,0.4506091694767386
701,1776752307.5681777,272,13,1.0,person,0.55,0.5,1.0,False,False,,0.5020833333333333
703,1776752310.9907892,146,2,1.0,person,0.85,1.0,0.2422835081815719,True,True,WRITING,0.985743761062622
703,1776752310.9907892,16,7,1.0,person,0.85,1.0,0.222536414861679,True,True,WRITING,0.9828428987945828
703,1776752310.9907892,157,20,1.0,person,0.85,1.0,0.2818402051925659,True,True,WRITING,0.9834272109326864
703,1776752310.9907892,167,3,1.0,person,0.9218349396574153,1.0,0.2281677722930908,False,False,,0.8631896847343521
703,1776752310.9907892,184,8,1.0,person,0.7,1.0,1.0,True,False,,0.9146251459768652
703,1776752310.9907892,145,4,1.0,person,0.9441292063953266,1.0,0.1896662414073944,True,True,WRITING,0.9902369656733104
703,1776752310.9907892,255,9,1.0,person,0.55,1.0,0.3765389025211334,False,False,,0.7655367269402459
703,1776752310.9907892,249,8,1.0,person,0.5,0.5,1.0,False,False,,0.4554761904761905
703,1776752310.9907892,264,11,1.0,person,0.5,0.5,1.0,False,False,,0.4102380952380953
703,1776752310.9907892,270,12,0.99,person,0.55,0.3,1.0,False,False,,0.4272023809523809
703,1776752310.9907892,272,13,1.0,person,0.55,0.75,1.0,False,False,,0.4703571428571428
705,1776752314.358184,146,2,1.0,person,0.85,1.0,0.4244228303432464,True,True,WRITING,0.9847971144176664
705,1776752314.358184,16,7,1.0,person,0.85,1.0,0.1656773388385772,True,True,WRITING,0.9837355876252764
705,1776752314.358184,157,20,1.0,person,0.85,1.0,1.0,True,True,WRITING,0.9778238831531434
705,1776752314.358184,167,3,1.0,person,0.9446918587052222,1.0,0.1684923470020294,False,False,,0.8635858019866142
705,1776752314.358184,184,8,0.971,person,0.5,1.0,1.0,False,False,,0.8465769326119195
705,1776752314.358184,145,4,1.0,person,0.9714656940443872,1.0,0.1602174043655395,True,True,WRITING,0.990261293592907
705,1776752314.358184,255,9,1.0,person,0.55,1.0,0.3436949253082275,False,False,,0.7262699476310185
705,1776752314.358184,249,8,1.0,person,0.55,1.0,1.0,False,False,,0.4820238095238094
705,1776752314.358184,264,11,1.0,person,0.55,0.5,1.0,False,False,,0.398452380952381
705,1776752314.358184,270,12,1.0,person,0.8128462436621211,0.3,1.0,False,False,,0.4386300441147006
705,1776752314.358184,272,13,1.0,person,0.55,0.3,1.0,False,False,,0.4475
707,1776752317.5141768,146,2,1.0,person,0.85,1.0,0.244532436132431,True,True,WRITING,0.9852632213206518
707,1776752317.5141768,16,7,1.0,person,0.85,1.0,0.1229498609900474,True,True,WRITING,0.9860084418739592
707,1776752317.5141768,157,20,1.0,person,0.85,1.0,1.0,True,True,WRITING,0.972780584863254
707,1776752317.5141768,167,3,1.0,person,0.9663271686941672,1.0,1.0,False,False,,0.8463152888990789
707,1776752317.5141768,184,8,1.0,person,0.5,0.5,1.0,False,False,,0.7624046682743799
707,1776752317.5141768,145,4,1.0,person,0.963878327386416,1.0,0.1465397775173187,True,True,WRITING,0.9908113060962586
707,1776752317.5141768,255,9,1.0,person,0.55,1.0,0.58785480260849,False,False,,0.6805661361841929
707,1776752317.5141768,249,8,1.0,person,0.5,0.5,1.0,False,False,,0.4726190476190476
707,1776752317.5141768,264,11,1.0,person,0.85,0.85,1.0,True,True,WRITING,0.4880357142857143
707,1776752317.5141768,270,12,1.0,person,0.55,1.0,0.6117068529129028,False,False,,0.4640892926643308
707,1776752317.5141768,272,13,1.0,person,0.55,0.5,0.6851164102554321,False,False,,0.4514285714285715
707,1776752317.5141768,282,18,0.859,person,0.55,0.75,0.0,False,False,,0.5164874402540071
709,1776752321.3520389,146,2,1.0,person,0.85,1.0,0.294193685054779,True,True,WRITING,0.9854788148687
709,1776752321.3520389,16,7,1.0,person,0.85,1.0,0.2424332350492477,True,True,WRITING,0.9873912462166378
709,1776752321.3520389,157,20,1.0,person,0.85,0.65,1.0,True,True,WRITING,0.9621739607197896
709,1776752321.3520389,167,3,1.0,person,0.85,1.0,1.0,True,True,WRITING,0.8609432995588412
709,1776752321.3520389,145,4,1.0,person,0.9893508986433844,1.0,0.1260527968406677,True,True,WRITING,0.991860725340389
709,1776752321.3520389,255,9,1.0,person,0.55,1.0,0.3883570432662964,False,False,,0.6480683901480266
709,1776752321.3520389,249,8,1.0,person,0.5,0.5,0.478398710489273,False,False,,0.454237707995233
709,1776752321.3520389,264,11,1.0,person,0.85,0.85,1.0,True,True,WRITING,0.5755357142857144
709,1776752321.3520389,270,12,1.0,person,0.55,1.0,0.275255799293518,False,False,,0.5024481545943932
709,1776752321.3520389,272,13,1.0,person,0.55,0.5,0.582939863204956,False,False,,0.4500595238095239
709,1776752321.3520389,280,14,0.894,person,0.5,0.5,0.0,False,False,,0.4812721045244307
711,1776752324.5828562,146,2,1.0,person,0.85,1.0,0.2040492296218872,True,True,WRITING,0.9860457870222272
711,1776752324.5828562,16,7,1.0,person,0.85,1.0,0.086496777832508,True,True,WRITING,0.988631947409539
711,1776752324.5828562,157,20,1.0,person,0.85,0.65,1.0,True,True,WRITING,0.9522661672319686
711,1776752324.5828562,167,3,1.0,person,0.55,0.5,1.0,False,False,,0.7856110375374579
711,1776752324.5828562,145,4,1.0,person,0.9714933900404756,1.0,0.1139559373259544,True,True,WRITING,0.9921913203738985
711,1776752324.5828562,255,9,1.0,person,0.55,1.0,0.4053209722042084,False,False,,0.6185283422470093
711,1776752324.5828562,249,8,1.0,person,0.5,0.5,0.2487661838531494,False,False,,0.4585028131944792
711,1776752324.5828562,264,11,1.0,person,0.85,0.85,1.0,True,True,WRITING,0.6516666666666667
711,1776752324.5828562,270,12,1.0,person,0.5,0.5,0.3263737559318542,False,False,,0.4907932289767082
711,1776752324.5828562,272,13,1.0,person,0.55,0.75,0.3355858922004699,False,False,,0.4575680794034686
711,1776752324.5828562,280,14,1.0,person,0.5,0.5,1.0,False,False,,0.4541112170332954
711,1776752324.5828562,287,15,0.772,person,0.5,0.5,0.0,False,False,,0.5783198136658896
713,1776752328.220549,146,2,1.0,person,0.85,1.0,0.3221586346626282,True,True,WRITING,0.9853865589414325
713,1776752328.220549,16,7,1.0,person,0.85,1.0,0.216670423746109,True,True,WRITING,0.98896819069272
713,1776752328.220549,157,20,1.0,person,0.85,0.65,1.0,True,True,WRITING,0.9437459055582682
713,1776752328.220549,167,3,0.986,person,0.5,0.3,1.0,False,False,,0.7091328018279945
713,1776752328.220549,145,4,1.0,person,0.9865827109906422,1.0,0.0974965766072273,True,True,WRITING,0.99319797541414
713,1776752328.220549,255,9,1.0,person,0.55,1.0,0.2636654675006866,False,False,,0.6023377337626049
713,1776752328.220549,249,8,1.0,person,0.5,0.5,0.2796217203140259,False,False,,0.4660621501718249
713,1776752328.220549,264,11,1.0,person,0.85,0.85,1.0,True,True,WRITING,0.7214285714285714
713,1776752328.220549,270,12,1.0,person,0.55,0.5,0.398457258939743,False,False,,0.4925535668103043
713,1776752328.220549,272,13,1.0,person,0.55,0.75,0.3183611035346985,False,False,,0.4702039389383225
713,1776752328.220549,280,14,0.971,person,0.5,0.5,1.0,False,False,,0.4428571428571429
713,1776752328.220549,287,15,0.98,person,0.5,0.5,0.7508708238601685,False,False,,0.5378857843932652
715,1776752331.7164614,146,2,1.0,person,0.85,1.0,0.1902163475751876,True,True,WRITING,0.9859698507047836
715,1776752331.7164614,16,7,1.0,person,0.85,1.0,0.3926124572753906,True,True,WRITING,0.9880986078864052
715,1776752331.7164614,157,20,1.0,person,0.5,0.75,1.0,False,False,,0.8620377042747679
715,1776752331.7164614,167,3,0.966,person,0.5,0.5,1.0,False,False,,0.6488326527527772
715,1776752331.7164614,145,4,1.0,person,0.9807327651210452,1.0,0.1618347615003585,True,True,WRITING,0.9930200002023152
715,1776752331.7164614,255,9,1.0,person,0.55,1.0,0.396316647529602,False,False,,0.6129527035213652
715,1776752331.7164614,249,8,1.0,person,0.5,1.0,0.3131133019924164,False,False,,0.4999226260043325
715,1776752331.7164614,264,11,1.0,person,0.85,0.85,1.0,True,True,WRITING,0.7848214285714286
715,1776752331.7164614,270,12,1.0,person,0.55,1.0,0.2961951494216919,False,False,,0.5274335478041755
715,1776752331.7164614,272,13,1.0,person,0.55,0.75,0.2443410605192184,False,False,,0.4982190436976296
715,1776752331.7164614,280,14,1.0,person,0.55,0.5,1.0,False,False,,0.4428571428571429
715,1776752331.7164614,287,15,1.0,person,0.5,0.5,0.7974580526351929,False,False,,0.4876283083643232
715,1776752331.7164614,282,18,0.989,person,0.55,0.75,0.5631347298622131,False,False,,0.5096451582653182
717,1776752335.4617915,146,2,1.0,person,0.85,1.0,0.3532118499279022,True,True,WRITING,0.9858557532231011
717,1776752335.4617915,16,7,1.0,person,0.85,1.0,0.8324388265609741,True,True,WRITING,0.9840930579673676
717,1776752335.4617915,157,20,0.966,person,0.5,0.3,1.0,False,False,,0.7640637595596766
717,1776752335.4617915,145,4,1.0,person,0.9779202901717432,1.0,0.1230023875832557,True,True,WRITING,0.9931915707531428
717,1776752335.4617915,255,9,1.0,person,0.55,1.0,0.2308421581983566,False,False,,0.6332127237603777
717,1776752335.4617915,249,8,1.0,person,0.5,1.0,0.2859075963497162,False,False,,0.517504504039174
717,1776752335.4617915,264,11,1.0,person,0.85,0.85,0.813489556312561,True,True,WRITING,0.8433994892097654
717,1776752335.4617915,270,12,1.0,person,0.932427292223506,1.0,0.3134835362434387,False,False,,0.5881903715920108
717,1776752335.4617915,272,13,1.0,person,0.55,0.75,0.3508972227573395,False,False,,0.5149367933613914
717,1776752335.4617915,280,14,1.0,person,0.55,0.3,1.0,False,False,,0.4218452380952381
717,1776752335.4617915,287,15,0.96,person,0.7,0.65,1.0,True,False,,0.4838545229321433
719,1776752338.8279638,146,2,1.0,person,0.85,1.0,0.3059234023094177,True,True,WRITING,0.9855258989901772
719,1776752338.8279638,16,7,1.0,person,0.85,1.0,1.0,True,True,WRITING,0.9779127203282856
719,1776752338.8279638,157,20,1.0,person,0.5,0.3,1.0,False,False,,0.6735714285714286
719,1776752338.8279638,145,4,1.0,person,0.99231802821225,1.0,0.1360481828451156,True,True,WRITING,0.993401144941648
719,1776752338.8279638,255,9,1.0,person,0.55,1.0,0.2606541216373443,False,False,,0.6404261153368723
719,1776752338.8279638,249,8,1.0,person,0.5,1.0,0.2500469386577606,False,False,,0.5492552257009914
719,1776752338.8279638,264,11,1.0,person,0.85,0.85,0.5918547511100769,True,True,WRITING,0.8973444434858503
719,1776752338.8279638,270,12,1.0,person,0.5,1.0,0.2985371947288513,False,False,,0.6132434820820023
719,1776752338.8279638,272,13,1.0,person,0.55,0.75,0.6735016107559204,False,False,,0.51475434252194
719,1776752338.8279638,280,14,1.0,person,0.55,0.3,1.0,False,False,,0.41375
719,1776752338.8279638,287,15,1.0,person,0.7,0.65,1.0,True,False,,0.4811309523809523
721,1776752342.208281,146,2,1.0,person,0.85,1.0,0.2802639603614807,True,True,WRITING,0.9860982469149996
721,1776752342.208281,16,7,1.0,person,0.85,0.65,1.0,True,True,WRITING,0.9661587565853482
721,1776752342.208281,157,20,0.942,person,0.5,0.3,0.6927366256713867,False,False,,0.5933333333333333
721,1776752342.208281,145,4,1.0,person,0.9316722733610898,1.0,0.1698528826236724,True,True,WRITING,0.9931919255426952
721,1776752342.208281,255,9,1.0,person,0.55,1.0,0.1737779974937439,False,False,,0.6519410151810873
721,1776752342.208281,264,11,1.0,person,0.85,0.85,0.6325772404670715,True,True,WRITING,0.9425523431528182
721,1776752342.208281,270,12,1.0,person,0.55,1.0,0.2647603750228882,False,False,,0.6321659456406321
721,1776752342.208281,272,13,1.0,person,0.55,1.0,0.2822030484676361,False,False,,0.5512345475809914
721,1776752342.208281,280,14,1.0,person,0.55,0.5,1.0,False,False,,0.4160714285714286
721,1776752342.208281,282,18,1.0,person,0.55,0.75,0.6158641576766968,False,False,,0.5090528762766293
723,1776752345.1476817,146,2,1.0,person,0.85,1.0,0.4023313522338867,True,True,WRITING,0.984925097652844
723,1776752345.1476817,16,7,1.0,person,0.5,0.5,1.0,False,False,,0.869332150561469
723,1776752345.1476817,145,4,1.0,person,0.9562808071537314,1.0,0.1409071087837219,True,True,WRITING,0.993180805728549
723,1776752345.1476817,255,9,1.0,person,0.55,1.0,0.2737249732017517,False,False,,0.6604495133672441
723,1776752345.1476817,264,11,1.0,person,0.85,0.85,0.7450043559074402,True,True,WRITING,0.9441046428396588
723,1776752345.1476817,270,12,1.0,person,0.9406491689928104,1.0,0.3601973056793213,False,False,,0.6696117896409262
723,1776752345.1476817,272,13,1.0,person,0.55,0.75,0.2736322283744812,False,False,,0.5679632919175285
723,1776752345.1476817,280,14,1.0,person,0.55,0.3,0.4761247038841247,False,False,,0.409686927085831
723,1776752345.1476817,301,16,0.851,person,0.5,0.5,0.0,False,False,,0.4490756700152443
723,1776752345.1476817,249,8,1.0,person,0.5,0.5,0.3471856415271759,False,False,,0.534054063473429
723,1776752345.1476817,287,15,1.0,person,0.7,0.65,1.0,True,False,,0.4908333333333333
723,1776752345.1476817,295,3,0.74,person,0.5,0.5,0.0,False,False,,0.6217930524415396
725,1776752348.4992616,146,2,1.0,person,0.85,1.0,0.3942335546016693,True,True,WRITING,0.9840907206137977
725,1776752348.4992616,16,7,1.0,person,0.5,0.5,0.7615600824356079,False,False,,0.7800019437926156
725,1776752348.4992616,145,4,1.0,person,0.9893503586687986,1.0,0.1209593042731285,True,True,WRITING,0.9932594015484764
725,1776752348.4992616,255,9,1.0,person,0.55,1.0,0.2445027381181717,False,False,,0.6666388625190373
725,1776752348.4992616,264,11,1.0,person,0.85,0.85,0.3614714741706848,True,True,WRITING,0.9487012695982342
725,1776752348.4992616,270,12,1.0,person,0.55,1.0,0.2949189245700836,False,False,,0.6694431450395357
725,1776752348.4992616,272,13,1.0,person,0.55,0.75,0.2199931442737579,False,False,,0.5862971785522643
725,1776752348.4992616,280,14,1.0,person,0.55,0.5,0.384577214717865,False,False,,0.4054228492719787
725,1776752348.4992616,301,16,1.0,person,0.5,0.5,1.0,False,False,,0.4354578544128509
725,1776752348.4992616,249,8,1.0,person,0.55,1.0,0.3223443031311035,False,False,,0.5635312958842231
725,1776752348.4992616,297,3,0.961,person,0.5,0.5,0.0,False,False,,0.5969041824223044
725,1776752348.4992616,282,18,1.0,person,0.55,0.75,0.3188574612140655,False,False,,0.5139750286936761
727,1776752352.09838,146,2,1.0,person,0.85,1.0,0.3572203516960144,True,True,WRITING,0.9833023888724192
727,1776752352.09838,145,4,1.0,person,0.9727029500090416,1.0,0.1244151219725608,True,True,WRITING,0.9932629615068436
727,1776752352.09838,255,9,1.0,person,0.55,1.0,0.2057072818279266,False,False,,0.6752142395292009
727,1776752352.09838,264,11,1.0,person,0.85,0.85,1.0,True,True,WRITING,0.947596743589356
727,1776752352.09838,270,12,1.0,person,0.55,1.0,0.3008565008640289,False,False,,0.682932802609035
727,1776752352.09838,272,13,1.0,person,0.55,0.75,0.2406777888536453,False,False,,0.5909711817900339
727,1776752352.09838,280,14,1.0,person,0.55,0.5,0.604548990726471,False,False,,0.4092833344141642
727,1776752352.09838,301,16,1.0,person,0.5,0.5,1.0,False,False,,0.4280357142857143
727,1776752352.09838,249,8,1.0,person,0.55,1.0,0.2280363738536834,False,False,,0.5957492320310501
727,1776752352.09838,297,3,1.0,person,0.5,1.0,1.0,False,False,,0.5643707748860666
727,1776752352.09838,282,18,1.0,person,0.5,1.0,0.1981826573610305,False,False,,0.5474254210080419
727,1776752352.09838,287,15,1.0,person,0.7,0.65,0.963311493396759,True,False,,0.5053571428571428
729,1776752355.523922,146,2,1.0,person,0.85,1.0,1.0,True,True,WRITING,0.9776705494948796
729,1776752355.523922,145,4,1.0,person,0.9976217312717152,1.0,0.1341208517551422,True,True,WRITING,0.9931330808571408
729,1776752355.523922,255,9,1.0,person,0.55,1.0,0.1415562629699707,False,False,,0.6830685074840274
729,1776752355.523922,264,11,1.0,person,0.85,0.85,0.4970793128013611,True,True,WRITING,0.9506832192341488
729,1776752355.523922,270,12,1.0,person,0.55,0.75,0.3821604251861572,False,False,,0.6765711740368888
729,1776752355.523922,272,13,1.0,person,0.55,0.75,0.1583350449800491,False,False,,0.6001906210467929
729,1776752355.523922,280,14,1.0,person,0.55,0.75,0.345157653093338,False,False,,0.4356690196621985
729,1776752355.523922,301,16,1.0,person,0.7,0.65,1.0,True,False,,0.4524404761904761
729,1776752355.523922,249,8,1.0,person,0.55,1.0,0.370024025440216,False,False,,0.6086648621019862
729,1776752355.523922,282,18,1.0,person,0.55,1.0,0.181479200720787,False,False,,0.5824105474920499
731,1776752358.7542417,146,2,1.0,person,0.85,0.85,1.0,True,True,WRITING,0.9694709657487414
731,1776752358.7542417,145,4,1.0,person,0.9922115363985496,1.0,0.1044096499681472,True,True,WRITING,0.9935023784637452
731,1776752358.7542417,255,9,1.0,person,0.55,1.0,0.3575719892978668,False,False,,0.6797302883295786
731,1776752358.7542417,264,11,1.0,person,0.85,1.0,0.5564632415771484,True,True,WRITING,0.9554754776046388
731,1776752358.7542417,270,12,1.0,person,0.55,1.0,0.2136218547821045,False,False,,0.6793389284894579
731,1776752358.7542417,272,13,1.0,person,0.55,0.75,0.1614265590906143,False,False,,0.6063270703667686
731,1776752358.7542417,280,14,1.0,person,0.55,0.75,0.2640725970268249,False,False,,0.463746844586872
731,1776752358.7542417,301,16,1.0,person,0.55,0.3,1.0,False,False,,0.4404166666666667
731,1776752358.7542417,310,3,1.0,person,0.5,0.5,0.0,False,False,,0.5530952380952381
731,1776752358.7542417,282,18,1.0,person,0.55,1.0,0.1518682986497879,False,False,,0.6137094839697793
733,1776752361.6103852,146,2,1.0,person,0.85,0.85,1.0,True,True,WRITING,0.9625140962998072
733,1776752361.6103852,145,4,1.0,person,0.9875062212084292,1.0,0.0926158353686332,True,True,WRITING,0.9937970851148878
733,1776752361.6103852,255,9,1.0,person,0.55,1.0,0.3435355722904205,False,False,,0.6724154892421904
733,1776752361.6103852,264,11,1.0,person,0.85,1.0,0.393204927444458,True,True,WRITING,0.9605195327599844
733,1776752361.6103852,270,12,1.0,person,0.55,1.0,0.2380059212446212,False,False,,0.6669237024727321
733,1776752361.6103852,272,13,1.0,person,0.55,1.0,0.1087644100189209,False,False,,0.631123960018158
733,1776752361.6103852,280,14,1.0,person,0.55,0.5,0.4655790328979492,False,False,,0.4681603004393124
733,1776752361.6103852,301,16,1.0,person,0.85,0.85,0.3322428464889526,True,True,WRITING,0.5314574975059146
733,1776752361.6103852,310,3,1.0,person,0.5,0.5,1.0,False,False,,0.49875
733,1776752361.6103852,282,18,1.0,person,0.5,1.0,0.3256353735923767,False,False,,0.629680875795228
733,1776752361.6103852,287,15,1.0,person,0.7,0.65,0.6585017442703247,True,False,,0.5202380952380952
733,1776752361.6103852,249,8,1.0,person,0.55,1.0,0.3974924683570862,False,False,,0.6191249305293673
735,1776752365.03992,146,2,1.0,person,0.5,0.5,1.0,False,False,,0.866785234496707
735,1776752365.03992,145,4,1.0,person,0.9878729427233456,1.0,0.3973053693771362,True,True,WRITING,0.9915812200024016
735,1776752365.03992,255,9,1.0,person,0.55,1.0,0.2047453820705413,False,False,,0.6757417746952602
735,1776752365.03992,264,11,1.0,person,0.85,1.0,0.8380980491638184,True,True,WRITING,0.9606358441568558
735,1776752365.03992,270,12,1.0,person,0.55,1.0,0.180297702550888,False,False,,0.6752894286598479
735,1776752365.03992,272,13,1.0,person,0.55,1.0,0.2544176876544952,False,False,,0.6484248368513016
735,1776752365.03992,280,14,1.0,person,0.55,0.75,0.5081018805503845,False,False,,0.4819008300701777
735,1776752365.03992,301,16,1.0,person,0.85,0.85,0.3150615692138672,True,True,WRITING,0.6158749867053259
735,1776752365.03992,310,3,1.0,person,0.5,0.5,1.0,False,False,,0.488452380952381
735,1776752365.03992,287,15,1.0,person,0.7,1.0,1.0,True,False,,0.5366071428571427
735,1776752365.03992,249,8,1.0,person,0.55,1.0,0.2318051159381866,False,False,,0.6293513962910289
737,1776752368.1317365,146,2,1.0,person,0.5,0.5,1.0,False,False,,0.7779254947957538
737,1776752368.1317365,145,4,1.0,person,0.9558148939434136,1.0,1.0,True,True,WRITING,0.9846191397735052
737,1776752368.1317365,255,9,1.0,person,0.55,1.0,0.1375448405742645,False,False,,0.6807996864829744
737,1776752368.1317365,264,11,1.0,person,0.85,0.85,0.5941439867019653,True,True,WRITING,0.960398550998597
737,1776752368.1317365,270,12,1.0,person,0.55,1.0,0.2415522634983062,False,False,,0.6759600845121202
737,1776752368.1317365,272,13,1.0,person,0.55,0.75,0.1687475442886352,False,False,,0.6452948522000085
737,1776752368.1317365,280,14,1.0,person,0.55,0.75,0.6604393124580383,False,False,,0.4897485025581859
737,1776752368.1317365,301,16,1.0,person,0.85,0.85,0.2918645441532135,True,True,WRITING,0.693709034607524
737,1776752368.1317365,310,3,1.0,person,0.7,0.3,1.0,True,False,,0.4911904761904762
737,1776752368.1317365,287,15,1.0,person,0.7,1.0,1.0,True,False,,0.5666666666666665
737,1776752368.1317365,282,18,1.0,person,0.55,1.0,0.3140986561775207,False,False,,0.6286267886559168
739,1776752371.3305712,146,2,1.0,person,0.5,0.5,1.0,False,False,,0.6964777406908217
739,1776752371.3305712,145,4,1.0,person,0.85,1.0,1.0,True,True,WRITING,0.978047818938891
739,1776752371.3305712,255,9,1.0,person,0.55,1.0,0.2653538286685943,False,False,,0.6800200953370048
739,1776752371.3305712,264,11,1.0,person,0.85,1.0,0.3511317372322082,True,True,WRITING,0.96506500292392
739,1776752371.3305712,270,12,1.0,person,0.55,1.0,0.2172594964504242,False,False,,0.6669147539706457
739,1776752371.3305712,272,13,1.0,person,0.55,0.75,0.2151175290346145,False,False,,0.6445383897849492
739,1776752371.3305712,280,14,1.0,person,0.55,0.5,0.2885988354682922,False,False,,0.501900290733292
739,1776752371.3305712,301,16,1.0,person,0.7,0.65,0.3736483752727508,True,False,,0.6879891234352474
739,1776752371.3305712,310,3,1.0,person,0.85,0.85,1.0,True,True,WRITING,0.570952380952381
739,1776752371.3305712,282,18,1.0,person,0.55,1.0,0.5122096538543701,False,False,,0.6300678436245237
739,1776752371.3305712,249,8,1.0,person,0.5,0.5,0.3836228251457214,False,False,,0.5988279126939319
741,1776752374.640982,146,2,1.0,person,0.5,0.5,1.0,False,False,,0.6219044397558484
741,1776752374.640982,145,4,1.0,person,0.85,0.65,1.0,True,True,WRITING,0.9660832846164702
741,1776752374.640982,255,9,1.0,person,0.55,1.0,0.1161806732416153,False,False,,0.6883105969145183
741,1776752374.640982,264,11,1.0,person,0.85,1.0,0.1762711405754089,True,True,WRITING,0.9694058488664172
741,1776752374.640982,270,12,1.0,person,0.55,1.0,0.204276368021965,False,False,,0.6724662688516435
741,1776752374.640982,272,13,1.0,person,0.55,0.75,0.2017183750867843,False,False,,0.6428640144211905
741,1776752374.640982,280,14,1.0,person,0.55,0.5,0.5027875304222107,False,False,,0.4914500463576544
741,1776752374.640982,301,16,1.0,person,0.85,0.85,0.379133403301239,True,True,WRITING,0.7583584658588682
741,1776752374.640982,310,3,1.0,person,0.85,0.85,0.629923939704895,True,True,WRITING,0.6331434883957817
741,1776752374.640982,249,8,1.0,person,0.5,0.5,0.2785322666168213,False,False,,0.5765369023595537
741,1776752374.640982,287,15,1.0,person,0.7,0.65,1.0,True,False,,0.5762499999999999
743,1776752377.8828585,146,2,1.0,person,0.5,0.5,1.0,False,False,,0.5541071428571428
743,1776752377.8828585,145,4,1.0,person,0.85,0.65,1.0,True,True,WRITING,0.9550709979023252
743,1776752377.8828585,255,9,1.0,person,0.55,1.0,0.0949067324399948,False,False,,0.6962998615843908
743,1776752377.8828585,264,11,1.0,person,0.85,0.85,0.4709084630012512,True,True,WRITING,0.9707830349604288
743,1776752377.8828585,272,13,1.0,person,0.55,1.0,0.1447170823812484,False,False,,0.6579936870506832
743,1776752377.8828585,280,14,1.0,person,0.55,0.75,0.2943218350410461,False,False,,0.5110591078088397
743,1776752377.8828585,301,16,1.0,person,0.7,0.7,0.3601593375205993,True,False,,0.7636380179723105
743,1776752377.8828585,310,3,1.0,person,0.85,0.85,0.3942156434059143,True,True,WRITING,0.6930904586826051
743,1776752377.8828585,319,17,0.917,person,0.5,0.5,0.0,False,False,,0.6962668234109879
743,1776752377.8828585,287,15,1.0,person,0.7,1.0,0.2696536481380462,True,False,FOCUSED,0.6445833333333333
743,1776752377.8828585,282,18,1.0,person,0.55,0.75,0.6421117782592773,False,False,,0.6181160414502734
745,1776752380.9944046,145,4,1.0,person,0.5,0.5,1.0,False,False,,0.859197890332767
745,1776752380.9944046,255,9,1.0,person,0.55,1.0,0.1517007797956466,False,False,,0.6981423532678969
745,1776752380.9944046,264,11,1.0,person,0.85,1.0,0.4752819538116455,True,True,WRITING,0.9725126915034794
745,1776752380.9944046,272,13,1.0,person,0.55,1.0,0.2035929858684539,False,False,,0.665495841276078
745,1776752380.9944046,280,14,1.0,person,0.55,1.0,0.3982716202735901,False,False,,0.5245846982513155
745,1776752380.9944046,301,16,1.0,person,0.85,0.85,0.284823328256607,True,True,WRITING,0.8151268532446453
745,1776752380.9944046,310,3,1.0,person,0.85,0.85,0.3623827695846557,True,True,WRITING,0.7525254466420129
745,1776752380.9944046,319,17,1.0,person,0.5,0.5,1.0,False,False,,0.624861581836428
745,1776752380.9944046,287,15,1.0,person,0.7,0.65,0.3436131179332733,True,False,,0.6474496084167843
745,1776752380.9944046,282,18,1.0,person,0.55,1.0,0.517532467842102,False,False,,0.6134887381678535
745,1776752380.9944046,270,12,1.0,person,0.55,1.0,0.2683702111244201,False,False,,0.6734828721909296
745,1776752380.9944046,249,8,1.0,person,0.5,0.5,0.4953413605690002,False,False,,0.5552029868676548
747,1776752384.4621282,145,4,0.875,person,0.5,0.5,0.7705028653144836,False,False,,0.7702816925730024
747,1776752384.4621282,255,9,1.0,person,0.55,1.0,0.1514058262109756,False,False,,0.7062246891714278
747,1776752384.4621282,264,11,1.0,person,0.85,1.0,0.6229451894760132,True,True,WRITING,0.9719609384025848
747,1776752384.4621282,272,13,1.0,person,0.55,1.0,0.2832682728767395,False,False,,0.6670972946144286
747,1776752384.4621282,280,14,1.0,person,0.55,0.75,0.4343531131744385,False,False,,0.520248204327765
747,1776752384.4621282,301,16,1.0,person,0.85,0.85,0.2385266274213791,True,True,WRITING,0.8747900745698383
747,1776752384.4621282,310,3,1.0,person,0.85,0.85,0.550269365310669,True,True,WRITING,0.8018604140622275
747,1776752384.4621282,319,17,1.0,person,0.5,0.5,1.0,False,False,,0.558414917077337
747,1776752384.4621282,287,15,1.0,person,0.7,0.65,1.0,True,False,,0.6391453846863338
747,1776752384.4621282,270,12,1.0,person,0.98712807662002,1.0,0.2351826131343841,False,False,,0.7206647318033944
747,1776752384.4621282,249,8,1.0,person,0.5,0.5,0.210577443242073,False,False,,0.5403490836421648
749,1776752387.797098,255,9,1.0,person,0.55,1.0,0.2350749969482422,False,False,,0.7073462981553305
749,1776752387.797098,264,11,1.0,person,0.85,1.0,0.5783156156539917,True,True,WRITING,0.9712376055263338
749,1776752387.797098,272,13,1.0,person,0.55,1.0,0.1450092494487762,False,False,,0.6707415857485363
749,1776752387.797098,280,14,1.0,person,0.55,1.0,0.5791604518890381,False,False,,0.5359605783507937
749,1776752387.797098,301,16,1.0,person,0.85,0.85,0.4524805545806885,True,True,WRITING,0.8823322483471462
749,1776752387.797098,310,3,1.0,person,0.85,0.85,0.3673771917819977,True,True,WRITING,0.8627494146142687
749,1776752387.797098,319,17,1.0,person,0.5,0.5,1.0,False,False,,0.5006547619047619
749,1776752387.797098,287,15,1.0,person,0.7,0.65,0.6769973039627075,True,False,,0.6308411609558832
749,1776752387.797098,270,12,1.0,person,0.979762378060931,1.0,0.273047924041748,False,False,,0.7503412039507004
749,1776752387.797098,249,8,1.0,person,0.55,1.0,0.2298881262540817,False,False,,0.5522310652193568
751,1776752390.796498,255,9,1.0,person,0.55,1.0,0.1784386336803436,False,False,,0.7077617503347851
751,1776752390.796498,264,11,1.0,person,0.85,1.0,0.1860969364643097,True,True,WRITING,0.9754818443741116
751,1776752390.796498,272,13,1.0,person,0.55,1.0,0.3327443301677704,False,False,,0.666204321242514
751,1776752390.796498,280,14,1.0,person,0.55,1.0,0.687309205532074,False,False,,0.5456774608010336
751,1776752390.796498,301,16,1.0,person,0.55,0.3,0.3436718881130218,False,False,,0.8007438360225586
751,1776752390.796498,310,3,1.0,person,0.85,0.85,0.4703161716461181,True,True,WRITING,0.9160349759033748
751,1776752390.796498,319,17,1.0,person,0.7,1.0,0.669551432132721,True,False,,0.4935119047619047
751,1776752390.796498,287,15,1.0,person,0.7,0.65,0.306295245885849,True,False,,0.6354505942549024
751,1776752390.796498,270,12,1.0,person,0.55,1.0,0.2126609086990356,False,False,,0.7466515033018021
751,1776752390.796498,249,8,1.0,person,0.55,1.0,0.2179225981235504,False,False,,0.5689763536765461
751,1776752390.796498,282,18,1.0,person,0.55,1.0,0.4850244522094726,False,False,,0.6028102457523347
753,1776752394.0257494,255,9,1.0,person,0.55,1.0,0.2338214218616485,False,False,,0.7024397275277545
753,1776752394.0257494,264,11,1.0,person,0.85,1.0,0.133270114660263,True,True,WRITING,0.9799783783299582
753,1776752394.0257494,272,13,1.0,person,0.55,1.0,0.2127303630113601,False,False,,0.6729503926776704
753,1776752394.0257494,280,14,1.0,person,0.55,1.0,0.615979015827179,False,False,,0.5545014861084165
753,1776752394.0257494,301,16,1.0,person,0.85,0.85,0.3289174139499664,True,True,WRITING,0.8156920565026148
753,1776752394.0257494,310,3,1.0,person,0.85,1.0,0.3465743958950043,True,True,WRITING,0.9633102365334828
753,1776752394.0257494,319,17,1.0,person,0.5,0.5,0.226380705833435,False,False,,0.4921698537326994
753,1776752394.0257494,287,15,1.0,person,0.7,0.65,0.3729264438152313,True,False,,0.6271955376579648
753,1776752394.0257494,270,12,1.0,person,0.9734642998707668,1.0,0.1353214681148529,False,False,,0.78163695477304
753,1776752394.0257494,249,8,1.0,person,0.9762422735097585,1.0,0.1807881295680999,False,False,,0.6237779994096074
755,1776752397.183668,255,9,1.0,person,0.55,1.0,0.2048791348934173,False,False,,0.7031573390676861
755,1776752397.183668,264,11,1.0,person,0.85,1.0,0.1735231876373291,True,True,WRITING,0.9817472398281096
755,1776752397.183668,272,13,1.0,person,0.55,1.0,0.2304714918136596,False,False,,0.6791551624025617
755,1776752397.183668,280,14,1.0,person,0.55,1.0,1.0,False,False,,0.5617497638577507
755,1776752397.183668,301,16,1.0,person,0.85,0.85,0.1835605055093765,True,True,WRITING,0.8586497895774386
755,1776752397.183668,310,3,1.0,person,0.85,1.0,0.2904503941535949,True,True,WRITING,0.969235679933003
755,1776752397.183668,319,17,1.0,person,0.5,1.0,0.2897991836071014,False,False,,0.5227969633965266
755,1776752397.183668,287,15,1.0,person,0.7,0.65,0.2472339123487472,True,False,FOCUSED,0.6731971309582393
755,1776752397.183668,270,12,1.0,person,0.9483522471857498,1.0,0.3236491978168487,False,False,,0.8009898946398781
755,1776752397.183668,249,8,1.0,person,0.55,1.0,0.1387518495321273,False,False,,0.6375588536972091
757,1776752400.2105544,255,9,1.0,person,0.55,1.0,0.2661947607994079,False,False,,0.6952371696631113
757,1776752400.2105544,264,11,1.0,person,0.85,1.0,0.1344874203205108,True,True,WRITING,0.9831111807198752
757,1776752400.2105544,272,13,1.0,person,0.55,1.0,0.2126882970333099,False,False,,0.6853429036481039
757,1776752400.2105544,280,14,1.0,person,0.55,1.0,0.4909741878509521,False,False,,0.5748607496420542
757,1776752400.2105544,301,16,1.0,person,0.85,0.85,0.2124931365251541,True,True,WRITING,0.870374783873558
757,1776752400.2105544,310,3,1.0,person,0.85,1.0,0.3173528611660003,True,True,WRITING,0.9730143192268552
757,1776752400.2105544,319,17,1.0,person,0.7,0.5,0.3023476004600525,True,False,,0.5311103629214423
757,1776752400.2105544,287,15,1.0,person,0.5,0.5,0.2749569416046142,False,False,,0.6522670729955037
757,1776752400.2105544,270,12,1.0,person,0.961533406080928,1.0,0.1669557839632034,False,False,,0.8292132133529301
757,1776752400.2105544,249,8,1.0,person,0.9498806549506932,1.0,0.197525069117546,False,False,,0.6971394196152687
757,1776752400.2105544,282,18,1.0,person,0.55,1.0,0.2300367802381515,False,False,,0.6079362690448761
759,1776752403.4143574,255,9,1.0,person,0.55,1.0,0.1421927511692047,False,False,,0.6956903331336521
759,1776752403.4143574,264,11,1.0,person,0.85,1.0,0.2568740248680115,True,True,WRITING,0.985554060056096
759,1776752403.4143574,272,13,1.0,person,0.55,1.0,0.3097181320190429,False,False,,0.6772356224911554
759,1776752403.4143574,280,14,1.0,person,0.55,1.0,0.3463924527168274,False,False,,0.5845481649750754
759,1776752403.4143574,301,16,1.0,person,0.85,0.85,0.1645025014877319,True,True,WRITING,0.907408153017362
759,1776752403.4143574,310,3,1.0,person,0.85,0.85,0.4393166005611419,True,True,WRITING,0.9720701490129744
759,1776752403.4143574,319,17,1.0,person,0.85,0.85,0.385435402393341,True,True,WRITING,0.5995342451901663
759,1776752403.4143574,287,15,1.0,person,0.7,1.0,0.2090477496385574,True,False,FOCUSED,0.6816315563519796
759,1776752403.4143574,270,12,1.0,person,0.8810109412390119,1.0,0.1502244621515274,False,False,,0.8487816467171623
759,1776752403.4143574,249,8,1.0,person,0.5,0.5,0.2458259314298629,False,False,,0.6826575348774592
759,1776752403.4143574,282,18,1.0,person,0.55,1.0,0.3355587124824524,False,False,,0.6054127024752752
761,1776752406.6491108,255,9,1.0,person,0.55,1.0,0.2218054234981537,False,False,,0.6926838379530679
761,1776752406.6491108,264,11,1.0,person,0.85,1.0,0.265886127948761,True,True,WRITING,0.9865600580260866
761,1776752406.6491108,272,13,1.0,person,0.55,1.0,0.3278787136077881,False,False,,0.6703855175347555
761,1776752406.6491108,280,14,1.0,person,0.55,1.0,0.4258321225643158,False,False,,0.5859075476725896
761,1776752406.6491108,301,16,1.0,person,0.85,0.85,0.2409537136554718,True,True,WRITING,0.9141642607393718
761,1776752406.6491108,310,3,1.0,person,0.85,1.0,0.6438824534416199,True,True,WRITING,0.971834422576995
761,1776752406.6491108,319,17,1.0,person,0.85,0.65,0.2524314820766449,True,True,WRITING,0.6756649724074771
761,1776752406.6491108,287,15,1.0,person,0.7,0.65,0.2686194181442261,True,False,FOCUSED,0.7281349830400377
761,1776752406.6491108,270,12,1.0,person,0.9104630573190208,1.0,0.1363429278135299,False,False,,0.87133341389043
761,1776752406.6491108,249,8,1.0,person,0.5,0.5,0.2609909176826477,False,False,,0.6732034534215927
761,1776752406.6491108,282,18,1.0,person,0.55,1.0,0.0727768763899803,False,False,,0.628033131077176
763,1776752409.8627226,255,9,1.0,person,0.55,1.0,0.2964871525764465,False,False,,0.6850239733854929
763,1776752409.8627226,264,11,1.0,person,0.85,1.0,0.1831501424312591,True,True,WRITING,0.988658247249467
763,1776752409.8627226,272,13,1.0,person,0.55,1.0,0.5170385837554932,False,False,,0.6549289409603392
763,1776752409.8627226,280,14,1.0,person,0.55,1.0,0.3683529794216156,False,False,,0.5976181568134399
763,1776752409.8627226,301,16,1.0,person,0.85,0.85,0.2360822409391403,True,True,WRITING,0.92076951336293
763,1776752409.8627226,310,3,1.0,person,0.85,1.0,0.2921020686626434,True,True,WRITING,0.975190214457966
763,1776752409.8627226,319,17,1.0,person,0.85,0.85,0.2819541096687317,True,True,WRITING,0.7483070776576088
763,1776752409.8627226,287,15,1.0,person,0.7,1.0,0.3104787468910217,True,False,,0.7434682022389912
763,1776752409.8627226,270,12,1.0,person,0.9106332895313352,1.0,0.1421721428632736,False,False,,0.874176507194837
763,1776752409.8627226,249,8,1.0,person,0.5,0.5,0.2887850403785705,False,False,,0.6526443621232395
763,1776752409.8627226,282,18,1.0,person,0.55,1.0,0.3391688466072082,False,False,,0.6292770556041173
765,1776752413.066579,255,9,1.0,person,0.55,1.0,0.1897264420986175,False,False,,0.6875628992205574
765,1776752413.066579,264,11,1.0,person,0.85,1.0,0.1392908096313476,True,True,WRITING,0.9907007586388362
765,1776752413.066579,272,13,1.0,person,0.55,1.0,0.2074466198682785,False,False,,0.6560577122938066
765,1776752413.066579,280,14,1.0,person,0.55,1.0,0.3242017924785614,False,False,,0.607583522654715
765,1776752413.066579,301,16,1.0,person,0.85,0.85,0.1108404397964477,True,True,WRITING,0.9291811067433584
765,1776752413.066579,310,3,1.0,person,0.85,1.0,1.0,True,True,WRITING,0.9716614242110934
765,1776752413.066579,319,17,1.0,person,0.85,0.85,0.2387724816799163,True,True,WRITING,0.8145125698475609
765,1776752413.066579,287,15,1.0,person,0.7,1.0,0.3881312310695648,True,False,,0.7514721070017133
765,1776752413.066579,270,12,1.0,person,0.9791609535493492,1.0,0.1448725163936615,False,False,,0.8839075586625507
765,1776752413.066579,249,8,1.0,person,0.5,0.5,0.2222361862659454,False,False,,0.6249460138025739
765,1776752413.066579,282,18,1.0,person,0.55,1.0,0.1973148882389068,False,False,,0.645408751425289
767,1776752416.2315917,255,9,1.0,person,0.55,1.0,0.1361537873744964,False,False,,0.6918392089151201
767,1776752416.2315917,264,11,1.0,person,0.85,1.0,0.2062181532382965,True,True,WRITING,0.9905234483026324
767,1776752416.2315917,272,13,1.0,person,0.55,1.0,0.1802372187376022,False,False,,0.66466163340069
767,1776752416.2315917,280,14,1.0,person,0.55,1.0,0.6041847467422485,False,False,,0.6049918736730303
767,1776752416.2315917,301,16,1.0,person,0.85,0.85,0.3107686936855316,True,True,WRITING,0.9739264711028052
767,1776752416.2315917,310,3,1.0,person,0.55,1.0,1.0,False,False,,0.906198265580904
767,1776752416.2315917,319,17,1.0,person,0.85,0.85,0.3374794423580169,True,True,WRITING,0.8552162058296657
767,1776752416.2315917,287,15,1.0,person,0.7,0.65,0.4002978205680847,True,False,,0.733847775714738
767,1776752416.2315917,270,12,1.0,person,0.9797113901063572,1.0,0.2301275730133056,False,False,,0.9010173508099149
767,1776752416.2315917,249,8,1.0,person,0.5,0.5,0.1267025917768478,False,False,,0.6053215950017884
769,1776752419.140636,255,9,1.0,person,0.55,1.0,0.1977817565202713,False,False,,0.693387990906125
769,1776752419.140636,264,11,1.0,person,0.85,1.0,0.1527374386787414,True,True,WRITING,0.990615108183452
769,1776752419.140636,272,13,1.0,person,0.55,1.0,0.1497839838266372,False,False,,0.6711405737059456
769,1776752419.140636,280,14,1.0,person,0.55,1.0,0.7545425295829773,False,False,,0.6024002246913455
769,1776752419.140636,301,16,1.0,person,0.85,0.85,0.1218616515398025,True,True,WRITING,0.9751500196400142
769,1776752419.140636,310,3,1.0,person,0.55,1.0,0.6454121470451355,False,False,,0.8438227473270326
769,1776752419.140636,319,17,1.0,person,0.85,0.85,0.3031287789344787,True,True,WRITING,0.9024583285763152
769,1776752419.140636,287,15,1.0,person,0.7,1.0,0.3609571158885956,True,False,,0.738697533976464
769,1776752419.140636,270,12,1.0,person,0.93301681235541,1.0,0.2141968458890915,False,False,,0.895489914786248
769,1776752419.140636,249,8,1.0,person,0.5,1.0,0.1844399124383926,False,False,,0.5922130459830874
771,1776752422.275467,255,9,1.0,person,0.55,1.0,0.2614661157131195,False,False,,0.6896926114956538
771,1776752422.275467,264,11,1.0,person,0.85,1.0,0.1687497794628143,True,True,WRITING,0.9907286834149132
771,1776752422.275467,272,13,1.0,person,0.55,1.0,0.200498029589653,False,False,,0.6744457256226312
771,1776752422.275467,280,14,1.0,person,0.55,1.0,0.4859220087528229,False,False,,0.6007471084594727
771,1776752422.275467,301,16,1.0,person,0.85,0.85,0.2202358990907669,True,True,WRITING,0.9749114073458172
771,1776752422.275467,310,3,1.0,person,0.55,1.0,0.1951953470706939,False,False,,0.8064203206981931
771,1776752422.275467,319,17,1.0,person,0.85,0.85,0.257815420627594,True,True,WRITING,0.935694830758231
771,1776752422.275467,287,15,1.0,person,0.7,1.0,0.5337710976600647,True,False,,0.709994304662659
771,1776752422.275467,270,12,1.0,person,0.9502000556189112,1.0,0.1353962570428848,False,False,,0.9035418118749348
771,1776752422.275467,249,8,1.0,person,0.5,1.0,0.0852406173944473,False,False,,0.6025918541210038
771,1776752422.275467,282,18,1.0,person,0.55,1.0,0.403431236743927,False,False,,0.6517151469276065
773,1776752425.5161157,255,9,1.0,person,0.55,1.0,0.176731452345848,False,False,,0.693667553010441
773,1776752425.5161157,264,11,1.0,person,0.85,1.0,0.1721828281879425,True,True,WRITING,0.9906713919980183
773,1776752425.5161157,272,13,1.0,person,0.55,1.0,0.3338557779788971,False,False,,0.6682095355930783
773,1776752425.5161157,280,14,1.0,person,0.55,1.0,0.4248445928096771,False,False,,0.6028408972989945
773,1776752425.5161157,301,16,1.0,person,0.85,0.85,0.2532406449317932,True,True,WRITING,0.974522908528646
773,1776752425.5161157,310,3,1.0,person,0.55,1.0,0.5026372671127319,False,False,,0.7522288542418253
773,1776752425.5161157,319,17,1.0,person,0.85,0.85,0.1649979948997497,True,True,WRITING,0.969610604501906
773,1776752425.5161157,287,15,1.0,person,0.7,1.0,0.4636395573616028,True,False,,0.7174341098751341
773,1776752425.5161157,270,12,1.0,person,0.9499021418305652,1.0,0.1997506767511367,False,False,,0.9014234251919246
773,1776752425.5161157,249,8,1.0,person,0.5,0.5,0.2129378765821457,False,False,,0.5668980983041582
773,1776752425.5161157,282,18,1.0,person,0.55,1.0,0.5418378114700317,False,False,,0.6448737757546561
775,1776752428.7278411,255,9,1.0,person,0.55,1.0,0.1399790793657302,False,False,,0.6961237192153931
775,1776752428.7278411,264,11,1.0,person,0.85,1.0,0.1559580862522125,True,True,WRITING,0.9912088499182748
775,1776752428.7278411,272,13,1.0,person,0.55,1.0,0.7237057685852051,False,False,,0.6542463340929575
775,1776752428.7278411,280,14,1.0,person,0.55,1.0,0.3253934383392334,False,False,,0.6071189579509553
775,1776752428.7278411,301,16,1.0,person,0.85,0.85,0.2193674594163894,True,True,WRITING,0.9742695490519204
775,1776752428.7278411,310,3,1.0,person,0.55,1.0,0.2448083609342575,False,False,,0.7214277979873476
775,1776752428.7278411,319,17,1.0,person,0.85,0.85,0.1769945323467254,True,True,WRITING,0.9710729278269268
775,1776752428.7278411,287,15,1.0,person,0.7,1.0,0.4147271513938904,True,False,,0.6917725514514105
775,1776752428.7278411,270,12,1.0,person,0.9411101102198368,1.0,0.1413359344005584,False,False,,0.9050898544845128
775,1776752428.7278411,249,8,1.0,person,0.5,1.0,0.0920145064592361,False,False,,0.5969643504137084
777,1776752431.7627938,255,9,1.0,person,0.55,1.0,0.2638189196586609,False,False,,0.6925879951034273
777,1776752431.7627938,264,11,1.0,person,0.85,1.0,0.3154771625995636,True,True,WRITING,0.9903890923375176
777,1776752431.7627938,272,13,1.0,person,0.55,1.0,0.3704429268836975,False,False,,0.6503452502545856
777,1776752431.7627938,280,14,1.0,person,0.55,1.0,0.5252052545547485,False,False,,0.6019262924080803
777,1776752431.7627938,301,16,1.0,person,0.85,0.85,0.1668705642223358,True,True,WRITING,0.9747593658311026
777,1776752431.7627938,310,3,1.0,person,0.55,1.0,0.1063639149069786,False,False,,0.702919791709809
777,1776752431.7627938,319,17,1.0,person,0.85,0.85,0.2082884311676025,True,True,WRITING,0.9731039539689108
777,1776752431.7627938,287,15,1.0,person,0.7,1.0,0.2932952642440796,True,False,FOCUSED,0.7209129409279141
777,1776752431.7627938,270,12,1.0,person,0.9065152273370272,1.0,0.2458045035600662,False,False,,0.8970602679820288
777,1776752431.7627938,249,8,1.0,person,0.905645444232935,1.0,0.2259227335453033,False,False,,0.6498222925833294
779,1776752434.9600587,255,9,1.0,person,0.55,1.0,0.1816033124923706,False,False,,0.6968671409856705
779,1776752434.9600587,264,11,1.0,person,0.85,1.0,0.2107018232345581,True,True,WRITING,0.9901764960516064
779,1776752434.9600587,272,13,1.0,person,0.55,1.0,0.2309460639953613,False,False,,0.660864386104402
779,1776752434.9600587,280,14,1.0,person,0.55,1.0,0.5720933079719543,False,False,,0.5954445457174664
779,1776752434.9600587,301,16,1.0,person,0.85,0.85,0.4413433074951172,True,True,WRITING,0.9729004062357404
779,1776752434.9600587,310,3,1.0,person,0.55,1.0,0.1357674896717071,False,False,,0.6839969910326458
779,1776752434.9600587,319,17,1.0,person,0.85,0.85,0.1560022085905075,True,True,WRITING,0.9739831955659958
779,1776752434.9600587,287,15,1.0,person,0.7,1.0,0.214253693819046,True,False,FOCUSED,0.7631205803155899
779,1776752434.9600587,270,12,1.0,person,0.9319733697507682,1.0,0.2146764993667602,False,False,,0.8939326072023027
779,1776752434.9600587,249,8,1.0,person,0.55,1.0,0.1915240734815597,False,False,,0.6717632235515684
781,1776752438.150082,255,9,1.0,person,0.55,1.0,0.175553098320961,False,False,,0.6979522697982334
781,1776752438.150082,264,11,1.0,person,0.85,1.0,0.2037376910448074,True,True,WRITING,0.989881693607285
781,1776752438.150082,272,13,1.0,person,0.55,1.0,0.1561218351125717,False,False,,0.6667319310562951
781,1776752438.150082,280,14,1.0,person,0.55,1.0,0.8424070477485657,False,False,,0.5883282251301266
781,1776752438.150082,301,16,1.0,person,0.85,0.85,0.555217444896698,True,True,WRITING,0.969767390262513
781,1776752438.150082,310,3,1.0,person,0.55,1.0,0.3254042267799377,False,False,,0.6581111571618489
781,1776752438.150082,319,17,1.0,person,0.85,0.85,0.1632605642080307,True,True,WRITING,0.974572758589472
781,1776752438.150082,287,15,1.0,person,0.7,1.0,0.2641278207302093,True,False,FOCUSED,0.8046398204565047
781,1776752438.150082,270,12,1.0,person,0.938405014660896,1.0,0.1058761849999427,False,False,,0.8964422401927766
781,1776752438.150082,249,8,1.0,person,0.5,0.5,0.1123157292604446,False,False,,0.6653701726879392
781,1776752438.150082,282,18,1.0,person,0.55,1.0,0.321512222290039,False,False,,0.6495037146977016
783,1776752441.6704257,255,9,1.0,person,0.55,1.0,0.2387863844633102,False,False,,0.6932237006369091
783,1776752441.6704257,264,11,1.0,person,0.85,1.0,0.0908129438757896,True,True,WRITING,0.9908053137007212
783,1776752441.6704257,272,13,1.0,person,0.55,1.0,0.1124127879738807,False,False,,0.6744915992021561
783,1776752441.6704257,280,14,1.0,person,0.55,1.0,0.7401477694511414,False,False,,0.5870718447935013
783,1776752441.6704257,301,16,1.0,person,0.85,0.85,0.5584815144538879,True,True,WRITING,0.967585714090438
783,1776752441.6704257,310,3,1.0,person,0.55,1.0,0.1853101104497909,False,False,,0.6719835260084697
783,1776752441.6704257,319,17,1.0,person,0.8589148460417728,0.85,0.224224716424942,True,True,WRITING,0.9749618570009868
783,1776752441.6704257,287,15,1.0,person,0.85,1.0,0.4288040995597839,True,True,WRITING,0.8521564928690593
783,1776752441.6704257,270,12,1.0,person,0.9084421608708412,1.0,0.1227086409926414,False,False,,0.8978059036391123
783,1776752441.6704257,249,8,1.0,person,0.5,0.5,0.1894786655902862,False,False,,0.6505799612828663
783,1776752441.6704257,282,18,1.0,person,0.55,1.0,0.370733380317688,False,False,,0.6427882586206709
785,1776752445.2785614,255,9,1.0,person,0.55,1.0,0.0716530606150627,False,False,,0.7018868845133553
785,1776752445.2785614,264,11,1.0,person,0.85,1.0,0.2291806042194366,True,True,WRITING,0.9903161802462168
785,1776752445.2785614,272,13,1.0,person,0.55,1.0,0.1600904017686844,False,False,,0.6778796952395213
785,1776752445.2785614,280,14,1.0,person,0.55,1.0,0.4077444672584533,False,False,,0.591965827345848
785,1776752445.2785614,301,16,1.0,person,0.85,0.85,0.3710874021053314,True,True,WRITING,0.9664384282770612
785,1776752445.2785614,310,3,1.0,person,0.55,1.0,0.3071308135986328,False,False,,0.6762359905810583
785,1776752445.2785614,319,17,1.0,person,0.85,0.85,0.1267372220754623,True,True,WRITING,0.9759732648020698
785,1776752445.2785614,287,15,1.0,person,0.7,1.0,0.4672981798648834,True,False,,0.8337826444705326
785,1776752445.2785614,270,12,1.0,person,0.8568770866030548,1.0,0.1387225538492202,False,False,,0.8949300866751444
785,1776752445.2785614,249,8,1.0,person,0.5,0.5,0.1473980993032455,False,False,,0.6298294067382812
785,1776752445.2785614,282,18,1.0,person,0.55,1.0,0.2017405778169632,False,False,,0.6510238769508544
787,1776752448.855378,255,9,1.0,person,0.55,1.0,0.1286229193210601,False,False,,0.7079710080510094
787,1776752448.855378,264,11,1.0,person,0.85,1.0,0.1492590010166168,True,True,WRITING,0.9905957473175868
787,1776752448.855378,272,13,1.0,person,0.55,1.0,0.4181485772132873,False,False,,0.6655619638306753
787,1776752448.855378,280,14,1.0,person,0.55,1.0,0.3638183772563934,False,False,,0.5989466759420576
787,1776752448.855378,301,16,1.0,person,0.85,0.85,0.3473828434944153,True,True,WRITING,0.965988366376786
787,1776752448.855378,310,3,1.0,person,0.55,1.0,0.2006376236677169,False,False,,0.6779608779010319
787,1776752448.855378,319,17,1.0,person,0.85,0.85,0.1090328097343444,True,True,WRITING,0.9768653739066352
787,1776752448.855378,287,15,1.0,person,0.7,1.0,0.4470957815647125,True,False,,0.8212346609149659
787,1776752448.855378,270,12,1.0,person,0.8699999878045694,1.0,0.1721388101577758,False,False,,0.8881487633500781
787,1776752448.855378,249,8,1.0,person,0.5,0.5,0.2597476243972778,False,False,,0.6003639428388504
789,1776752452.1225643,255,9,1.0,person,0.55,1.0,0.2223635017871856,False,False,,0.704752185514995
789,1776752452.1225643,264,11,1.0,person,0.85,1.0,0.2129271924495697,True,True,WRITING,0.9903454134861628
789,1776752452.1225643,272,13,1.0,person,0.55,1.0,0.0975408107042312,False,False,,0.6794647343101955
789,1776752452.1225643,280,14,1.0,person,0.55,1.0,0.4250811040401459,False,False,,0.5995168328285216
789,1776752452.1225643,301,16,1.0,person,0.9167152025143772,0.85,0.2778499722480774,True,True,WRITING,0.9663113007942836
789,1776752452.1225643,310,3,1.0,person,0.55,1.0,0.4383808076381683,False,False,,0.672570831718899
789,1776752452.1225643,319,17,1.0,person,0.85,0.85,0.2453480213880539,True,True,WRITING,0.9762014803432284
789,1776752452.1225643,287,15,1.0,person,0.7,1.0,0.6400685906410217,True,False,,0.8038689420620599
789,1776752452.1225643,270,12,1.0,person,0.8751571102819571,1.0,0.0931573882699012,False,False,,0.8895643211546398
789,1776752452.1225643,249,8,1.0,person,0.9399828852588498,1.0,0.1064454540610313,False,False,,0.6597633439870108
789,1776752452.1225643,282,18,1.0,person,0.55,1.0,0.2119773626327514,False,False,,0.6504317607198442
791,1776752455.682345,255,9,1.0,person,0.55,1.0,0.0899748876690864,False,False,,0.7095264991124471
791,1776752455.682345,264,11,1.0,person,0.85,1.0,0.1608639061450958,True,True,WRITING,0.9904952354374386
791,1776752455.682345,272,13,1.0,person,0.55,1.0,0.0966826155781745,False,False,,0.6970463827961968
791,1776752455.682345,280,14,1.0,person,0.55,1.0,0.5080172419548035,False,False,,0.5922520626158941
791,1776752455.682345,301,16,1.0,person,0.8944004646253662,0.85,0.1248531341552734,True,True,WRITING,0.9678028807753608
791,1776752455.682345,310,3,1.0,person,0.55,1.0,0.1865504533052444,False,False,,0.6763848740430105
791,1776752455.682345,319,17,1.0,person,0.85,0.85,0.1209163442254066,True,True,WRITING,0.9766651888688406
791,1776752455.682345,287,15,1.0,person,0.85,0.65,1.0,True,True,WRITING,0.8294455399399712
791,1776752455.682345,270,12,1.0,person,0.856095059666238,1.0,0.2205319106578827,False,False,,0.8794820713145391
791,1776752455.682345,249,8,1.0,person,0.5,1.0,0.0907877311110496,False,False,,0.6644603418452398
791,1776752455.682345,282,18,1.0,person,0.55,1.0,0.0914284959435463,False,False,,0.6661502958763214
793,1776752459.208006,255,9,1.0,person,0.55,1.0,0.2598926126956939,False,False,,0.7062731300081525
793,1776752459.208006,264,11,1.0,person,0.85,1.0,0.1105142831802368,True,True,WRITING,0.991637278880392
793,1776752459.208006,272,13,1.0,person,0.55,1.0,0.1648131757974624,False,False,,0.7044638090190434
793,1776752459.208006,280,14,1.0,person,0.55,1.0,0.5156918168067932,False,False,,0.5908075111252921
793,1776752459.208006,301,16,1.0,person,0.85,0.85,0.186513677239418,True,True,WRITING,0.96853688004471
793,1776752459.208006,310,3,1.0,person,0.55,1.0,0.3169761300086975,False,False,,0.6672708853369667
793,1776752459.208006,319,17,1.0,person,0.85,0.85,0.1620778143405914,True,True,WRITING,0.9768642655440738
793,1776752459.208006,287,15,1.0,person,0.55,0.5,1.0,False,False,,0.7501859907025382
793,1776752459.208006,270,12,1.0,person,0.8909408060908585,1.0,0.1516561210155487,False,False,,0.8819988589911234
793,1776752459.208006,249,8,1.0,person,0.5,1.0,0.0935060605406761,False,False,,0.6583088998283658
795,1776752462.520179,255,9,1.0,person,0.55,1.0,0.2819897532463074,False,False,,0.6991789064237048
795,1776752462.520179,264,11,1.0,person,0.85,1.0,0.1148993521928787,True,True,WRITING,0.9922465745891844
795,1776752462.520179,272,13,1.0,person,0.55,1.0,0.2442201673984527,False,False,,0.7016226173866361
795,1776752462.520179,280,14,1.0,person,0.55,1.0,0.509337842464447,False,False,,0.58936295963469
795,1776752462.520179,301,16,1.0,person,0.9046559756202468,0.85,0.1966377347707748,True,True,WRITING,0.9701784636293138
795,1776752462.520179,310,3,1.0,person,0.55,1.0,0.4002735614776611,False,False,,0.6544467579750788
795,1776752462.520179,319,17,1.0,person,0.85,0.85,0.0792131572961807,True,True,WRITING,0.9775396386782328
795,1776752462.520179,287,15,1.0,person,0.55,1.0,0.7951288819313049,False,False,,0.7024145367032005
795,1776752462.520179,270,12,1.0,person,0.9050751416338922,1.0,0.0591984800994396,False,False,,0.8897031375340053
795,1776752462.520179,249,8,1.0,person,0.5,0.5,0.1354615092277526,False,False,,0.6378632251705442
797,1776752465.902272,255,9,1.0,person,0.55,1.0,0.1477785855531692,False,False,,0.7013372594401949
797,1776752465.902272,264,11,1.0,person,0.85,1.0,0.1655027568340301,True,True,WRITING,0.992352279878798
797,1776752465.902272,272,13,1.0,person,0.55,1.0,0.1369029581546783,False,False,,0.7038612848236446
797,1776752465.902272,280,14,1.0,person,0.55,1.0,0.4747183322906494,False,False,,0.5896038466975803
797,1776752465.902272,301,16,1.0,person,0.85,0.85,0.1329116821289062,True,True,WRITING,0.972612127661705
797,1776752465.902272,310,3,1.0,person,0.55,1.0,0.6690946817398071,False,False,,0.6416519481511344
797,1776752465.902272,319,17,1.0,person,0.85,0.85,0.1248258352279663,True,True,WRITING,0.97781511928354
797,1776752465.902272,287,15,1.0,person,0.55,1.0,0.755416750907898,False,False,,0.6593454636562438
797,1776752465.902272,270,12,1.0,person,0.9293230335408784,1.0,0.0965001657605171,False,False,,0.8930227536530722
797,1776752465.902272,249,8,1.0,person,0.5,1.0,0.1377273648977279,False,False,,0.6543197688602266
799,1776752469.0574005,255,9,1.0,person,0.55,1.0,0.1691755950450897,False,False,,0.7037435528777894
799,1776752469.0574005,264,11,1.0,person,0.85,1.0,0.108457826077938,True,True,WRITING,0.992507300916172
799,1776752469.0574005,272,13,1.0,person,0.55,1.0,0.1718309074640274,False,False,,0.702431076339313
799,1776752469.0574005,280,14,1.0,person,0.55,1.0,0.3842811584472656,False,False,,0.595753494188899
799,1776752469.0574005,301,16,1.0,person,0.85,0.85,0.1896276175975799,True,True,WRITING,0.9743334516173316
799,1776752469.0574005,310,3,1.0,person,0.55,1.0,0.5245503187179565,False,False,,0.6256858560301009
799,1776752469.0574005,319,17,1.0,person,0.85,0.85,0.2212735414505005,True,True,WRITING,0.9774817249604631
799,1776752469.0574005,287,15,1.0,person,0.55,1.0,0.55775386095047,False,False,,0.6203673578443981
799,1776752469.0574005,270,12,1.0,person,0.9108133726489048,1.0,0.1018525958061218,False,False,,0.8960035074324835
799,1776752469.0574005,249,8,1.0,person,0.5,1.0,0.0919414833188057,False,False,,0.6743686561073575
799,1776752469.0574005,282,18,1.0,person,0.55,1.0,0.3065236508846283,False,False,,0.6622964729865392
801,1776752472.3966715,255,9,1.0,person,0.55,1.0,0.1496933698654174,False,False,,0.7023419425601051
801,1776752472.3966715,264,11,1.0,person,0.85,1.0,0.183707520365715,True,True,WRITING,0.9925399131718136
801,1776752472.3966715,272,13,1.0,person,0.8133754880418067,1.0,0.2112883776426315,False,False,,0.7219634865011487
801,1776752472.3966715,280,14,1.0,person,0.55,1.0,0.3252381980419159,False,False,,0.6026524312439419
801,1776752472.3966715,301,16,1.0,person,0.85,0.85,0.1474164426326751,True,True,WRITING,0.9755177143074216
801,1776752472.3966715,310,3,1.0,person,0.55,1.0,0.6013338565826416,False,False,,0.6146988789240518
801,1776752472.3966715,319,17,1.0,person,0.85,0.85,0.1232965365052223,True,True,WRITING,0.9776148760602588
801,1776752472.3966715,287,15,1.0,person,0.55,1.0,0.6000831723213196,False,False,,0.6087277566818964
801,1776752472.3966715,270,12,1.0,person,0.8853131180508642,1.0,0.1628907620906829,False,False,,0.8949757601533617
801,1776752472.3966715,282,18,1.0,person,0.55,1.0,0.1220908313989639,False,False,,0.6771472525028956
803,1776752475.396261,255,9,1.0,person,0.55,1.0,0.1067055463790893,False,False,,0.7058055273124149
803,1776752475.396261,264,11,1.0,person,0.85,1.0,0.0977052003145217,True,True,WRITING,0.9929767102003098
803,1776752475.396261,272,13,1.0,person,0.55,1.0,0.1085634008049964,False,False,,0.732445450765746
803,1776752475.396261,280,14,1.0,person,0.55,1.0,0.3125686347484588,False,False,,0.6087480871450334
803,1776752475.396261,301,16,1.0,person,0.85,0.85,0.1835539638996124,True,True,WRITING,0.9761830369631448
803,1776752475.396261,310,3,1.0,person,0.55,1.0,0.2352716475725174,False,False,,0.6192362182197116
803,1776752475.396261,319,17,1.0,person,0.85,0.85,0.0966618731617927,True,True,WRITING,0.9779047093221118
803,1776752475.396261,287,15,1.0,person,0.55,1.0,0.3985540270805359,False,False,,0.604322582710357
803,1776752475.396261,270,12,1.0,person,0.8364147911916938,1.0,0.0675694122910499,False,False,,0.8966598106282099
803,1776752475.396261,282,18,1.0,person,0.55,1.0,0.3636413216590881,False,False,,0.6773140551078886
803,1776752475.396261,249,8,1.0,person,0.55,1.0,0.154879480600357,False,False,,0.6909358572392237
805,1776752478.7185783,255,9,1.0,person,0.55,1.0,0.1001213416457176,False,False,,0.7122819821039835
805,1776752478.7185783,264,11,1.0,person,0.85,1.0,0.1971661150455474,True,True,WRITING,0.9927813609441122
805,1776752478.7185783,272,13,1.0,person,0.55,1.0,0.3648205697536468,False,False,,0.7152091654993238
805,1776752478.7185783,280,14,1.0,person,0.55,1.0,0.2709876894950866,False,False,,0.6191221218733561
805,1776752478.7185783,301,16,1.0,person,0.935076872280052,0.85,0.1493699848651886,True,True,WRITING,0.9767873727139972
805,1776752478.7185783,310,3,1.0,person,0.55,1.0,0.1100838556885719,False,False,,0.6390769982621783
805,1776752478.7185783,319,17,1.0,person,0.85,0.85,0.1657285988330841,True,True,WRITING,0.978098464154062
805,1776752478.7185783,287,15,1.0,person,0.55,1.0,0.2928295433521271,False,False,,0.6091389601287388
805,1776752478.7185783,270,12,1.0,person,0.8651962760096645,1.0,0.0845275968313217,False,False,,0.8968729256164459
805,1776752478.7185783,282,18,1.0,person,0.55,1.0,0.2353511750698089,False,False,,0.6802845519213448
807,1776752481.7464309,255,9,1.0,person,0.55,1.0,0.1109753847122192,False,False,,0.7136701991160711
807,1776752481.7464309,264,11,1.0,person,0.85,1.0,0.2392399609088897,True,True,WRITING,0.9920400792644136
807,1776752481.7464309,272,13,1.0,person,0.55,1.0,0.3899831175804138,False,False,,0.6975436189344951
807,1776752481.7464309,280,14,1.0,person,0.55,1.0,0.1841897219419479,False,False,,0.6366894443829855
807,1776752481.7464309,301,16,1.0,person,0.85,0.85,0.2433083355426788,True,True,WRITING,0.9759859974895204
807,1776752481.7464309,310,3,1.0,person,0.55,1.0,1.0,False,False,,0.6241648933717182
807,1776752481.7464309,319,17,1.0,person,0.85,0.85,0.1366279870271682,True,True,WRITING,0.9780429282358716
807,1776752481.7464309,287,15,1.0,person,0.55,1.0,0.2220159024000167,False,False,,0.5996540140537988
807,1776752481.7464309,270,12,1.0,person,0.8760072187347197,1.0,0.197754830121994,False,False,,0.8947767303103492
807,1776752481.7464309,282,18,1.0,person,0.55,1.0,0.173423945903778,False,False,,0.6883795601981028
809,1776752484.759794,255,9,1.0,person,0.55,1.0,0.1374314725399017,False,False,,0.7182494714146568
809,1776752484.759794,264,11,1.0,person,0.85,1.0,0.1614893972873687,True,True,WRITING,0.9918135489736284
809,1776752484.759794,272,13,1.0,person,0.55,1.0,0.419643223285675,False,False,,0.6812439823434465
809,1776752484.759794,280,14,1.0,person,0.55,1.0,0.1231441721320152,False,False,,0.6568226143008187
809,1776752484.759794,301,16,1.0,person,0.8870385138512689,0.85,0.0914978086948394,True,True,WRITING,0.9767404333466576
809,1776752484.759794,310,3,1.0,person,0.85,1.0,0.3236750364303589,True,True,WRITING,0.6826079026574181
809,1776752484.759794,319,17,1.0,person,0.85,0.85,0.1277750432491302,True,True,WRITING,0.9782175215936842
809,1776752484.759794,287,15,1.0,person,0.55,1.0,0.1391841024160385,False,False,,0.6334150751431783
809,1776752484.759794,270,12,1.0,person,0.8376887494462575,1.0,0.0584408938884735,False,False,,0.8953355678490228
809,1776752484.759794,282,18,1.0,person,0.55,1.0,0.1660452634096145,False,False,,0.6911985533578054
809,1776752484.759794,249,8,1.0,person,0.9388561831679187,1.0,0.1382191926240921,False,False,,0.7421807015226002
811,1776752488.036816,255,9,1.0,person,0.55,1.0,0.210237979888916,False,False,,0.7180231752849761
811,1776752488.036816,264,11,1.0,person,0.85,1.0,0.1342611610889434,True,True,WRITING,0.9918599192585263
811,1776752488.036816,272,13,1.0,person,0.55,1.0,0.3695574998855591,False,False,,0.6717656488929477
811,1776752488.036816,280,14,1.0,person,0.55,1.0,0.2213027477264404,False,False,,0.668617328008016
811,1776752488.036816,301,16,1.0,person,0.85,0.85,0.2039531469345092,True,True,WRITING,0.9765373468399048
811,1776752488.036816,310,3,1.0,person,0.85,1.0,0.2852082848548889,True,True,WRITING,0.7397560712837037
811,1776752488.036816,319,17,1.0,person,0.85,0.85,0.1125099435448646,True,True,WRITING,0.9782029674166726
811,1776752488.036816,287,15,1.0,person,0.55,1.0,0.1594568043947219,False,False,,0.651606449626741
811,1776752488.036816,270,12,1.0,person,0.9089768748833782,1.0,0.0878072530031204,False,False,,0.8966039773963747
811,1776752488.036816,282,18,1.0,person,0.55,1.0,0.1712581813335418,False,False,,0.6937925134386335
813,1776752491.3750107,255,9,1.0,person,0.55,1.0,0.1455921083688736,False,False,,0.7179303226016817
813,1776752491.3750107,264,11,1.0,person,0.85,1.0,0.0573328658938407,True,True,WRITING,0.9927396178245544
813,1776752491.3750107,272,13,1.0,person,0.55,1.0,0.1992745399475097,False,False,,0.6711701431444711
813,1776752491.3750107,280,14,1.0,person,0.55,1.0,0.1989329755306244,False,False,,0.6798538991383144
813,1776752491.3750107,301,16,1.0,person,0.85,0.85,0.1629828661680221,True,True,WRITING,0.976452437894685
813,1776752491.3750107,310,3,1.0,person,0.85,1.0,0.8375145792961121,True,True,WRITING,0.7907361460583551
813,1776752491.3750107,319,17,1.0,person,0.85,0.85,0.1320631206035614,True,True,WRITING,0.9782081870805652
813,1776752491.3750107,287,15,1.0,person,0.55,1.0,0.163816213607788,False,False,,0.6678855575266338
813,1776752491.3750107,270,12,1.0,person,0.90737847354168,1.0,0.139083132147789,False,False,,0.8946335670493898
813,1776752491.3750107,249,8,1.0,person,0.5,1.0,0.1289604157209396,False,False,,0.7216867747760954
815,1776752494.4579246,255,9,1.0,person,0.55,1.0,0.0871451795101165,False,False,,0.7223348667224249
815,1776752494.4579246,264,11,1.0,person,0.85,1.0,0.0992092713713646,True,True,WRITING,0.9930022209882736
815,1776752494.4579246,272,13,1.0,person,0.55,1.0,0.1324673593044281,False,False,,0.6763234024956114
815,1776752494.4579246,280,14,1.0,person,0.55,1.0,0.1413938105106353,False,False,,0.6910292215290523
815,1776752494.4579246,301,16,1.0,person,0.85,0.85,0.1277714520692825,True,True,WRITING,0.9768814054273424
815,1776752494.4579246,310,3,1.0,person,0.85,1.0,1.0,True,True,WRITING,0.8358011708373114
815,1776752494.4579246,319,17,1.0,person,0.9333240652983534,1.0,0.0780224427580833,True,True,WRITING,0.9815125103507724
815,1776752494.4579246,287,15,1.0,person,0.55,1.0,0.2126027345657348,False,False,,0.6793113538197108
815,1776752494.4579246,270,12,1.0,person,0.9200565964797418,1.0,0.1015550345182418,False,False,,0.8973689292158399
815,1776752494.4579246,249,8,1.0,person,0.5,0.5,0.076569452881813,False,False,,0.6976780465670994
817,1776752497.6483295,255,9,1.0,person,0.55,1.0,0.2253400981426239,False,False,,0.7165791541337967
817,1776752497.6483295,264,11,1.0,person,0.85,1.0,0.2277233153581619,True,True,WRITING,0.9924571216106416
817,1776752497.6483295,272,13,1.0,person,0.55,1.0,0.1452992111444473,False,False,,0.6721548501934325
817,1776752497.6483295,280,14,1.0,person,0.55,1.0,0.1475097239017486,False,False,,0.6989532687834331
817,1776752497.6483295,301,16,1.0,person,0.85,0.85,0.2533418834209442,True,True,WRITING,0.9760763822566894
817,1776752497.6483295,310,3,1.0,person,0.55,1.0,0.7238911390304565,False,False,,0.8139019099019822
817,1776752497.6483295,319,17,1.0,person,0.85,0.85,0.1731400042772293,True,True,WRITING,0.9809104260944184
817,1776752497.6483295,287,15,1.0,person,0.55,1.0,0.3026925921440124,False,False,,0.6833626095737729
817,1776752497.6483295,270,12,1.0,person,0.9447564381663248,1.0,0.1958028525114059,False,False,,0.8984776458569934
817,1776752497.6483295,249,8,1.0,person,0.5,0.5,0.1022664085030555,False,False,,0.6737518644049055
817,1776752497.6483295,282,18,1.0,person,0.55,1.0,0.1733986437320709,False,False,,0.6926056245962778
819,1776752500.9606712,255,9,1.0,person,0.55,1.0,0.1703851073980331,False,False,,0.713619107291812
819,1776752500.9606712,264,11,1.0,person,0.85,1.0,0.130420371890068,True,True,WRITING,0.9924419224262238
819,1776752500.9606712,272,13,1.0,person,0.55,1.0,0.1855742633342743,False,False,,0.6730260323910485
819,1776752500.9606712,280,14,1.0,person,0.55,1.0,0.2617529332637787,False,False,,0.6980527909029098
819,1776752500.9606712,301,16,1.0,person,0.893112224946949,0.85,0.1897735297679901,True,True,WRITING,0.9759932075228008
819,1776752500.9606712,310,3,1.0,person,0.55,1.0,0.4412980079650879,False,False,,0.788352442355383
819,1776752500.9606712,319,17,1.0,person,0.85,0.85,0.1255148500204086,True,True,WRITING,0.9806397635312308
819,1776752500.9606712,287,15,1.0,person,0.55,1.0,0.257582277059555,False,False,,0.6865832046383903
819,1776752500.9606712,270,12,1.0,person,0.9538295491253256,1.0,0.1150780096650123,False,False,,0.9045499180044446
819,1776752500.9606712,249,8,1.0,person,0.5,0.5,0.1129276901483535,False,False,,0.6628553711232685
821,1776752503.9797006,255,9,1.0,person,0.55,1.0,0.0893145948648452,False,False,,0.7161788812705449
821,1776752503.9797006,264,11,1.0,person,0.85,1.0,0.1189281344413757,True,True,WRITING,0.9928971897988093
821,1776752503.9797006,272,13,1.0,person,0.55,1.0,0.1535654366016388,False,False,,0.6837194938035238
821,1776752503.9797006,280,14,1.0,person,0.55,1.0,0.3108078837394714,False,False,,0.6924519787232081
821,1776752503.9797006,301,16,1.0,person,0.9549157470949284,0.85,0.2748143672943115,True,True,WRITING,0.9750829828636988
821,1776752503.9797006,310,3,1.0,person,0.55,1.0,1.0,False,False,,0.7562937990540549
821,1776752503.9797006,319,17,1.0,person,0.85,0.85,0.1396790444850921,True,True,WRITING,0.9805149038632712
821,1776752503.9797006,287,15,1.0,person,0.55,1.0,0.2674359083175659,False,False,,0.6854548929702667
821,1776752503.9797006,270,12,1.0,person,0.8909289887667549,1.0,0.0443957895040512,False,False,,0.9090765714645386
821,1776752503.9797006,249,8,1.0,person,0.5,0.5,0.0749602913856506,False,False,,0.6437331856716247
823,1776752507.3585167,255,9,1.0,person,0.55,1.0,0.1518883258104324,False,False,,0.7148257288194838
823,1776752507.3585167,264,11,1.0,person,0.85,1.0,0.1508110463619232,True,True,WRITING,0.9931904524564744
823,1776752507.3585167,272,13,1.0,person,0.55,1.0,0.2620421946048736,False,False,,0.6868941265912283
823,1776752507.3585167,280,14,1.0,person,0.55,1.0,0.2205846011638641,False,False,,0.6905757295233862
823,1776752507.3585167,301,16,1.0,person,0.9746358677608497,0.75,0.5600740313529968,False,False,,0.9314260267951648
823,1776752507.3585167,310,3,1.0,person,0.55,1.0,0.5322088003158569,False,False,,0.7372323598180497
823,1776752507.3585167,319,17,1.0,person,0.85,0.85,0.1726745516061782,True,True,WRITING,0.9799956537428356
823,1776752507.3585167,287,15,1.0,person,0.55,1.0,0.1839710175991058,False,False,,0.6877467412324179
823,1776752507.3585167,270,12,1.0,person,0.948317405823052,1.0,0.1077515631914138,False,False,,0.9166665616489592
823,1776752507.3585167,249,8,1.0,person,0.5,0.5,0.1280495971441269,False,False,,0.6212503612041473
823,1776752507.3585167,282,18,1.0,person,0.55,1.0,0.2089702636003494,False,False,,0.6955832044283549
825,1776752510.6812794,255,9,1.0,person,0.55,1.0,0.1760620921850204,False,False,,0.7128117084503174
825,1776752510.6812794,264,11,1.0,person,0.85,1.0,0.1416988968849182,True,True,WRITING,0.9932293345530828
825,1776752510.6812794,272,13,1.0,person,0.55,0.75,0.3668253719806671,False,False,,0.670821407011577
825,1776752510.6812794,280,14,1.0,person,0.55,1.0,0.2821490466594696,False,False,,0.6830243333464576
825,1776752510.6812794,301,16,1.0,person,0.9879875145426796,0.75,0.3948176503181457,False,False,,0.8984530787283557
825,1776752510.6812794,310,3,1.0,person,0.55,1.0,0.5530060529708862,False,False,,0.6889697587206248
825,1776752510.6812794,319,17,1.0,person,0.85,0.85,0.1529548317193985,True,True,WRITING,0.9796305738744282
825,1776752510.6812794,287,15,1.0,person,0.55,1.0,0.4628401696681976,False,False,,0.6688995148454393
825,1776752510.6812794,270,12,1.0,person,0.9126951397286472,1.0,0.0796982422471046,False,False,,0.9196873619442892
825,1776752510.6812794,249,8,1.0,person,0.5,0.5,0.0654051750898361,False,False,,0.6049140109902337
827,1776752513.765367,255,9,1.0,person,0.55,1.0,0.0862470269203186,False,False,,0.7190494920526233
827,1776752513.765367,264,11,1.0,person,0.85,1.0,0.1690644174814224,True,True,WRITING,0.9929311488355907
827,1776752513.765367,272,13,1.0,person,0.55,1.0,0.3694615960121155,False,False,,0.6662832519837788
827,1776752513.765367,280,14,1.0,person,0.55,1.0,1.0,False,False,,0.6645112391029085
827,1776752513.765367,301,16,1.0,person,0.9864092308480028,0.75,0.3390710949897766,False,False,,0.8720780760394868
827,1776752513.765367,310,3,1.0,person,0.55,1.0,0.2000852525234222,False,False,,0.6654309542406173
827,1776752513.765367,319,17,1.0,person,0.85,0.85,0.1922001838684082,True,True,WRITING,0.9788989197640192
827,1776752513.765367,287,15,1.0,person,0.55,1.0,0.4124042987823486,False,False,,0.6555351267258326
827,1776752513.765367,270,12,1.0,person,0.8942333473587638,1.0,0.1518170833587646,False,False,,0.9143095498993284
827,1776752513.765367,249,8,1.0,person,0.5,0.5,0.059665709733963,False,False,,0.5762538306769871
827,1776752513.765367,282,18,1.0,person,0.55,1.0,0.1038506031036377,False,False,,0.6998347100757417
829,1776752517.1529815,255,9,1.0,person,0.55,1.0,0.142240971326828,False,False,,0.7191168885855448
829,1776752517.1529815,264,11,1.0,person,0.85,1.0,0.1849770843982696,True,True,WRITING,0.9922463312035514
829,1776752517.1529815,272,13,1.0,person,0.55,1.0,0.154508039355278,False,False,,0.6712096539281663
829,1776752517.1529815,280,14,1.0,person,0.55,1.0,0.2520023584365845,False,False,,0.6632193125429607
829,1776752517.1529815,301,16,1.0,person,0.9881528176491976,0.75,0.3969519436359405,False,False,,0.8441317302919865
829,1776752517.1529815,310,3,1.0,person,0.55,1.0,0.2790824472904205,False,False,,0.642059785695303
829,1776752517.1529815,319,17,1.0,person,0.85,0.85,0.1762858778238296,True,True,WRITING,0.9784171460639862
829,1776752517.1529815,287,15,1.0,person,0.55,1.0,0.1587657630443573,False,False,,0.6604090389751253
829,1776752517.1529815,270,12,1.0,person,0.9313408949545984,1.0,0.1274747848510742,False,False,,0.915561521337146
829,1776752517.1529815,249,8,1.0,person,0.5,0.5,0.1228696852922439,False,False,,0.5628128328493663
829,1776752517.1529815,282,18,1.0,person,0.55,1.0,0.1297740340232849,False,False,,0.7091725738275619
831,1776752520.496024,255,9,1.0,person,0.55,1.0,0.0933493822813034,False,False,,0.7207578541267484
831,1776752520.496024,264,11,1.0,person,0.85,1.0,0.1883361637592315,True,True,WRITING,0.991759058975038
831,1776752520.496024,272,13,1.0,person,0.55,0.75,0.2474377453327179,False,False,,0.6553187980538323
831,1776752520.496024,280,14,1.0,person,0.55,1.0,1.0,False,False,,0.644002950759161
831,1776752520.496024,301,16,1.0,person,0.9917978682077228,0.75,0.4498140811920166,False,False,,0.8154172807746388
831,1776752520.496024,310,3,1.0,person,0.55,1.0,0.15187469124794,False,False,,0.6312584468296595
831,1776752520.496024,319,17,1.0,person,0.85,0.85,0.2010528594255447,True,True,WRITING,0.9764908729564576
831,1776752520.496024,287,15,1.0,person,0.55,1.0,0.179230123758316,False,False,,0.6652885121958596
831,1776752520.496024,270,12,1.0,person,0.8772041712468284,1.0,0.1006297245621681,False,False,,0.9123688517581848
831,1776752520.496024,249,8,1.0,person,0.5,0.5,0.1305733919143676,False,False,,0.5598323657399132
831,1776752520.496024,282,18,1.0,person,0.55,1.0,0.0972082838416099,False,False,,0.7159023930629095
833,1776752523.7845063,255,9,1.0,person,0.55,1.0,0.1254930049180984,False,False,,0.7242338863157091
833,1776752523.7845063,264,11,1.0,person,0.85,1.0,0.1838438808917999,True,True,WRITING,0.9918212471973328
833,1776752523.7845063,272,13,1.0,person,0.55,0.75,0.228203684091568,False,False,,0.6425171657687142
833,1776752523.7845063,280,14,1.0,person,0.55,1.0,0.216270163655281,False,False,,0.6455843000184922
833,1776752523.7845063,301,16,1.0,person,0.9997402389370844,1.0,0.3651042282581329,False,False,,0.8087895111927464
833,1776752523.7845063,310,3,1.0,person,0.55,1.0,0.4124267101287842,False,False,,0.6326792342322213
833,1776752523.7845063,319,17,1.0,person,0.85,0.85,0.1208113878965377,True,True,WRITING,0.97689622427736
833,1776752523.7845063,287,15,1.0,person,0.55,1.0,0.3173244893550873,False,False,,0.6633767755258652
833,1776752523.7845063,270,12,1.0,person,0.8539320247346489,1.0,0.1457304060459137,False,False,,0.9062914479346502
833,1776752523.7845063,249,8,1.0,person,0.5,0.5,0.2767044901847839,False,False,,0.5481011917193731
833,1776752523.7845063,282,18,1.0,person,0.55,1.0,0.1664701998233795,False,False,,0.7155875854548954
835,1776752527.042744,255,9,1.0,person,0.55,1.0,0.17107854783535,False,False,,0.7226252797104064
835,1776752527.042744,264,11,1.0,person,0.85,1.0,0.2312489002943039,True,True,WRITING,0.9911147696631296
835,1776752527.042744,272,13,1.0,person,0.55,0.75,0.2927843034267425,False,False,,0.6278485201653979
835,1776752527.042744,280,14,1.0,person,0.55,1.0,0.1932435929775238,False,False,,0.652292268191065
835,1776752527.042744,301,16,1.0,person,0.9697781226822284,1.0,0.4267231523990631,False,False,,0.7967407083930605
835,1776752527.042744,310,3,1.0,person,0.55,1.0,0.3363291621208191,False,False,,0.6370789790437335
835,1776752527.042744,319,17,1.0,person,0.85,0.85,0.1091262251138687,True,True,WRITING,0.977197710956846
835,1776752527.042744,287,15,1.0,person,0.55,1.0,0.1672131270170211,False,False,,0.6702532704387392
835,1776752527.042744,270,12,1.0,person,0.905728843925436,1.0,0.0836167857050895,False,False,,0.9063430698145004
835,1776752527.042744,249,8,1.0,person,0.5,0.5,0.1414916664361953,False,False,,0.5465194692923908
835,1776752527.042744,282,18,1.0,person,0.55,1.0,0.2372191697359085,False,False,,0.7103122380517778
837,1776752530.2400384,255,9,1.0,person,0.55,1.0,0.1816347241401672,False,False,,0.7179999223777225
837,1776752530.2400384,264,11,1.0,person,0.85,1.0,0.153960645198822,True,True,WRITING,0.991071330649512
837,1776752530.2400384,272,13,1.0,person,0.55,0.5,0.3874209225177765,False,False,,0.5948596107108252
837,1776752530.2400384,280,14,1.0,person,0.55,1.0,0.3229658007621765,False,False,,0.6514274236701784
837,1776752530.2400384,301,16,1.0,person,0.9622654213773256,1.0,0.3118108808994293,False,False,,0.7939507548735959
837,1776752530.2400384,310,3,1.0,person,0.55,1.0,0.4515362679958343,False,False,,0.6349756036485944
837,1776752530.2400384,319,17,1.0,person,0.85,0.85,0.1313399970531463,True,True,WRITING,0.977354917497862
837,1776752530.2400384,287,15,1.0,person,0.55,1.0,0.1874137967824936,False,False,,0.6756342628172466
837,1776752530.2400384,270,12,1.0,person,0.933235707702686,1.0,0.1190476045012474,False,False,,0.9066883204948334
837,1776752530.2400384,249,8,1.0,person,0.5,0.5,0.0581286251544952,False,False,,0.5495465199152628
837,1776752530.2400384,282,18,1.0,person,0.55,1.0,0.1398651301860809,False,False,,0.7120150285107748
839,1776752533.581005,255,9,1.0,person,0.55,1.0,0.0852074027061462,False,False,,0.7220304948943003
839,1776752533.581005,264,11,1.0,person,0.85,1.0,0.0921763181686401,True,True,WRITING,0.991677490018663
839,1776752533.581005,272,13,1.0,person,0.55,0.5,0.2285171002149582,False,False,,0.5784629359841347
839,1776752533.581005,280,14,1.0,person,0.55,1.0,0.228759765625,False,False,,0.6543230695383889
839,1776752533.581005,301,16,1.0,person,0.9742636293376984,1.0,0.2348918616771698,False,False,,0.8171516706546148
839,1776752533.581005,310,3,1.0,person,0.85,1.0,0.0959641560912132,True,True,WRITING,0.6994441587300528
839,1776752533.581005,319,17,1.0,person,0.85,0.85,0.1520263850688934,True,True,WRITING,0.977452611639386
839,1776752533.581005,287,15,1.0,person,0.55,1.0,0.141597718000412,False,False,,0.6813038835922877
839,1776752533.581005,270,12,1.0,person,0.864502070177569,1.0,0.1430330276489257,False,False,,0.8995709859189533
839,1776752533.581005,249,8,1.0,person,0.5,0.5,0.0786918848752975,False,False,,0.5526393733563878
839,1776752533.581005,282,18,1.0,person,0.55,1.0,0.1538671404123306,False,False,,0.7126960243497577
841,1776752537.031308,255,9,1.0,person,0.55,1.0,0.0989364311099052,False,False,,0.7255189475559053
841,1776752537.031308,264,11,1.0,person,0.85,1.0,0.1121855974197387,True,True,WRITING,0.9920494591905958
841,1776752537.031308,272,13,1.0,person,0.55,0.5,0.5536888241767883,False,False,,0.5539444161312921
841,1776752537.031308,280,14,1.0,person,0.55,1.0,0.1392165720462799,False,False,,0.6649861833878926
841,1776752537.031308,301,16,1.0,person,0.9482703239479502,1.0,0.1937938630580902,False,False,,0.8352912323815481
841,1776752537.031308,310,3,1.0,person,0.55,1.0,0.1968652009963989,False,False,,0.7090856667075839
841,1776752537.031308,319,17,1.0,person,0.85,1.0,0.0899255722761154,True,True,WRITING,0.980485093025934
841,1776752537.031308,287,15,1.0,person,0.55,1.0,0.1486166417598724,False,False,,0.6942714942353113
841,1776752537.031308,270,12,1.0,person,0.874477864989831,1.0,0.1335212886333465,False,False,,0.8950566911981218
841,1776752537.031308,282,18,1.0,person,0.55,1.0,0.1217370480298996,False,False,,0.716442346572876
843,1776752540.1513395,255,9,1.0,person,0.55,1.0,0.1053762808442115,False,False,,0.7256446714912143
843,1776752540.1513395,264,11,1.0,person,0.85,1.0,0.1300736665725708,True,True,WRITING,0.99235252397401
843,1776752540.1513395,272,13,1.0,person,0.7,0.65,0.2472645342350006,True,False,FOCUSED,0.6077544330273356
843,1776752540.1513395,280,14,1.0,person,0.55,1.0,0.3473227322101593,False,False,,0.6673192322254181
843,1776752540.1513395,301,16,1.0,person,0.896861122515186,1.0,0.2200178354978561,False,False,,0.8442483246326447
843,1776752540.1513395,310,3,1.0,person,0.55,1.0,0.1417669206857681,False,False,,0.7123879087822776
843,1776752540.1513395,319,17,1.0,person,0.85,0.85,0.0951988473534584,True,True,WRITING,0.98089769979318
843,1776752540.1513395,287,15,1.0,person,0.55,1.0,0.4160796999931335,False,False,,0.6864709059397379
843,1776752540.1513395,270,12,1.0,person,0.9200639407995732,1.0,0.1596320420503616,False,False,,0.8958041965961456
843,1776752540.1513395,249,8,1.0,person,0.5,0.5,0.1790148764848709,False,False,,0.5470191502854937
845,1776752543.145276,255,9,1.0,person,0.55,1.0,0.1396059691905975,False,False,,0.7251793302240825
845,1776752543.145276,264,11,1.0,person,0.85,1.0,0.1514979749917984,True,True,WRITING,0.9925106728360764
845,1776752543.145276,272,13,1.0,person,0.55,0.5,0.2410555779933929,False,False,,0.5871467834711075
845,1776752543.145276,280,14,1.0,person,0.55,1.0,0.2509748935699463,False,False,,0.6682627856731415
845,1776752543.145276,301,16,1.0,person,0.8772192454404465,1.0,0.1313503235578537,False,False,,0.8581444826864061
845,1776752543.145276,310,3,1.0,person,0.55,1.0,0.1308518201112747,False,False,,0.7183971795297804
845,1776752543.145276,319,17,1.0,person,0.85,1.0,0.1332112252712249,True,True,WRITING,0.9833789638110568
845,1776752543.145276,287,15,1.0,person,0.55,1.0,0.1466510593891143,False,False,,0.6894029151825678
845,1776752543.145276,270,12,1.0,person,0.917212152689675,1.0,0.2105205506086349,False,False,,0.8907841820092428
845,1776752543.145276,249,8,1.0,person,0.55,1.0,0.0687061324715614,False,False,,0.5782965212350799
845,1776752543.145276,282,18,1.0,person,0.55,1.0,0.3885591030120849,False,False,,0.6989817122618357
847,1776752546.6263056,255,9,1.0,person,0.55,1.0,0.1570302098989486,False,False,,0.7221429234459286
847,1776752546.6263056,264,11,1.0,person,0.85,1.0,0.0911357551813125,True,True,WRITING,0.9931639149075462
847,1776752546.6263056,272,13,1.0,person,0.7,0.65,0.2445654422044754,True,False,FOCUSED,0.6415696179441043
847,1776752546.6263056,280,14,1.0,person,0.55,1.0,0.3603625893592834,False,False,,0.668994583544277
847,1776752546.6263056,301,16,1.0,person,0.8751609330499573,1.0,0.325012743473053,False,False,,0.8588411545469646
847,1776752546.6263056,310,3,1.0,person,0.55,1.0,0.2161602079868316,False,False,,0.7143788593155996
847,1776752546.6263056,319,17,1.0,person,0.85,1.0,0.0777161866426467,True,True,WRITING,0.9862069324368524
847,1776752546.6263056,287,15,1.0,person,0.55,1.0,0.2388302832841873,False,False,,0.6867166424081438
847,1776752546.6263056,270,12,1.0,person,0.8994959332231186,1.0,0.0743453726172447,False,False,,0.8950121643997374
847,1776752546.6263056,249,8,1.0,person,0.5,0.5,0.0658950135111808,False,False,,0.580360186241922
849,1776752549.8525343,255,9,1.0,person,0.55,1.0,0.2620215117931366,False,False,,0.7133287340402603
849,1776752549.8525343,264,11,1.0,person,0.85,1.0,0.1197796240448951,True,True,WRITING,0.9935045504853838
849,1776752549.8525343,272,13,1.0,person,0.7,0.65,0.2310438156127929,True,False,FOCUSED,0.691675349956467
849,1776752549.8525343,280,14,1.0,person,0.55,1.0,0.2161844223737716,False,False,,0.6705667490050907
849,1776752549.8525343,301,16,1.0,person,0.8592732933813493,1.0,0.2627606987953186,False,False,,0.8535100271304449
849,1776752549.8525343,310,3,1.0,person,0.55,1.0,0.1643351167440414,False,False,,0.7215660065412521
849,1776752549.8525343,319,17,1.0,person,0.85,1.0,0.0870269984006881,True,True,WRITING,0.988418740176019
849,1776752549.8525343,287,15,1.0,person,0.55,1.0,0.1490594446659088,False,False,,0.6942444543043772
849,1776752549.8525343,270,12,1.0,person,0.8697477186998145,1.0,0.116329550743103,False,False,,0.8958240641014915
849,1776752549.8525343,249,8,1.0,person,0.5,0.5,0.1040382161736488,False,False,,0.5798297669915926
851,1776752553.0980763,255,9,1.0,person,0.55,1.0,0.1190148368477821,False,False,,0.7160008954150335
851,1776752553.0980763,264,11,1.0,person,0.85,1.0,0.082079067826271,True,True,WRITING,0.9942905313911892
851,1776752553.0980763,272,13,1.0,person,0.55,0.3,0.2485788613557815,False,False,,0.6646283520829109
851,1776752553.0980763,280,14,1.0,person,0.55,1.0,0.3329090476036072,False,False,,0.6636989627565656
851,1776752553.0980763,301,16,1.0,person,0.8876598982709709,1.0,0.1584961712360382,False,False,,0.8606748020365126
851,1776752553.0980763,310,3,1.0,person,0.55,1.0,0.6278780102729797,False,False,,0.7030198913244975
851,1776752553.0980763,319,17,1.0,person,0.85,0.85,0.07886853069067,True,True,WRITING,0.9879581268344606
851,1776752553.0980763,287,15,1.0,person,0.55,1.0,0.5383192896842957,False,False,,0.6732860766706011
851,1776752553.0980763,270,12,1.0,person,0.9000010372376055,1.0,0.1759056150913238,False,False,,0.8913266382047107
851,1776752553.0980763,249,8,1.0,person,0.55,1.0,0.0843280777335167,False,False,,0.6138288336140768
853,1776752556.3842647,255,9,1.0,person,0.55,1.0,0.0987510234117508,False,False,,0.7200776721749987
853,1776752556.3842647,264,11,1.0,person,0.85,1.0,0.0789721459150314,True,True,WRITING,0.9947375797090076
853,1776752556.3842647,272,13,1.0,person,0.55,0.3,0.1978813111782074,False,False,,0.6504188713289442
853,1776752556.3842647,280,14,1.0,person,0.55,1.0,0.5315389633178711,False,False,,0.6500632080293837
853,1776752556.3842647,301,16,1.0,person,0.8611008133469187,1.0,0.1341796219348907,False,False,,0.8634440451860428
853,1776752556.3842647,310,3,1.0,person,0.55,1.0,0.4881985783576965,False,False,,0.689331548270725
853,1776752556.3842647,319,17,1.0,person,0.85,0.85,0.0936536639928817,True,True,WRITING,0.9874356240034105
853,1776752556.3842647,287,15,1.0,person,0.55,1.0,0.3009726703166961,False,False,,0.6677580472968874
853,1776752556.3842647,270,12,1.0,person,0.9015417982684956,1.0,0.1153234392404556,False,False,,0.8914999117453893
853,1776752556.3842647,249,8,1.0,person,0.55,1.0,0.1125330701470375,False,False,,0.6390849394457682
855,1776752559.5566874,255,9,1.0,person,0.55,1.0,0.1411626636981964,False,False,,0.718177251162983
855,1776752559.5566874,264,11,1.0,person,0.85,1.0,0.1198782548308372,True,True,WRITING,0.9945784523373558
855,1776752559.5566874,272,13,1.0,person,0.55,0.3,0.1962672770023346,False,False,,0.6315886039960953
855,1776752559.5566874,280,14,1.0,person,0.55,1.0,0.8903015851974487,False,False,,0.6345788718689055
855,1776752559.5566874,301,16,1.0,person,0.8448330872184939,1.0,0.1014482975006103,False,False,,0.8641698403017862
855,1776752559.5566874,310,3,1.0,person,0.55,1.0,0.674132227897644,False,False,,0.6464012954916273
855,1776752559.5566874,319,17,1.0,person,0.85,0.85,0.1025576144456863,True,True,WRITING,0.9868903713566916
855,1776752559.5566874,287,15,1.0,person,0.55,1.0,0.4196581244468689,False,False,,0.6535493784007572
855,1776752559.5566874,270,12,1.0,person,0.8777708175611848,1.0,0.0952765792608261,False,False,,0.8943397055069605
855,1776752559.5566874,249,8,1.0,person,0.5,0.5,0.1566072702407837,False,False,,0.627633062856538
857,1776752562.740536,255,9,1.0,person,0.55,1.0,0.3083571493625641,False,False,,0.7057892346665972
857,1776752562.740536,264,11,1.0,person,0.85,1.0,0.0592214949429035,True,True,WRITING,0.995012743132455
857,1776752562.740536,272,13,1.0,person,0.55,0.3,0.1657171547412872,False,False,,0.6231123781488055
857,1776752562.740536,280,14,1.0,person,0.55,1.0,0.3792174458503723,False,False,,0.6258799433708191
857,1776752562.740536,301,16,1.0,person,0.7624344346289438,1.0,0.1703202128410339,False,False,,0.8533267016921724
857,1776752562.740536,310,3,1.0,person,0.55,1.0,0.7448999881744385,False,False,,0.6298268640325183
857,1776752562.740536,319,17,1.0,person,0.85,0.85,0.0865954086184501,True,True,WRITING,0.9851554745719544
857,1776752562.740536,287,15,1.0,person,0.55,1.0,0.3130034804344177,False,False,,0.6479756542614528
857,1776752562.740536,270,12,1.0,person,0.8595589382224572,1.0,0.111058734357357,False,False,,0.8936752712442763
857,1776752562.740536,249,8,1.0,person,0.55,1.0,0.1568076908588409,False,False,,0.6463909624587921
859,1776752565.9929252,255,9,1.0,person,0.55,1.0,0.1485733091831207,False,False,,0.7052347191742488
859,1776752565.9929252,264,11,1.0,person,0.85,1.0,0.1558502614498138,True,True,WRITING,0.994674156819071
859,1776752565.9929252,272,13,1.0,person,0.55,0.3,0.1459011882543563,False,False,,0.579901110955647
859,1776752565.9929252,280,14,1.0,person,0.55,1.0,0.1887077391147613,False,False,,0.6369704147179921
859,1776752565.9929252,301,16,1.0,person,0.8191174516198285,1.0,0.1079187840223312,False,False,,0.8549469297840483
859,1776752565.9929252,310,3,1.0,person,0.55,1.0,0.3099866211414337,False,False,,0.625789246388844
859,1776752565.9929252,319,17,1.0,person,0.8847608254617626,0.85,0.0799642354249954,True,True,WRITING,0.9847426932482491
859,1776752565.9929252,287,15,1.0,person,0.55,1.0,0.099225603044033,False,False,,0.6650783838260742
859,1776752565.9929252,270,12,1.0,person,0.9259940724643478,1.0,0.1326915025711059,False,False,,0.8962046943959736
859,1776752565.9929252,249,8,1.0,person,0.55,1.0,0.1454947888851165,False,False,,0.6670580662432171
861,1776752569.2759745,255,9,1.0,person,0.55,1.0,0.1857428699731826,False,False,,0.7033859228803999
861,1776752569.2759745,264,11,1.0,person,0.85,1.0,0.0821383818984031,True,True,WRITING,0.9950416946694964
861,1776752569.2759745,272,13,1.0,person,0.55,0.3,0.1993747502565384,False,False,,0.5657962923958187
861,1776752569.2759745,280,14,1.0,person,0.55,1.0,0.1884812712669372,False,False,,0.6445678828727631
861,1776752569.2759745,301,16,1.0,person,0.8345910980350905,1.0,0.1316922605037689,False,False,,0.8543688285918464
861,1776752569.2759745,310,3,1.0,person,0.55,1.0,0.2324624806642532,False,False,,0.6274090944301514
861,1776752569.2759745,319,17,1.0,person,0.85,0.85,0.0665231347084045,True,True,WRITING,0.9834971811090196
861,1776752569.2759745,287,15,1.0,person,0.55,1.0,0.1694529950618744,False,False,,0.6682924981628146
861,1776752569.2759745,270,12,1.0,person,0.9167868949291114,1.0,0.0788393467664718,False,False,,0.9029492161103656
861,1776752569.2759745,249,8,1.0,person,0.9580802994469546,1.0,0.1098463907837867,False,False,,0.7062138013896488
863,1776752572.5740452,255,9,1.0,person,0.55,1.0,0.1109628900885582,False,False,,0.7072399932713734
863,1776752572.5740452,264,11,1.0,person,0.85,1.0,0.1347662359476089,True,True,WRITING,0.9947138045515334
863,1776752572.5740452,272,13,1.0,person,0.55,0.3,0.1516620963811874,False,False,,0.5276079644475664
863,1776752572.5740452,280,14,1.0,person,0.55,0.75,0.165439635515213,False,False,,0.6440292361236754
863,1776752572.5740452,301,16,1.0,person,0.8392200197871,1.0,0.1343306601047516,False,False,,0.8598626617874418
863,1776752572.5740452,310,3,1.0,person,0.55,1.0,0.2295800149440765,False,False,,0.6321423513548714
863,1776752572.5740452,319,17,1.0,person,0.85,0.85,0.1644323319196701,True,True,WRITING,0.9813764386233828
863,1776752572.5740452,287,15,1.0,person,0.55,1.0,0.2891953587532043,False,False,,0.6662660685323533
863,1776752572.5740452,270,12,1.0,person,0.8983307199083956,1.0,0.0528371036052703,False,False,,0.9060066810676028
863,1776752572.5740452,249,8,1.0,person,0.55,1.0,0.0694216415286064,False,False,,0.7242443611224493
865,1776752575.8428526,255,9,1.0,person,0.55,1.0,0.1568398773670196,False,False,,0.7108159803208851
865,1776752575.8428526,264,11,1.0,person,0.85,1.0,0.0355118997395038,True,True,WRITING,0.9953413016739344
865,1776752575.8428526,272,13,1.0,person,0.55,0.3,0.0769553259015083,False,False,,0.4993187203293756
865,1776752575.8428526,280,14,1.0,person,0.55,1.0,0.5522727966308594,False,False,,0.629531838496526
865,1776752575.8428526,301,16,1.0,person,0.8510950383048486,1.0,0.274955004453659,False,False,,0.855065826149214
865,1776752575.8428526,310,3,1.0,person,0.55,1.0,0.1658204644918441,False,False,,0.6397094323521568
865,1776752575.8428526,319,17,1.0,person,0.8566545501421665,0.85,0.1555345952510833,True,True,WRITING,0.9795932876212258
865,1776752575.8428526,287,15,1.0,person,0.55,1.0,0.1709794998168945,False,False,,0.6697956461282004
865,1776752575.8428526,270,12,1.0,person,0.9016151580643256,1.0,0.2430710047483444,False,False,,0.8988220954225176
865,1776752575.8428526,249,8,1.0,person,0.9563195733714888,1.0,0.0584706142544746,False,False,,0.7758882237332206
867,1776752579.1282773,255,9,1.0,person,0.55,1.0,0.2005249708890915,False,False,,0.7068928572393599
867,1776752579.1282773,264,11,1.0,person,0.85,1.0,0.1725537478923797,True,True,WRITING,0.9946419774066833
867,1776752579.1282773,272,13,1.0,person,0.55,0.3,0.1500531882047653,False,False,,0.5029999847923007
867,1776752579.1282773,280,14,1.0,person,0.55,0.75,0.3373439311981201,False,False,,0.6180646679231099
867,1776752579.1282773,301,16,1.0,person,0.8761696317138443,1.0,0.1560067534446716,False,False,,0.8564023850929169
867,1776752579.1282773,310,3,1.0,person,0.55,1.0,0.2920349240303039,False,False,,0.6484597129481179
867,1776752579.1282773,319,17,1.0,person,0.8762942579512858,0.85,0.0584304146468639,True,True,WRITING,0.9798809779541834
867,1776752579.1282773,287,15,1.0,person,0.55,1.0,0.2029556781053543,False,False,,0.6813247359934307
867,1776752579.1282773,270,12,1.0,person,0.8907883417324138,1.0,0.1294213682413101,False,False,,0.8993474557286216
867,1776752579.1282773,249,8,1.0,person,0.55,1.0,0.167167067527771,False,False,,0.7686436467227481
869,1776752582.4026082,255,9,1.0,person,0.55,1.0,0.1805890351533889,False,False,,0.7041079721280507
869,1776752582.4026082,264,11,1.0,person,0.85,1.0,0.1390376836061477,True,True,WRITING,0.9942647197416852
869,1776752582.4026082,272,13,1.0,person,0.55,0.3,0.0877140909433364,False,False,,0.5089195242949894
869,1776752582.4026082,280,14,1.0,person,0.55,0.75,0.2098248451948166,False,False,,0.6207867689075924
869,1776752582.4026082,301,16,1.0,person,0.854106642512727,1.0,0.0782292634248733,False,False,,0.8613958607117335
869,1776752582.4026082,310,3,1.0,person,0.55,1.0,0.1920952498912811,False,False,,0.6625451481058483
869,1776752582.4026082,319,17,1.0,person,0.8794435664019536,0.85,0.1127777695655822,True,True,WRITING,0.979756412051973
869,1776752582.4026082,287,15,1.0,person,0.55,1.0,0.2111103236675262,False,False,,0.6852091898520788
869,1776752582.4026082,270,12,1.0,person,0.8916896492228892,1.0,0.1116283163428306,False,False,,0.8991816675379164
869,1776752582.4026082,249,8,1.0,person,0.55,1.0,0.0965738520026207,False,False,,0.7673056097257703
871,1776752585.7530596,255,9,1.0,person,0.55,1.0,0.3155917525291443,False,False,,0.6939243723948797
871,1776752585.7530596,264,11,1.0,person,0.85,1.0,0.0899094715714454,True,True,WRITING,0.9944787004164288
871,1776752585.7530596,272,13,1.0,person,0.55,0.3,0.0868383944034576,False,False,,0.5143267235585621
871,1776752585.7530596,280,14,1.0,person,0.55,1.0,0.2306851893663406,False,False,,0.634129253313655
871,1776752585.7530596,301,16,1.0,person,0.8971223837214493,1.0,0.1343796998262405,False,False,,0.8656516323486964
871,1776752585.7530596,310,3,1.0,person,0.55,1.0,0.9936302304267884,False,False,,0.6550307665552412
871,1776752585.7530596,319,17,1.0,person,0.85,1.0,0.138889878988266,True,True,WRITING,0.9819574192875908
871,1776752585.7530596,287,15,1.0,person,0.55,1.0,0.181935429573059,False,False,,0.6940017314184278
871,1776752585.7530596,270,12,1.0,person,0.9090927388538004,1.0,0.0750230774283409,False,False,,0.9032237309785116
871,1776752585.7530596,249,8,1.0,person,0.55,1.0,0.0863472893834114,False,False,,0.7803326185260501
873,1776752588.9694653,255,9,1.0,person,0.55,1.0,0.1194905638694763,False,False,,0.7024217907871518
873,1776752588.9694653,264,11,1.0,person,0.85,1.0,0.1249116882681846,True,True,WRITING,0.9941665288947876
873,1776752588.9694653,272,13,1.0,person,0.55,0.3,0.1352879106998443,False,False,,0.5151100080637705
873,1776752588.9694653,280,14,1.0,person,0.5,1.0,0.850335419178009,False,False,,0.6206173727909724
873,1776752588.9694653,301,16,1.0,person,0.8836556713886822,1.0,0.0911071449518203,False,False,,0.8764261574972242
873,1776752588.9694653,310,3,1.0,person,0.55,1.0,0.4090634882450104,False,False,,0.6535788211084547
873,1776752588.9694653,319,17,1.0,person,0.85,1.0,0.0577814690768718,True,True,WRITING,0.9846203809692748
873,1776752588.9694653,287,15,1.0,person,0.55,1.0,0.1525325030088424,False,False,,0.70057518354484
873,1776752588.9694653,270,12,1.0,person,0.921054422408047,1.0,0.0796398296952247,False,False,,0.9087732696817036
873,1776752588.9694653,249,8,1.0,person,0.55,1.0,0.0961239859461784,False,False,,0.7777956610634215
875,1776752592.199727,255,9,1.0,person,0.55,1.0,0.1226273328065872,False,False,,0.7052454650402069
875,1776752592.199727,264,11,1.0,person,0.85,1.0,0.1006653308868408,True,True,WRITING,0.9944406208537874
875,1776752592.199727,272,13,1.0,person,0.55,0.3,0.1194959506392479,False,False,,0.5162350159315836
875,1776752592.199727,280,14,1.0,person,0.5,1.0,0.1588609516620636,False,False,,0.6252777329513005
875,1776752592.199727,301,16,1.0,person,0.8816084133030656,1.0,0.1348930597305297,False,False,,0.8792049565485546
875,1776752592.199727,310,3,1.0,person,0.55,1.0,0.2867737412452698,False,False,,0.6544175363722302
875,1776752592.199727,319,17,1.0,person,0.85,1.0,0.1771260797977447,True,True,WRITING,0.9860694025244032
875,1776752592.199727,287,15,1.0,person,0.55,1.0,0.0867109671235084,False,False,,0.7046646525462469
875,1776752592.199727,270,12,1.0,person,0.9586891070839072,1.0,0.1212525516748428,False,False,,0.9124145961943126
875,1776752592.199727,249,8,1.0,person,0.55,1.0,0.1190248131752014,False,False,,0.7731197873751322
877,1776752595.2555702,255,9,1.0,person,0.55,1.0,0.1407572776079177,False,False,,0.7077989131212234
877,1776752595.2555702,264,11,1.0,person,0.85,1.0,0.1954779922962188,True,True,WRITING,0.9936284983441942
877,1776752595.2555702,272,13,1.0,person,0.55,0.3,0.1692688018083572,False,False,,0.5154439097359066
877,1776752595.2555702,280,14,1.0,person,0.55,0.75,1.0,False,False,,0.5990111786694754
877,1776752595.2555702,301,16,1.0,person,0.8960048723609542,1.0,0.1443689614534378,False,False,,0.8824348258120672
877,1776752595.2555702,310,3,1.0,person,0.55,1.0,0.3957173228263855,False,False,,0.6456678319545018
877,1776752595.2555702,319,17,1.0,person,0.85,0.85,0.1293033063411712,True,True,WRITING,0.9852482030789056
877,1776752595.2555702,287,15,1.0,person,0.55,1.0,0.2375567406415939,False,False,,0.7006446378571646
877,1776752595.2555702,270,12,1.0,person,0.9036177396423822,1.0,0.152257815003395,False,False,,0.9079407354195912
877,1776752595.2555702,249,8,1.0,person,0.55,1.0,0.1191940903663635,False,False,,0.75271375477314
879,1776752598.3645644,255,9,1.0,person,0.55,1.0,0.1649133861064911,False,False,,0.7063911649442854
879,1776752598.3645644,264,11,1.0,person,0.85,1.0,0.1373876184225082,True,True,WRITING,0.9935558835665383
879,1776752598.3645644,272,13,1.0,person,0.55,0.3,0.1086564660072326,False,False,,0.5171870411861511
879,1776752598.3645644,280,14,1.0,person,0.85,0.85,1.0,True,True,WRITING,0.6523197127523876
879,1776752598.3645644,301,16,1.0,person,0.9260237336277608,1.0,0.1812792122364044,False,False,,0.8853104561567307
879,1776752598.3645644,310,3,1.0,person,0.55,1.0,0.512167751789093,False,False,,0.6306610006661643
879,1776752598.3645644,319,17,1.0,person,0.85,0.85,0.1223987489938736,True,True,WRITING,0.9848715861638389
879,1776752598.3645644,287,15,1.0,person,0.55,1.0,0.1605209559202194,False,False,,0.7055058500596455
879,1776752598.3645644,270,12,1.0,person,0.9627582554339662,1.0,0.2178537845611572,False,False,,0.9043664109139214
879,1776752598.3645644,249,8,1.0,person,0.55,1.0,0.0865098983049392,False,False,,0.750379536833082
881,1776752601.6216266,255,9,1.0,person,0.55,1.0,0.1662618219852447,False,False,,0.7064612004018965
881,1776752601.6216266,264,11,1.0,person,0.85,1.0,0.0903767272830009,True,True,WRITING,0.9935221033436912
881,1776752601.6216266,272,13,1.0,person,0.55,0.3,0.1741080582141876,False,False,,0.5122274657090505
881,1776752601.6216266,280,14,1.0,person,0.85,0.85,0.3853317499160766,True,True,WRITING,0.7113667815072194
881,1776752601.6216266,301,16,1.0,person,0.9243787463032628,1.0,0.1751300543546676,False,False,,0.8917595566738218
881,1776752601.6216266,310,3,1.0,person,0.55,1.0,0.3696779608726501,False,False,,0.6238083125579924
881,1776752601.6216266,319,17,1.0,person,0.8763068986220162,0.85,0.0954502299427986,True,True,WRITING,0.9846627421322324
881,1776752601.6216266,287,15,1.0,person,0.55,1.0,0.1907782256603241,False,False,,0.7043595817827043
881,1776752601.6216266,270,12,1.0,person,0.943767896345271,1.0,0.0901205390691757,False,False,,0.9134453584750494
881,1776752601.6216266,249,8,1.0,person,0.55,1.0,0.1310841143131256,False,False,,0.7303307815676644
883,1776752604.6306517,255,9,1.0,person,0.55,1.0,0.1202742084860801,False,False,,0.7108900937296095
883,1776752604.6306517,264,11,1.0,person,0.85,1.0,0.1649087369441986,True,True,WRITING,0.9933893155483972
883,1776752604.6306517,272,13,1.0,person,0.55,0.3,0.1068820729851722,False,False,,0.5143007678644997
883,1776752604.6306517,280,14,1.0,person,0.85,0.85,0.5831598043441772,True,True,WRITING,0.7648235252357666
883,1776752604.6306517,301,16,1.0,person,0.9036343340187932,1.0,0.1818774342536926,False,False,,0.8908245208717528
883,1776752604.6306517,310,3,1.0,person,0.55,1.0,0.1586862504482269,False,False,,0.6355986226172674
883,1776752604.6306517,319,17,1.0,person,0.85,1.0,0.105176568031311,True,True,WRITING,0.9864902780169532
883,1776752604.6306517,287,15,1.0,person,0.55,1.0,0.0855951905250549,False,False,,0.7112334044206708
883,1776752604.6306517,270,12,1.0,person,0.931683728520201,1.0,0.0895718187093734,False,False,,0.9177141672088984
883,1776752604.6306517,249,8,1.0,person,0.55,1.0,0.0992439538240432,False,False,,0.7327860842148463
885,1776752607.5679045,255,9,1.0,person,0.55,1.0,0.1070421785116195,False,False,,0.715249370251383
885,1776752607.5679045,264,11,1.0,person,0.85,1.0,0.1705168634653091,True,True,WRITING,0.9930855440241948
885,1776752607.5679045,272,13,1.0,person,0.55,0.3,0.120106540620327,False,False,,0.5135057419538498
885,1776752607.5679045,280,14,1.0,person,0.5,1.0,1.0,False,False,,0.7423443923110055
885,1776752607.5679045,301,16,1.0,person,0.9471398520916964,1.0,0.1837881654500961,False,False,,0.89191302160422
885,1776752607.5679045,310,3,1.0,person,0.55,1.0,0.3147221505641937,False,False,,0.6334961273840495
885,1776752607.5679045,319,17,1.0,person,0.85,0.85,0.1477274596691131,True,True,WRITING,0.9855065806990576
885,1776752607.5679045,287,15,1.0,person,0.55,1.0,0.1202563196420669,False,False,,0.7154706148874194
885,1776752607.5679045,270,12,1.0,person,0.9381307848778088,1.0,0.0866363495588302,False,False,,0.9217421767257508
885,1776752607.5679045,249,8,1.0,person,0.55,1.0,0.1236672401428222,False,False,,0.7312727740832737
887,1776752610.6922662,255,9,1.0,person,0.55,1.0,0.3304828703403473,False,False,,0.7082195998657318
887,1776752610.6922662,264,11,1.0,person,0.85,1.0,0.1141553372144699,True,True,WRITING,0.9930947302352816
887,1776752610.6922662,272,13,1.0,person,0.55,0.3,0.0952862054109573,False,False,,0.5144946291333153
887,1776752610.6922662,280,14,1.0,person,0.55,0.75,0.4953997135162353,False,False,,0.7078640259447552
887,1776752610.6922662,301,16,1.0,person,0.9497364239134408,1.0,0.1337901204824447,False,False,,0.8965680123794645
887,1776752610.6922662,310,3,1.0,person,0.55,1.0,0.7515805959701538,False,False,,0.6284229895898273
887,1776752610.6922662,319,17,1.0,person,0.85,0.85,0.1258960664272308,True,True,WRITING,0.9837474425633748
887,1776752610.6922662,287,15,1.0,person,0.55,1.0,0.0857720598578453,False,False,,0.7207405716180801
887,1776752610.6922662,270,12,1.0,person,0.9959792316523542,1.0,0.1921599805355072,False,False,,0.9214931371666136
887,1776752610.6922662,249,8,1.0,person,0.5,0.5,0.1683879047632217,False,False,,0.6974482458262216
889,1776752613.6533437,255,9,1.0,person,0.55,1.0,0.1840457618236541,False,False,,0.7054203237806048
889,1776752613.6533437,264,11,1.0,person,0.85,1.0,0.2173753082752227,True,True,WRITING,0.992383191982905
889,1776752613.6533437,272,13,1.0,person,0.55,0.3,0.1114982813596725,False,False,,0.5158272144340333
889,1776752613.6533437,280,14,1.0,person,0.85,0.85,0.3079047203063965,True,True,WRITING,0.7629782630148387
889,1776752613.6533437,301,16,1.0,person,0.9288258669330494,1.0,0.1212470531463623,False,False,,0.8992452756279992
889,1776752613.6533437,310,3,1.0,person,0.55,1.0,0.2692972719669342,False,False,,0.6361318467628387
889,1776752613.6533437,319,17,1.0,person,0.85,0.85,0.0982194617390632,True,True,WRITING,0.9821001071305502
889,1776752613.6533437,287,15,1.0,person,0.55,1.0,0.0535969361662864,False,False,,0.7268575245425813
889,1776752613.6533437,270,12,1.0,person,0.9365165854847952,1.0,0.1185863837599754,False,False,,0.9209391006401608
889,1776752613.6533437,249,8,1.0,person,0.5,0.5,0.1204045638442039,False,False,,0.6695759395758311
891,1776752616.5557358,255,9,1.0,person,0.55,1.0,0.1787823140621185,False,False,,0.7033689703260149
891,1776752616.5557358,264,11,1.0,person,0.85,1.0,0.0787470191717147,True,True,WRITING,0.9927953318471
891,1776752616.5557358,272,13,1.0,person,0.55,0.3,0.1123953610658645,False,False,,0.5165355141673769
891,1776752616.5557358,280,14,1.0,person,0.85,0.85,0.2457261532545089,True,True,WRITING,0.8038685289734886
891,1776752616.5557358,301,16,1.0,person,0.9427700201693876,1.0,0.1414569318294525,False,False,,0.902936028582709
891,1776752616.5557358,310,3,1.0,person,0.55,1.0,0.2772564589977264,False,False,,0.6391505499680837
891,1776752616.5557358,319,17,1.0,person,0.85,0.85,0.0811460465192794,True,True,WRITING,0.9812239280768802
891,1776752616.5557358,287,15,1.0,person,0.55,1.0,0.1480999290943145,False,False,,0.7243225390002842
891,1776752616.5557358,270,12,1.0,person,0.9676685749667924,1.0,0.215569406747818,False,False,,0.9164537900970094
891,1776752616.5557358,249,8,1.0,person,0.5,0.5,0.1520752757787704,False,False,,0.6424455231144315
893,1776752619.6187153,255,9,1.0,person,0.55,1.0,0.2002376765012741,False,False,,0.7006726676509493
893,1776752619.6187153,264,11,1.0,person,0.85,1.0,0.0950901955366134,True,True,WRITING,0.9933968470210122
893,1776752619.6187153,272,13,1.0,person,0.55,0.3,0.1459277421236038,False,False,,0.5163965913511458
893,1776752619.6187153,280,14,1.0,person,0.5,1.0,0.0649295225739479,False,False,,0.8132216382026672
893,1776752619.6187153,301,16,1.0,person,0.9680794875326186,1.0,0.1934220492839813,False,False,,0.9046953384365354
893,1776752619.6187153,310,3,1.0,person,0.55,1.0,0.5679715871810913,False,False,,0.6303870347284134
893,1776752619.6187153,319,17,1.0,person,0.85,0.85,0.0910905748605728,True,True,WRITING,0.9812869536025184
893,1776752619.6187153,287,15,1.0,person,0.55,1.0,0.1361252516508102,False,False,,0.7271880770013445
893,1776752619.6187153,270,12,1.0,person,0.911698873537706,1.0,0.0882171839475631,False,False,,0.919042870402336
893,1776752619.6187153,249,8,1.0,person,0.55,1.0,0.1908323466777801,False,False,,0.6441435161091033
895,1776752622.7227616,255,9,1.0,person,0.55,1.0,0.3121107220649719,False,False,,0.6914915797256288
895,1776752622.7227616,264,11,1.0,person,0.85,1.0,0.1380769461393356,True,True,WRITING,0.993372917175293
895,1776752622.7227616,272,13,1.0,person,0.55,0.3,0.2212667912244796,False,False,,0.5093921366192046
895,1776752622.7227616,280,14,1.0,person,0.5,1.0,0.0802188068628311,False,False,,0.7878170270295369
895,1776752622.7227616,301,16,1.0,person,0.973335440865826,1.0,0.1944583654403686,False,False,,0.9066105981667836
895,1776752622.7227616,310,3,1.0,person,0.55,1.0,0.6545339226722717,False,False,,0.6250996067410423
895,1776752622.7227616,319,17,1.0,person,0.85,0.85,0.1944636106491089,True,True,WRITING,0.9804411275046212
895,1776752622.7227616,287,15,1.0,person,0.55,1.0,0.1303493082523346,False,False,,0.7277546532097317
895,1776752622.7227616,270,12,1.0,person,0.8909074175856586,1.0,0.1729024946689605,False,False,,0.9136625946987244
895,1776752622.7227616,249,8,1.0,person,0.55,1.0,0.1547445058822631,False,False,,0.6476546710445766
897,1776752625.664195,255,9,1.0,person,0.55,1.0,0.2709663808345794,False,False,,0.6857929130395254
897,1776752625.664195,264,11,1.0,person,0.85,1.0,0.0986584946513176,True,True,WRITING,0.9935099957954316
897,1776752625.664195,272,13,1.0,person,0.55,0.3,0.1552004963159561,False,False,,0.5091983817872546
897,1776752625.664195,280,14,1.0,person,0.5,1.0,0.174412116408348,False,False,,0.7565219894761132
897,1776752625.664195,301,16,1.0,person,0.9498954352310816,1.0,0.3522115051746368,False,False,,0.8957198531854721
897,1776752625.664195,310,3,1.0,person,0.55,1.0,0.3477267920970917,False,False,,0.6262402376958301
897,1776752625.664195,319,17,1.0,person,0.85,0.85,0.1756877303123474,True,True,WRITING,0.9796984146038692
897,1776752625.664195,287,15,1.0,person,0.55,1.0,0.2764718234539032,False,False,,0.7193005425589426
897,1776752625.664195,270,12,1.0,person,0.8941137252310963,1.0,0.0923016294836998,False,False,,0.911165238845916
897,1776752625.664195,249,8,1.0,person,0.5,0.5,0.1880180239677429,False,False,,0.6213793939068204
899,1776752628.6347046,255,9,1.0,person,0.55,1.0,0.2954515516757965,False,False,,0.6776465532325563
899,1776752628.6347046,264,11,1.0,person,0.85,1.0,0.1228352040052414,True,True,WRITING,0.9937167160567784
899,1776752628.6347046,272,13,1.0,person,0.55,0.3,0.1391301751136779,False,False,,0.5080652024064746
899,1776752628.6347046,280,14,1.0,person,0.85,0.85,0.274591326713562,True,True,WRITING,0.7778381510859443
899,1776752628.6347046,301,16,1.0,person,0.9827545384459464,1.0,0.497351735830307,False,False,,0.8795163574672881
899,1776752628.6347046,310,3,1.0,person,0.55,1.0,0.3188323676586151,False,False,,0.6231742949712844
899,1776752628.6347046,319,17,1.0,person,0.85,0.85,0.1455681025981903,True,True,WRITING,0.9782177663984752
899,1776752628.6347046,287,15,1.0,person,0.55,1.0,0.1619296371936798,False,False,,0.7158854142540977
899,1776752628.6347046,270,12,1.0,person,0.957554389478454,1.0,0.1680743396282196,False,False,,0.9096249292294184
899,1776752628.6347046,249,8,1.0,person,0.5,0.5,0.1613952964544296,False,False,,0.5983236914589293
901,1776752631.715242,255,9,1.0,person,0.55,1.0,0.3123619258403778,False,False,,0.6688289642333984
901,1776752631.715242,264,11,1.0,person,0.85,1.0,0.1284780204296112,True,True,WRITING,0.993871401463236
901,1776752631.715242,272,13,1.0,person,0.55,0.5,0.1737345904111862,False,False,,0.515156470593952
901,1776752631.715242,280,14,1.0,person,0.85,0.85,0.2221937924623489,True,True,WRITING,0.8283960003228414
901,1776752631.715242,301,16,1.0,person,0.9865945756419204,1.0,0.2724742293357849,False,False,,0.8781568386725015
901,1776752631.715242,310,3,1.0,person,0.55,1.0,0.1847104132175445,False,False,,0.6342705925305684
901,1776752631.715242,319,17,1.0,person,0.85,1.0,0.1499529033899307,True,True,WRITING,0.9806265859376816
901,1776752631.715242,287,15,1.0,person,0.55,1.0,0.1730934679508209,False,False,,0.7130798484597887
901,1776752631.715242,270,12,1.0,person,0.9240486980870048,1.0,0.1069438681006431,False,False,,0.9092735570101512
901,1776752631.715242,249,8,1.0,person,0.55,1.0,0.1566061079502105,False,False,,0.6078310310840607
903,1776752634.974877,255,9,1.0,person,0.55,1.0,0.4347038269042969,False,False,,0.6592169765915189
903,1776752634.974877,264,11,1.0,person,0.85,1.0,0.1005415096879005,True,True,WRITING,0.9940325702939714
903,1776752634.974877,272,13,1.0,person,0.55,0.5,0.1646872013807296,False,False,,0.5216828336318334
903,1776752634.974877,280,14,1.0,person,0.85,0.85,0.1253496408462524,True,True,WRITING,0.8781545651810511
903,1776752634.974877,301,16,1.0,person,0.99775189095044,1.0,0.1668056547641754,False,False,,0.8834378847054073
903,1776752634.974877,310,3,1.0,person,0.55,1.0,0.1624091565608978,False,False,,0.6515281887281509
903,1776752634.974877,319,17,1.0,person,0.85,1.0,0.1148285865783691,True,True,WRITING,0.9830729003463472
903,1776752634.974877,287,15,1.0,person,0.55,1.0,0.1358426213264465,False,False,,0.7120240110726583
903,1776752634.974877,270,12,1.0,person,0.943147942938802,1.0,0.1047104373574256,False,False,,0.9117921484368188
903,1776752634.974877,249,8,1.0,person,0.9795817181118672,1.0,0.1598564833402633,False,False,,0.6668547434466227
905,1776752638.4728224,255,9,1.0,person,0.55,1.0,0.3718628585338592,False,False,,0.650106762846311
905,1776752638.4728224,264,11,1.0,person,0.85,1.0,0.0942899584770202,True,True,WRITING,0.9946063820804868
905,1776752638.4728224,272,13,1.0,person,0.55,0.5,0.1885564774274826,False,False,,0.5266973071155093
905,1776752638.4728224,280,14,1.0,person,0.55,0.75,0.1760664731264114,False,False,,0.8306308899606977
905,1776752638.4728224,301,16,1.0,person,0.9930796394636244,1.0,0.3027252852916717,False,False,,0.879528107387679
905,1776752638.4728224,310,3,1.0,person,0.55,1.0,0.173223927617073,False,False,,0.6598657152482441
905,1776752638.4728224,319,17,1.0,person,0.85,0.85,0.1149211525917053,True,True,WRITING,0.9827344367901484
905,1776752638.4728224,287,15,1.0,person,0.55,1.0,0.1112352758646011,False,False,,0.7119278070472536
905,1776752638.4728224,270,12,1.0,person,0.9326350450306956,1.0,0.1067670583724975,False,False,,0.9132171798320042
905,1776752638.4728224,249,8,1.0,person,0.9746268263094044,1.0,0.2040711343288421,False,False,,0.7164659642037892
907,1776752641.8704343,255,9,1.0,person,0.55,1.0,0.4217958450317383,False,False,,0.6384116638274421
907,1776752641.8704343,264,11,1.0,person,0.85,1.0,0.083410695195198,True,True,WRITING,0.9947024853456586
907,1776752641.8704343,272,13,1.0,person,0.55,0.5,0.1944694966077804,False,False,,0.5309958635341553
907,1776752641.8704343,280,14,1.0,person,0.55,0.75,0.4935337007045746,False,False,,0.7657686649333862
907,1776752641.8704343,301,16,1.0,person,0.9751023066858296,1.0,0.2942984998226166,False,False,,0.8752431386993046
907,1776752641.8704343,310,3,1.0,person,0.55,1.0,0.2388848513364792,False,False,,0.6635957594428744
907,1776752641.8704343,319,17,1.0,person,0.85,0.85,0.0904954895377159,True,True,WRITING,0.9825484844900312
907,1776752641.8704343,287,15,1.0,person,0.55,1.0,0.0892211347818374,False,False,,0.7162737725746063
907,1776752641.8704343,270,12,1.0,person,0.9247084411034672,1.0,0.0904346629977226,False,False,,0.9166956728412992
907,1776752641.8704343,249,8,1.0,person,0.5,0.5,0.1835936903953552,False,False,,0.6995825256620134
909,1776752645.140684,255,9,1.0,person,0.55,1.0,0.3397095799446106,False,False,,0.633959201829774
909,1776752645.140684,264,11,1.0,person,0.85,1.0,0.1324824839830398,True,True,WRITING,0.9944507969277246
909,1776752645.140684,272,13,1.0,person,0.55,0.5,0.230438083410263,False,False,,0.5335311272314617
909,1776752645.140684,280,14,1.0,person,0.55,0.75,0.5167458653450012,False,False,,0.7238353497925258
909,1776752645.140684,301,16,1.0,person,0.9883774215941432,1.0,0.5063897967338562,False,False,,0.8594671705232177
909,1776752645.140684,310,3,1.0,person,0.55,1.0,0.3822939991950989,False,False,,0.6639465791838509
909,1776752645.140684,319,17,1.0,person,0.85,0.85,0.1146307960152626,True,True,WRITING,0.9822024773983729
909,1776752645.140684,287,15,1.0,person,0.55,1.0,0.1867419183254242,False,False,,0.7134958306948344
909,1776752645.140684,270,12,1.0,person,0.9231959212886224,1.0,0.1890884190797805,False,False,,0.9114913117317924
911,1776752648.3579426,255,9,1.0,person,0.55,1.0,0.3507894575595855,False,False,,0.6326286026409694
911,1776752648.3579426,264,11,1.0,person,0.85,1.0,0.1777461618185043,True,True,WRITING,0.993997702286357
911,1776752648.3579426,272,13,1.0,person,0.55,0.5,0.2459376603364944,False,False,,0.5368737848032088
911,1776752648.3579426,280,14,1.0,person,0.55,0.75,0.1698215156793594,False,False,,0.7070177715449106
911,1776752648.3579426,301,16,1.0,person,0.9882843708638224,1.0,0.3796690106391907,False,False,,0.8528864909463355
911,1776752648.3579426,310,3,1.0,person,0.55,1.0,0.2342849671840667,False,False,,0.6736041548706236
911,1776752648.3579426,319,17,1.0,person,0.85,0.85,0.0779933631420135,True,True,WRITING,0.9825449891033626
911,1776752648.3579426,287,15,1.0,person,0.55,1.0,0.114545464515686,False,False,,0.7156069974104563
911,1776752648.3579426,270,12,1.0,person,0.9573402544231612,1.0,0.1358972489833831,False,False,,0.9162524342536926
911,1776752648.3579426,282,18,0.992,person,0.55,1.0,0.5738125443458557,False,False,,0.6761881125824791
911,1776752648.3579426,249,8,1.0,person,0.5,0.5,0.3519455790519714,False,False,,0.6602330669051125
913,1776752651.9447162,255,9,1.0,person,0.55,1.0,0.2816289663314819,False,False,,0.6349173330125355
913,1776752651.9447162,264,11,1.0,person,0.85,1.0,0.086771935224533,True,True,WRITING,0.9941855491626832
913,1776752651.9447162,272,13,1.0,person,0.55,0.75,0.2299598753452301,False,False,,0.5512972126404444
913,1776752651.9447162,280,14,1.0,person,0.5,1.0,0.3662156164646148,False,False,,0.6891537507375082
913,1776752651.9447162,301,16,1.0,person,0.9415061534629968,1.0,0.2077860087156295,False,False,,0.8600038386169274
913,1776752651.9447162,310,3,1.0,person,0.55,1.0,0.2638713419437408,False,False,,0.6756733428864251
913,1776752651.9447162,319,17,1.0,person,0.85,0.85,0.0894685909152031,True,True,WRITING,0.9826554925668808
913,1776752651.9447162,287,15,1.0,person,0.55,1.0,0.0790880471467971,False,False,,0.7241816690989902
913,1776752651.9447162,270,12,1.0,person,0.9149093357185688,1.0,0.1209320574998855,False,False,,0.9154862896317528
913,1776752651.9447162,282,18,1.0,person,0.55,1.0,0.1317867189645767,False,False,,0.6787746034917377
913,1776752651.9447162,249,8,1.0,person,0.55,1.0,0.2031661719083786,False,False,,0.66178835218861
915,1776752655.2256205,255,9,1.0,person,0.8349288878929614,1.0,0.3142795860767364,False,False,,0.6595237922100794
915,1776752655.2256205,264,11,1.0,person,0.85,1.0,0.1431762427091598,True,True,WRITING,0.9939826343740736
915,1776752655.2256205,272,13,1.0,person,0.55,0.75,0.2503218352794647,False,False,,0.5626528766893205
915,1776752655.2256205,280,14,1.0,person,0.55,0.75,0.0815670564770698,False,False,,0.6620580781073797
915,1776752655.2256205,301,16,1.0,person,0.9431542218626886,1.0,0.2964068651199341,False,False,,0.8636859854089675
915,1776752655.2256205,310,3,1.0,person,0.55,1.0,0.1729748249053955,False,False,,0.6825774304923558
915,1776752655.2256205,319,17,1.0,person,0.85,0.85,0.0787538364529609,True,True,WRITING,0.9826963934160414
915,1776752655.2256205,287,15,1.0,person,0.55,1.0,0.0916203111410141,False,False,,0.7277082935685203
915,1776752655.2256205,270,12,1.0,person,0.5,1.0,0.1618152558803558,False,False,,0.8773305650268283
915,1776752655.2256205,249,8,1.0,person,0.5,0.5,0.1461647301912307,False,False,,0.6516583263874053
917,1776752658.2302492,255,9,1.0,person,0.8404588074887748,1.0,0.2566845417022705,False,False,,0.6873075387307576
917,1776752658.2302492,264,11,1.0,person,0.85,1.0,0.1253174990415573,True,True,WRITING,0.993960800625029
917,1776752658.2302492,272,13,1.0,person,0.55,0.75,0.2372664660215377,False,False,,0.5705042204686573
917,1776752658.2302492,280,14,1.0,person,0.5,1.0,0.2573149800300598,False,False,,0.6350099075408209
917,1776752658.2302492,301,16,1.0,person,0.937800371223706,1.0,0.2656683325767517,False,False,,0.8616878244550739
917,1776752658.2302492,310,3,1.0,person,0.55,1.0,0.2443474233150482,False,False,,0.6801967195102147
917,1776752658.2302492,319,17,1.0,person,0.85,0.85,0.0654492527246475,True,True,WRITING,0.9817526297909872
917,1776752658.2302492,287,15,1.0,person,0.55,1.0,0.3395088016986847,False,False,,0.7146931730565571
917,1776752658.2302492,270,12,1.0,person,0.5,0.5,0.1507792770862579,False,False,,0.8170543518804368
917,1776752658.2302492,249,8,1.0,person,0.5,0.75,0.1262845396995544,False,False,,0.6543936970688047
919,1776752661.215189,255,9,1.0,person,0.8227135966731497,1.0,0.2885655760765075,False,False,,0.7129885547217869
919,1776752661.215189,264,11,1.0,person,0.85,1.0,0.1084429994225502,True,True,WRITING,0.9939779334125064
919,1776752661.215189,272,13,1.0,person,0.55,1.0,0.2342645227909088,False,False,,0.5902068735588165
919,1776752661.215189,280,14,1.0,person,0.55,0.75,0.1502154171466827,False,False,,0.6103131693033945
919,1776752661.215189,301,16,1.0,person,0.55,1.0,0.2628272175788879,False,False,,0.8244028388831133
919,1776752661.215189,310,3,1.0,person,0.55,1.0,0.2776791751384735,False,False,,0.6752407061202185
919,1776752661.215189,319,17,1.0,person,0.8946687604533403,0.85,0.0729343220591545,True,True,WRITING,0.9807493147395906
919,1776752661.215189,287,15,1.0,person,0.55,1.0,0.1196602582931518,False,False,,0.7160627714225224
919,1776752661.215189,270,12,1.0,person,0.9258497870827088,1.0,0.1517234742641449,False,False,,0.8209753022307442
919,1776752661.215189,249,8,1.0,person,0.9595133408281163,1.0,0.1479298025369644,False,False,,0.6927819393929981
921,1776752664.1738396,255,9,1.0,person,0.8092266900109119,1.0,0.2709885239601135,False,False,,0.7346028132098062
921,1776752664.1738396,264,11,1.0,person,0.85,1.0,0.1138883233070373,True,True,WRITING,0.9939320598329816
921,1776752664.1738396,272,13,1.0,person,0.55,1.0,0.1888900101184845,False,False,,0.612162077710742
921,1776752664.1738396,280,14,1.0,person,0.5,1.0,0.3227652311325073,False,False,,0.6114199303445361
921,1776752664.1738396,301,16,1.0,person,0.55,1.0,0.233314111828804,False,False,,0.7962581127643812
921,1776752664.1738396,310,3,1.0,person,0.55,1.0,0.2444937974214553,False,False,,0.6733549478508177
921,1776752664.1738396,319,17,1.0,person,0.85,1.0,0.1858929693698883,True,True,WRITING,0.9825300751697448
921,1776752664.1738396,287,15,1.0,person,0.55,1.0,0.3019662499427795,False,False,,0.7044985095659891
921,1776752664.1738396,270,12,1.0,person,0.926042999443764,1.0,0.1145968288183212,False,False,,0.8281485204185759
921,1776752664.1738396,249,8,1.0,person,0.941007257357046,1.0,0.0870916023850441,False,False,,0.7159556654237565
923,1776752667.2441602,255,9,1.0,person,0.8137500154304199,1.0,0.4084015786647796,False,False,,0.7468364437421163
923,1776752667.2441602,264,11,1.0,person,0.85,1.0,0.0917179435491561,True,True,WRITING,0.994043753260658
923,1776752667.2441602,272,13,1.0,person,0.55,0.75,0.2324924021959304,False,False,,0.6170952738750548
923,1776752667.2441602,280,14,1.0,person,0.5,0.5,1.0,False,False,,0.5848848596924827
923,1776752667.2441602,301,16,1.0,person,0.9788865675005476,1.0,0.2530240416526794,False,False,,0.8052480702035681
923,1776752667.2441602,310,3,1.0,person,0.55,1.0,0.3103844225406647,False,False,,0.6692918929315749
923,1776752667.2441602,319,17,1.0,person,0.85,0.85,0.1043830513954162,True,True,WRITING,0.9822665204604468
923,1776752667.2441602,287,15,1.0,person,0.55,1.0,0.1866880357265472,False,False,,0.7008987267812093
923,1776752667.2441602,270,12,1.0,person,0.9238609248954408,1.0,0.1450776904821396,False,False,,0.8330008125021345
923,1776752667.2441602,249,8,1.0,person,0.9439144271996291,1.0,0.1342412829399109,False,False,,0.7375516792138418
925,1776752670.1614835,255,9,1.0,person,0.8360414371967595,1.0,0.5443045496940613,False,False,,0.750842077134339
925,1776752670.1614835,264,11,1.0,person,0.85,1.0,0.0828777998685836,True,True,WRITING,0.9944093220290684
925,1776752670.1614835,272,13,1.0,person,0.55,1.0,0.2283059805631637,False,False,,0.6351234444550106
925,1776752670.1614835,280,14,1.0,person,0.85,0.85,1.0,True,True,WRITING,0.6489224771942411
925,1776752670.1614835,301,16,1.0,person,0.956337732371988,1.0,0.2872801423072815,False,False,,0.8152592224734171
925,1776752670.1614835,310,3,1.0,person,0.55,1.0,0.3241976797580719,False,False,,0.6687458221401487
925,1776752670.1614835,319,17,1.0,person,0.85,0.85,0.1459806263446808,True,True,WRITING,0.9817507827565782
925,1776752670.1614835,287,15,1.0,person,0.55,1.0,0.3787994980812073,False,False,,0.6877419565405164
925,1776752670.1614835,270,12,1.0,person,0.9362664160343536,1.0,0.0988869965076446,False,False,,0.8451042331400371
925,1776752670.1614835,249,8,1.0,person,0.941153005778094,1.0,0.2514342665672302,False,False,,0.7780351645889736
925,1776752670.1614835,282,18,1.0,person,0.55,1.0,0.2806349992752075,False,False,,0.6735814415273212
