frame,timestamp,student_id,class_name,gaze_score,posture_score,motion_score,engagement_score
1,1775454765.3202858,1,person,0.5,0.5,0.0,0.425
1,1775454765.3202858,2,person,0.5,0.3,0.0,0.375
1,1775454765.3202858,3,person,0.5,1.0,0.0,0.55
1,1775454765.3202858,5,person,0.5,0.6,0.0,0.44999999999999996
1,1775454765.3202858,6,person,0.5,0.6,0.0,0.44999999999999996
1,1775454765.3202858,7,person,0.7539414763450623,0.6,0.0,0.6023648858070373
1,1775454765.3202858,8,person,0.9993599653244019,1.0,0.0,0.849615979194641
1,1775454765.3202858,9,person,0.5,1.0,0.0,0.55
1,1775454765.3202858,11,person,0.5,0.6,0.0,0.44999999999999996
1,1775454765.3202858,13,person,0.5,0.5,0.0,0.425
2,1775454783.134371,1,person,0.5,1.0,0.07888409495353699,0.56183260679245
2,1775454783.134371,2,person,0.5,0.3,0.07260851562023163,0.38589128851890564
2,1775454783.134371,3,person,0.5,1.0,0.05402391403913498,0.558103621006012
2,1775454783.134371,5,person,0.5,0.6,0.09296615421772003,0.4639449119567871
2,1775454783.134371,6,person,0.5,0.6,0.06295200437307358,0.45944279432296753
2,1775454783.134371,7,person,0.9537150859832764,0.6,0.05479738861322403,0.7304486632347107
2,1775454783.134371,8,person,0.9999085664749146,1.0,0.0558490976691246,0.8583225011825562
2,1775454783.134371,9,person,0.5,0.5,0.0673191249370575,0.435097873210907
2,1775454783.134371,11,person,0.5,0.6,0.050588637590408325,0.4575882852077484
2,1775454783.134371,13,person,0.5,0.5,0.05520545691251755,0.4332808256149292
3,1775454787.7016501,1,person,0.5,1.0,0.07031498849391937,0.5605472326278687
3,1775454787.7016501,2,person,0.5,0.3,0.08030357211828232,0.3870455324649811
3,1775454787.7016501,3,person,0.5,1.0,0.06976056843996048,0.560464084148407
3,1775454787.7016501,5,person,0.5,0.6,0.09847164899110794,0.46477073431015015
3,1775454787.7016501,6,person,0.5,0.6,0.08053658902645111,0.4620804786682129
3,1775454787.7016501,7,person,0.9728332757949829,1.0,0.10298041254281998,0.8491470217704773
3,1775454787.7016501,8,person,0.9891302585601807,1.0,0.06537622213363647,0.8532845973968506
3,1775454787.7016501,9,person,0.5,0.5,0.051102954894304276,0.43266546726226807
3,1775454787.7016501,11,person,0.5,0.6,0.06173233315348625,0.45925983786582947
3,1775454787.7016501,13,person,0.5,0.5,0.12234171479940414,0.44335126876831055
4,1775454803.245858,1,person,0.5,1.0,0.11067759990692139,0.5666016340255737
4,1775454803.245858,2,person,0.5,0.3,0.16108140349388123,0.3991622030735016
4,1775454803.245858,3,person,0.5,1.0,0.09803692996501923,0.5647055506706238
4,1775454803.245858,5,person,0.5,0.6,0.13924793899059296,0.4708871841430664
4,1775454803.245858,6,person,0.5,0.6,0.07696210592985153,0.46154430508613586
4,1775454803.245858,7,person,0.5,1.0,0.0830254927277565,0.5624538660049438
4,1775454803.245858,8,person,0.997541069984436,1.0,0.09870077669620514,0.8633297681808472
4,1775454803.245858,9,person,0.5,0.5,0.07881781458854675,0.43682268261909485
4,1775454803.245858,11,person,0.5,0.6,0.06227114051580429,0.4593406617641449
4,1775454803.245858,13,person,0.5,0.5,0.14906015992164612,0.44735902547836304
5,1775454821.499594,1,person,0.5,1.0,0.13365241885185242,0.5700478553771973
5,1775454821.499594,2,person,0.5,0.3,0.12654654681682587,0.3939819931983948
5,1775454821.499594,3,person,0.5,1.0,0.1482924222946167,0.572243869304657
5,1775454821.499594,5,person,0.5,0.6,0.11886774003505707,0.4678301513195038
5,1775454821.499594,6,person,0.5,0.6,0.18826404213905334,0.47823959589004517
5,1775454821.499594,7,person,0.9259458780288696,0.6,0.09454268217086792,0.7197489142417908
5,1775454821.499594,8,person,0.9699806571006775,1.0,0.11100020259618759,0.8486384153366089
5,1775454821.499594,9,person,0.5,0.5,0.07049424201250076,0.43557414412498474
5,1775454821.499594,11,person,0.5,0.6,0.10202094167470932,0.46530312299728394
5,1775454821.499594,13,person,0.5,0.5,0.06649540364742279,0.4349743127822876
6,1775454823.9137762,1,person,0.5,1.0,0.05499810725450516,0.5582497119903564
6,1775454823.9137762,2,person,0.5,0.3,0.1295875608921051,0.39443814754486084
6,1775454823.9137762,3,person,0.5,1.0,0.05833371356129646,0.5587500929832458
6,1775454823.9137762,5,person,0.5,1.0,0.1310347318649292,0.5696552395820618
6,1775454823.9137762,6,person,0.5,0.6,0.0703853964805603,0.4605577886104584
6,1775454823.9137762,7,person,0.7466287016868591,0.5,0.07055387645959854,0.5835603475570679
6,1775454823.9137762,8,person,0.9969846606254578,1.0,0.05681882053613663,0.856713593006134
6,1775454823.9137762,9,person,0.5,0.5,0.0518818274140358,0.43278229236602783
6,1775454823.9137762,11,person,0.5,0.6,0.08348352462053299,0.4625225067138672
6,1775454823.9137762,13,person,0.5,0.5,0.06714601814746857,0.4350719153881073
7,1775454825.950833,1,person,0.5,0.6,0.16323286294937134,0.474484920501709
7,1775454825.950833,2,person,0.5,0.3,0.11563529819250107,0.3923453092575073
7,1775454825.950833,3,person,0.5,1.0,0.02423701249063015,0.5536355376243591
7,1775454825.950833,5,person,0.5,0.6,0.13341011106967926,0.47001150250434875
7,1775454825.950833,6,person,0.8896135091781616,0.6,0.08597959578037262,0.6966650485992432
7,1775454825.950833,7,person,0.5,1.0,0.03562542051076889,0.5553438067436218
7,1775454825.950833,8,person,0.9999962449073792,1.0,0.07566404342651367,0.8613473773002625
7,1775454825.950833,9,person,0.5,0.5,0.07473628968000412,0.4362104535102844
7,1775454825.950833,11,person,0.5,0.6,0.051364678889513016,0.45770469307899475
7,1775454825.950833,13,person,0.5,0.5,0.113247349858284,0.44198712706565857
8,1775454827.8301876,1,person,0.5,1.0,0.06963945180177689,0.5604459047317505
8,1775454827.8301876,2,person,0.5,0.3,0.041949477046728134,0.3812924325466156
8,1775454827.8301876,3,person,0.5,1.0,0.07434971630573273,0.561152458190918
8,1775454827.8301876,5,person,0.5,0.6,0.07433805614709854,0.4611507058143616
8,1775454827.8301876,6,person,0.8882556557655334,0.6,0.10484206676483154,0.6986797451972961
8,1775454827.8301876,7,person,0.5,0.6,0.04942144826054573,0.4574131965637207
8,1775454827.8301876,8,person,0.9851769208908081,1.0,0.08318577706813812,0.8535840511322021
8,1775454827.8301876,9,person,0.5,0.5,0.056715309619903564,0.4335073232650757
8,1775454827.8301876,11,person,0.5,0.6,0.06132044643163681,0.4591980576515198
8,1775454827.8301876,13,person,0.5,0.5,0.04964139312505722,0.4324462115764618
9,1775454829.9735003,1,person,0.5,1.0,0.11515152454376221,0.5672727227210999
9,1775454829.9735003,2,person,0.5,0.3,0.1123284101486206,0.39184924960136414
9,1775454829.9735003,3,person,0.5,1.0,0.08161436766386032,0.5622421503067017
9,1775454829.9735003,5,person,0.5,1.0,0.05310530215501785,0.5579658150672913
9,1775454829.9735003,6,person,0.5,0.6,0.10083441436290741,0.4651251435279846
9,1775454829.9735003,7,person,0.5,0.5,0.11950956284999847,0.44292643666267395
9,1775454829.9735003,8,person,0.9888681173324585,1.0,0.04349062591791153,0.8498444557189941
9,1775454829.9735003,9,person,0.5,0.5,0.10567321628332138,0.44085100293159485
9,1775454829.9735003,11,person,0.5,0.6,0.07681967318058014,0.4615229368209839
9,1775454829.9735003,13,person,0.5,0.5,0.07218436896800995,0.43582767248153687
10,1775454832.161671,1,person,0.5,1.0,0.08734311163425446,0.5631014704704285
10,1775454832.161671,2,person,0.5,0.3,0.1532759964466095,0.3979913890361786
10,1775454832.161671,3,person,0.5,1.0,0.15601252019405365,0.5734018683433533
10,1775454832.161671,5,person,0.5,0.6,0.08930573612451553,0.4633958339691162
10,1775454832.161671,6,person,0.9104910492897034,0.6,0.07335075736045837,0.7072972059249878
10,1775454832.161671,7,person,0.708713710308075,0.6,0.13599461317062378,0.5956274271011353
10,1775454832.161671,8,person,0.9888792037963867,1.0,0.06089632585644722,0.8524619936943054
10,1775454832.161671,9,person,0.5,0.5,0.12639150023460388,0.44395872950553894
10,1775454832.161671,11,person,0.5,0.6,0.08681578934192657,0.4630223512649536
10,1775454832.161671,13,person,0.5,1.0,0.14858528971672058,0.5722877979278564
11,1775454834.2258117,1,person,0.5,1.0,0.07688438147306442,0.5615326762199402
11,1775454834.2258117,2,person,0.5,0.3,0.10154285281896591,0.3902314305305481
11,1775454834.2258117,3,person,0.5,1.0,0.0846496969461441,0.5626974701881409
11,1775454834.2258117,5,person,0.5,0.6,0.07077330350875854,0.46061599254608154
11,1775454834.2258117,6,person,0.5,0.6,0.08413899689912796,0.4626208245754242
11,1775454834.2258117,7,person,0.5,0.6,0.06605798751115799,0.45990869402885437
11,1775454834.2258117,8,person,0.9960258603096008,1.0,0.18101286888122559,0.8747674822807312
11,1775454834.2258117,9,person,0.5,0.5,0.05577046796679497,0.4333655834197998
11,1775454834.2258117,11,person,0.5,0.6,0.03127670660614967,0.45469149947166443
12,1775454836.0333326,1,person,0.5,1.0,0.16169598698616028,0.5742543935775757
12,1775454836.0333326,2,person,0.5,0.3,0.13060811161994934,0.39459121227264404
12,1775454836.0333326,3,person,0.5,1.0,0.08167903125286102,0.5622518658638
12,1775454836.0333326,5,person,0.5,0.6,0.09775035828351974,0.4646625518798828
12,1775454836.0333326,6,person,0.5,0.6,0.1522420048713684,0.47283628582954407
12,1775454836.0333326,7,person,0.5,0.3,0.09274815022945404,0.38891223073005676
12,1775454836.0333326,8,person,0.9868115782737732,1.0,0.08043960481882095,0.8541529178619385
12,1775454836.0333326,9,person,0.5,0.5,0.0914614200592041,0.4387192130088806
12,1775454836.0333326,11,person,0.5,0.6,0.11675973236560822,0.46751394867897034
13,1775454837.7585258,1,person,0.5,1.0,0.163267582654953,0.5744901299476624
13,1775454837.7585258,2,person,0.5,0.3,0.1704748570919037,0.40057122707366943
13,1775454837.7585258,3,person,0.5,1.0,0.1064712256193161,0.5659707188606262
13,1775454837.7585258,5,person,0.5,0.6,0.1443367898464203,0.47165051102638245
13,1775454837.7585258,6,person,0.9101219773292542,0.6,0.06880224496126175,0.7063935399055481
13,1775454837.7585258,7,person,0.5,0.3,0.06663928925991058,0.3849959075450897
13,1775454837.7585258,8,person,0.9542235732078552,1.0,0.15345880389213562,0.8455529808998108
13,1775454837.7585258,9,person,0.5,0.5,0.0494062677025795,0.43241095542907715
13,1775454837.7585258,11,person,0.5,0.6,0.16096046566963196,0.4741440713405609
14,1775454839.395645,1,person,0.5,1.0,0.18307416141033173,0.5774611234664917
14,1775454839.395645,2,person,0.5,0.3,0.07508383691310883,0.38626256585121155
14,1775454839.395645,3,person,0.5,1.0,0.10201948881149292,0.5653029084205627
14,1775454839.395645,5,person,0.5,1.0,0.025990616530179977,0.5538986325263977
14,1775454839.395645,6,person,0.8894953727722168,0.6,0.1103399246931076,0.7002482414245605
14,1775454839.395645,7,person,0.5,0.6,0.06347686797380447,0.4595215320587158
14,1775454839.395645,8,person,0.9572767019271851,1.0,0.07045900821685791,0.8349348902702332
14,1775454839.395645,9,person,0.5,0.5,0.06557395309209824,0.43483611941337585
14,1775454839.395645,11,person,0.5,0.6,0.03180462494492531,0.45477068424224854
15,1775454841.0510542,1,person,0.5,1.0,0.12194867432117462,0.5682923197746277
15,1775454841.0510542,2,person,0.5,0.3,0.1761319637298584,0.4014197885990143
15,1775454841.0510542,3,person,0.5,1.0,0.10682884603738785,0.5660243630409241
15,1775454841.0510542,5,person,0.5,0.6,0.1228099912405014,0.46842148900032043
15,1775454841.0510542,6,person,0.8941265940666199,0.6,0.1018778532743454,0.7017576098442078
15,1775454841.0510542,7,person,0.5,0.3,0.06865967810153961,0.3852989673614502
15,1775454841.0510542,8,person,0.942121684551239,1.0,0.0748075544834137,0.8264940977096558
15,1775454841.0510542,9,person,0.5,0.5,0.138398677110672,0.4457598030567169
15,1775454841.0510542,11,person,0.5,0.6,0.09100492298603058,0.46365073323249817
16,1775454842.7492497,1,person,0.5,1.0,0.07513245940208435,0.5612698793411255
16,1775454842.7492497,2,person,0.5,0.3,0.07604599744081497,0.38640689849853516
16,1775454842.7492497,3,person,0.5,1.0,0.11378931999206543,0.5670683979988098
16,1775454842.7492497,5,person,0.5,1.0,0.09640626609325409,0.5644609332084656
16,1775454842.7492497,6,person,0.8797504901885986,0.6,0.15845349431037903,0.7016183137893677
16,1775454842.7492497,7,person,0.5,0.6,0.09644103050231934,0.4644661545753479
16,1775454842.7492497,8,person,0.9527893662452698,1.0,0.055114299058914185,0.8299407958984375
16,1775454842.7492497,9,person,0.5,0.5,0.10381700843572617,0.4405725598335266
16,1775454842.7492497,11,person,0.5,0.6,0.13105817139148712,0.4696587026119232
17,1775454844.4770103,1,person,0.5,1.0,0.09597678482532501,0.5643965005874634
17,1775454844.4770103,2,person,0.5,0.3,0.09578375518321991,0.38936755061149597
17,1775454844.4770103,3,person,0.5,1.0,0.09731289744377136,0.564596951007843
17,1775454844.4770103,5,person,0.5,1.0,0.20421722531318665,0.5806325674057007
17,1775454844.4770103,6,person,0.8779788017272949,0.6,0.14077813923358917,0.6979039907455444
17,1775454844.4770103,7,person,0.5,0.6,0.1045471653342247,0.4656820595264435
17,1775454844.4770103,8,person,0.9601752161979675,1.0,0.08340317010879517,0.8386155962944031
17,1775454844.4770103,9,person,0.5,0.5,0.08029291778802872,0.4370439648628235
17,1775454844.4770103,11,person,0.5,0.3,0.07482490688562393,0.3862237334251404
18,1775454846.1223109,1,person,0.5,1.0,0.22017665207386017,0.5830265283584595
18,1775454846.1223109,2,person,0.5,0.3,0.2392963171005249,0.4108944535255432
18,1775454846.1223109,3,person,0.5,1.0,0.1571589857339859,0.573573887348175
18,1775454846.1223109,5,person,0.5,1.0,0.0974569246172905,0.5646185278892517
18,1775454846.1223109,6,person,0.8740166425704956,0.6,0.08710410445928574,0.6874756217002869
18,1775454846.1223109,7,person,0.5,0.6,0.11262102425098419,0.46689313650131226
18,1775454846.1223109,8,person,0.9643344879150391,1.0,0.1167699322104454,0.8461161851882935
18,1775454846.1223109,9,person,0.5,0.5,0.08854459226131439,0.43828171491622925
18,1775454846.1223109,11,person,0.5,0.6,0.08744309842586517,0.46311646699905396
18,1775454846.1223109,13,person,0.5,0.5,0.3062266707420349,0.4709340035915375
19,1775454847.904064,1,person,0.5,1.0,0.2813803255558014,0.5922070741653442
19,1775454847.904064,2,person,0.5,0.3,0.297029584646225,0.4195544421672821
19,1775454847.904064,3,person,0.5,1.0,0.1024801954627037,0.5653720498085022
19,1775454847.904064,5,person,0.5,1.0,0.16601121425628662,0.5749017000198364
19,1775454847.904064,6,person,0.8855422735214233,0.6,0.07316023856401443,0.6922994256019592
19,1775454847.904064,7,person,0.5,0.6,0.10167257487773895,0.4652508795261383
19,1775454847.904064,8,person,0.9575978517532349,1.0,0.12750576436519623,0.8436846137046814
19,1775454847.904064,9,person,0.5,0.5,0.13744449615478516,0.4456166923046112
19,1775454847.904064,11,person,0.5,0.6,0.09705524146556854,0.46455827355384827
19,1775454847.904064,13,person,0.5,0.5,0.11684511601924896,0.44252678751945496
20,1775454849.6472237,1,person,0.5,1.0,0.347603976726532,0.6021406054496765
20,1775454849.6472237,2,person,0.5,0.3,0.18102607131004333,0.4021539092063904
20,1775454849.6472237,3,person,0.5,1.0,0.10516847670078278,0.5657752752304077
20,1775454849.6472237,5,person,0.5,1.0,0.09510978311300278,0.5642665028572083
20,1775454849.6472237,6,person,0.8678903579711914,0.6,0.08565036952495575,0.6835817694664001
20,1775454849.6472237,7,person,0.5,0.6,0.11174623668193817,0.46676191687583923
20,1775454849.6472237,8,person,0.9231433868408203,0.6,0.128147155046463,0.7231081128120422
20,1775454849.6472237,9,person,0.5,0.5,0.07895845174789429,0.43684378266334534
20,1775454849.6472237,11,person,0.5,0.3,0.06156737357378006,0.38423511385917664
20,1775454849.6472237,13,person,0.5,0.5,0.06175209954380989,0.43426281213760376
21,1775454851.4151783,1,person,0.5,1.0,0.18725469708442688,0.5780882239341736
21,1775454851.4151783,2,person,0.5,0.3,0.3210534155368805,0.42315801978111267
21,1775454851.4151783,3,person,0.5,1.0,0.1355203241109848,0.5703280568122864
21,1775454851.4151783,5,person,0.5,1.0,0.1972484439611435,0.5795872807502747
21,1775454851.4151783,6,person,0.857860267162323,0.6,0.1158720999956131,0.6820970177650452
21,1775454851.4151783,7,person,0.5,0.6,0.08073107153177261,0.46210965514183044
21,1775454851.4151783,8,person,0.9680433869361877,0.6,0.13458643853664398,0.751013994216919
21,1775454851.4151783,9,person,0.5,0.5,0.10207067430019379,0.44031062722206116
21,1775454851.4151783,11,person,0.5,0.6,0.154831200838089,0.4732246696949005
21,1775454851.4151783,13,person,0.5,0.5,0.14349216222763062,0.44652384519577026
22,1775454853.156026,1,person,0.5,1.0,0.4295840859413147,0.6144376397132874
22,1775454853.156026,2,person,0.5,0.3,0.202402263879776,0.4053603410720825
22,1775454853.156026,3,person,0.5,1.0,0.07374858111143112,0.5610622763633728
22,1775454853.156026,5,person,0.5,1.0,0.15613171458244324,0.5734197497367859
22,1775454853.156026,6,person,0.8578613996505737,0.6,0.17106816172599792,0.6903770565986633
22,1775454853.156026,7,person,0.5,0.6,0.15538430213928223,0.47330763936042786
22,1775454853.156026,8,person,0.9515242576599121,1.0,0.06323792040348053,0.8304002285003662
22,1775454853.156026,9,person,0.5,0.5,0.059459488838911057,0.43391892313957214
22,1775454853.156026,11,person,0.5,0.6,0.10120830684900284,0.46518123149871826
22,1775454853.156026,13,person,0.5,0.5,0.08646775037050247,0.4379701614379883
23,1775454854.8997343,1,person,0.5,1.0,0.22502346336841583,0.5837535262107849
23,1775454854.8997343,2,person,0.5,0.3,0.2996227443218231,0.4199434220790863
23,1775454854.8997343,3,person,0.5,1.0,0.12574563920497894,0.5688618421554565
23,1775454854.8997343,5,person,0.5,1.0,0.2361265867948532,0.5854189991950989
23,1775454854.8997343,6,person,0.8592379093170166,0.6,0.1958940029144287,0.6949267983436584
23,1775454854.8997343,7,person,0.5,0.3,0.06485401093959808,0.3847281038761139
23,1775454854.8997343,8,person,0.9890497922897339,1.0,0.18776091933250427,0.8715940117835999
23,1775454854.8997343,9,person,0.5,0.5,0.11789877712726593,0.4426848292350769
23,1775454854.8997343,11,person,0.5,0.6,0.0929834172129631,0.46394750475883484
24,1775454856.5270052,1,person,0.5,1.0,0.18675456941127777,0.5780131816864014
24,1775454856.5270052,2,person,0.5,0.3,0.2627145051956177,0.4144071936607361
24,1775454856.5270052,3,person,0.5,1.0,0.0802224650979042,0.5620333552360535
24,1775454856.5270052,5,person,0.5,0.6,0.14423175156116486,0.47163474559783936
24,1775454856.5270052,6,person,0.863867998123169,0.6,0.18338628113269806,0.6958287358283997
24,1775454856.5270052,7,person,0.5,0.6,0.07000850886106491,0.4605012536048889
24,1775454856.5270052,8,person,0.9795489311218262,1.0,0.09174051880836487,0.8514904379844666
24,1775454856.5270052,9,person,0.5,1.0,0.15236249566078186,0.5728543996810913
24,1775454856.5270052,11,person,0.5,0.6,0.08652723580598831,0.4629790782928467
24,1775454856.5270052,13,person,0.5,0.3,0.12824071943759918,0.39423611760139465
25,1775454858.2532246,1,person,0.5,1.0,0.12669216096401215,0.5690038204193115
25,1775454858.2532246,2,person,0.5,0.3,0.09134800732135773,0.3887022137641907
25,1775454858.2532246,3,person,0.5,1.0,0.11216125637292862,0.566824197769165
25,1775454858.2532246,5,person,0.5,0.6,0.14613014459609985,0.4719195067882538
25,1775454858.2532246,6,person,0.8651137948036194,0.6,0.1928979456424713,0.6980029940605164
25,1775454858.2532246,7,person,0.5,0.6,0.10466502606868744,0.4656997323036194
25,1775454858.2532246,8,person,0.9966859221458435,1.0,0.14280198514461517,0.8694318532943726
25,1775454858.2532246,9,person,0.5,0.5,0.10914142429828644,0.44137123227119446
25,1775454858.2532246,11,person,0.5,0.6,0.08174476027488708,0.46226170659065247
25,1775454858.2532246,13,person,0.5,0.3,0.13144633173942566,0.39471694827079773
26,1775454860.0966187,1,person,0.5,1.0,0.10799413919448853,0.5661991238594055
26,1775454860.0966187,2,person,0.5,0.3,0.11065119504928589,0.3915976881980896
26,1775454860.0966187,3,person,0.5,1.0,0.08630606532096863,0.5629459023475647
26,1775454860.0966187,5,person,0.5,0.6,0.10598745197057724,0.4658980965614319
26,1775454860.0966187,6,person,0.8467278480529785,0.6,0.15093818306922913,0.6806774139404297
26,1775454860.0966187,7,person,0.5,0.3,0.10699675232172012,0.39104950428009033
26,1775454860.0966187,8,person,0.9888955950737,1.0,0.06875987350940704,0.8536513447761536
26,1775454860.0966187,9,person,0.5,0.5,0.07046011090278625,0.43556901812553406
26,1775454860.0966187,11,person,0.5,0.6,0.05175253003835678,0.45776286721229553
26,1775454860.0966187,13,person,0.5,0.5,0.205974742770195,0.4558962285518646
27,1775454861.8392088,1,person,0.5,1.0,0.11555991321802139,0.567333996295929
27,1775454861.8392088,2,person,0.5,0.3,0.14673778414726257,0.3970106840133667
27,1775454861.8392088,3,person,0.5,1.0,0.11756139993667603,0.5676342248916626
27,1775454861.8392088,5,person,0.5,0.6,0.05994131416082382,0.4589911997318268
27,1775454861.8392088,6,person,0.8597694635391235,0.6,0.19066400825977325,0.6944612860679626
27,1775454861.8392088,7,person,0.5,0.3,0.07676585018634796,0.3865148723125458
27,1775454861.8392088,8,person,0.95729660987854,1.0,0.07015134394168854,0.8349006772041321
27,1775454861.8392088,9,person,0.5,1.0,0.1633269190788269,0.5744990706443787
27,1775454861.8392088,11,person,0.5,0.6,0.0669780969619751,0.4600467085838318
28,1775454863.465558,1,person,0.5,1.0,0.12359227985143661,0.5685388445854187
28,1775454863.465558,2,person,0.5,0.3,0.165678009390831,0.3998517096042633
28,1775454863.465558,3,person,0.5,0.6,0.1361934393644333,0.470429003238678
28,1775454863.465558,5,person,0.5,1.0,0.11502047628164291,0.5672531127929688
28,1775454863.465558,6,person,0.8600358366966248,0.6,0.12518639862537384,0.6847994923591614
28,1775454863.465558,7,person,0.5,0.5,0.05846099182963371,0.433769166469574
28,1775454863.465558,8,person,0.9452620148658752,1.0,0.09215769171714783,0.8309808373451233
28,1775454863.465558,9,person,0.5,1.0,0.07273725420236588,0.5609105825424194
28,1775454863.465558,11,person,0.5,0.3,0.07827040553092957,0.3867405652999878
28,1775454863.465558,13,person,0.5,0.5,0.1693800985813141,0.4504070281982422
29,1775454865.2402565,1,person,0.5,1.0,0.1975073665380478,0.5796261429786682
29,1775454865.2402565,2,person,0.5,0.3,0.1671481430530548,0.40007221698760986
29,1775454865.2402565,3,person,0.5,0.5,0.11813099682331085,0.4427196681499481
29,1775454865.2402565,5,person,0.5,0.6,0.1275235414505005,0.4691285192966461
29,1775454865.2402565,6,person,0.8471885323524475,0.6,0.17322899401187897,0.6842974424362183
29,1775454865.2402565,7,person,0.5,0.3,0.09811720252037048,0.38971757888793945
29,1775454865.2402565,8,person,0.9791457653045654,1.0,0.12892232835292816,0.8568258285522461
29,1775454865.2402565,9,person,0.5,1.0,0.12101799249649048,0.5681527256965637
29,1775454865.2402565,11,person,0.5,0.3,0.09478720277547836,0.3892180919647217
29,1775454865.2402565,13,person,0.5,0.5,0.16765756905078888,0.45014864206314087
30,1775454866.9511716,1,person,0.5,1.0,0.1772325038909912,0.5765848755836487
30,1775454866.9511716,2,person,0.5,0.3,0.19625286757946014,0.40443792939186096
30,1775454866.9511716,3,person,0.5,1.0,0.11131216585636139,0.56669682264328
30,1775454866.9511716,5,person,0.5,0.6,0.09820270538330078,0.4647303819656372
30,1775454866.9511716,6,person,0.8825557231903076,0.6,0.14085283875465393,0.7006613612174988
30,1775454866.9511716,7,person,0.5,0.3,0.037214189767837524,0.38058212399482727
30,1775454866.9511716,8,person,0.9517046213150024,1.0,0.4743724763393402,0.8921786546707153
30,1775454866.9511716,9,person,0.5,0.5,0.06353002041578293,0.43452951312065125
30,1775454866.9511716,11,person,0.5,0.3,0.09220455586910248,0.38883069157600403
30,1775454866.9511716,13,person,0.5,0.5,0.18969976902008057,0.45345497131347656
31,1775454868.6950994,1,person,0.5,1.0,0.12411898374557495,0.5686178803443909
31,1775454868.6950994,2,person,0.5,0.3,0.21444988250732422,0.4071674942970276
31,1775454868.6950994,3,person,0.5,0.6,0.15121376514434814,0.47268205881118774
31,1775454868.6950994,5,person,0.5,0.6,0.09271709620952606,0.46390753984451294
31,1775454868.6950994,6,person,0.8853422403335571,0.6,0.1181277483701706,0.6989244818687439
31,1775454868.6950994,7,person,0.5,0.6,0.16467055678367615,0.47470057010650635
31,1775454868.6950994,8,person,0.9716328382492065,1.0,0.16246017813682556,0.8573486804962158
31,1775454868.6950994,9,person,0.5,0.5,0.09457466006278992,0.4391862154006958
31,1775454868.6950994,11,person,0.5,0.6,0.10301808267831802,0.4654527008533478
31,1775454868.6950994,13,person,0.5,0.5,0.05986975505948067,0.43398046493530273
32,1775454870.391813,1,person,0.5,1.0,0.1787702441215515,0.5768155455589294
32,1775454870.391813,2,person,0.5,0.3,0.3013971745967865,0.4202095866203308
32,1775454870.391813,3,person,0.5,1.0,0.10256332159042358,0.5653845071792603
32,1775454870.391813,5,person,0.5,1.0,0.12024050951004028,0.5680360794067383
32,1775454870.391813,6,person,0.868759274482727,0.6,0.3215632140636444,0.7194900512695312
32,1775454870.391813,7,person,0.5,0.3,0.12868887186050415,0.3943033218383789
32,1775454870.391813,8,person,0.9598634243011475,1.0,0.36537355184555054,0.8807241320610046
32,1775454870.391813,9,person,0.5,0.5,0.06456952542066574,0.43468543887138367
32,1775454870.391813,11,person,0.5,0.6,0.08754661679267883,0.46313199400901794
32,1775454870.391813,13,person,0.5,0.5,0.11457832902669907,0.44218677282333374
33,1775454872.1482875,1,person,0.5,1.0,0.2479751855134964,0.5871962904930115
33,1775454872.1482875,2,person,0.5,0.3,0.24470028281211853,0.41170504689216614
33,1775454872.1482875,3,person,0.5,1.0,0.10894159227609634,0.5663412809371948
33,1775454872.1482875,5,person,0.5,0.6,0.11898346990346909,0.4678474962711334
33,1775454872.1482875,6,person,0.8384237289428711,0.6,0.10963897407054901,0.6695001125335693
33,1775454872.1482875,7,person,0.5,0.6,0.06717886030673981,0.46007680892944336
33,1775454872.1482875,8,person,0.9433028101921082,1.0,0.08535555005073547,0.8287850022315979
33,1775454872.1482875,9,person,0.5,0.5,0.06738097220659256,0.43510717153549194
33,1775454872.1482875,11,person,0.5,0.6,0.09133583307266235,0.4637003540992737
33,1775454872.1482875,13,person,0.5,0.3,0.16803064942359924,0.400204598903656
34,1775454873.8440511,1,person,0.5,1.0,0.18733784556388855,0.5781006813049316
34,1775454873.8440511,2,person,0.5,0.3,0.264305979013443,0.4146459102630615
34,1775454873.8440511,3,person,0.5,1.0,0.14974680542945862,0.5724620223045349
34,1775454873.8440511,5,person,0.5,0.6,0.11249035596847534,0.46687352657318115
34,1775454873.8440511,6,person,0.8712269067764282,0.6,0.13644646108150482,0.6932031512260437
34,1775454873.8440511,7,person,0.5,0.6,0.10983236879110336,0.46647483110427856
34,1775454873.8440511,8,person,0.9771758317947388,1.0,0.16008062660694122,0.860317587852478
34,1775454873.8440511,9,person,0.5,1.0,0.06970496475696564,0.5604557394981384
34,1775454873.8440511,11,person,0.5,0.6,0.07997385412454605,0.46199607849121094
34,1775454873.8440511,13,person,0.5,0.5,0.1227736845612526,0.4434160590171814
35,1775454875.554005,1,person,0.5,1.0,0.23505432903766632,0.5852581858634949
35,1775454875.554005,2,person,0.5,0.3,0.3210473656654358,0.42315709590911865
35,1775454875.554005,3,person,0.5,1.0,0.1263691782951355,0.5689553618431091
35,1775454875.554005,5,person,0.5,0.6,0.04453301802277565,0.45667994022369385
35,1775454875.554005,6,person,0.8150503635406494,0.6,0.1988544762134552,0.6688584089279175
35,1775454875.554005,7,person,0.5,0.5,0.1015651598572731,0.4402347803115845
35,1775454875.554005,8,person,0.995431125164032,1.0,0.09702461957931519,0.8618123531341553
35,1775454875.554005,9,person,0.5,1.0,0.13879773020744324,0.5708196759223938
35,1775454875.554005,11,person,0.5,0.6,0.08361899852752686,0.4625428318977356
35,1775454875.554005,13,person,0.5,0.5,0.08165697008371353,0.437248557806015
36,1775454877.3102198,1,person,0.5,1.0,0.27608901262283325,0.5914133787155151
36,1775454877.3102198,2,person,0.5,0.3,0.2814320921897888,0.4172148108482361
36,1775454877.3102198,3,person,0.5,0.6,0.158850759267807,0.473827600479126
36,1775454877.3102198,5,person,0.5,0.6,0.08727852255105972,0.46309176087379456
36,1775454877.3102198,6,person,0.8127796053886414,0.6,0.10546201467514038,0.6534870862960815
36,1775454877.3102198,7,person,0.7917367219924927,0.6,0.16737967729568481,0.6501489877700806
36,1775454877.3102198,8,person,0.9656270146369934,1.0,0.09086047857999802,0.8430052995681763
36,1775454877.3102198,9,person,0.5,1.0,0.16253912448883057,0.5743808746337891
36,1775454877.3102198,11,person,0.5,0.6,0.12018944323062897,0.46802839636802673
36,1775454877.3102198,13,person,0.5,0.3,0.1749592125415802,0.4012438952922821
37,1775454879.1233187,1,person,0.5,1.0,0.218051478266716,0.5827077627182007
37,1775454879.1233187,2,person,0.5,0.3,0.20891737937927246,0.4063376188278198
37,1775454879.1233187,3,person,0.5,1.0,0.10574568808078766,0.5658618807792664
37,1775454879.1233187,5,person,0.5,0.6,0.09454898536205292,0.4641823470592499
37,1775454879.1233187,6,person,0.8453642129898071,0.6,0.11216121912002563,0.6740427017211914
37,1775454879.1233187,7,person,0.7603749632835388,0.6,0.07164877653121948,0.6169722676277161
37,1775454879.1233187,8,person,0.999549150466919,1.0,0.07862226665019989,0.8615227937698364
37,1775454879.1233187,9,person,0.5,0.5,0.12779241800308228,0.4441688656806946
37,1775454879.1233187,11,person,0.5,0.6,0.11919796466827393,0.46787968277931213
37,1775454879.1233187,13,person,0.5,0.5,0.125578373670578,0.4438367784023285
38,1775454881.1337469,1,person,0.5,1.0,0.2816311717033386,0.5922446846961975
38,1775454881.1337469,2,person,0.5,0.3,0.3668738901615143,0.43003109097480774
38,1775454881.1337469,3,person,0.5,1.0,0.08419784903526306,0.5626296997070312
38,1775454881.1337469,5,person,0.5,0.6,0.1320730596780777,0.46981096267700195
38,1775454881.1337469,6,person,0.847658634185791,0.6,0.1147162914276123,0.6758026480674744
38,1775454881.1337469,7,person,0.5,0.3,0.06468271464109421,0.3847024142742157
38,1775454881.1337469,8,person,0.9807379245758057,1.0,0.0805286392569542,0.8505220413208008
38,1775454881.1337469,9,person,0.5,1.0,0.18106397986412048,0.577159583568573
38,1775454881.1337469,11,person,0.5,0.6,0.08445481956005096,0.46266821026802063
38,1775454881.1337469,13,person,0.5,0.3,0.2431662380695343,0.41147494316101074
39,1775454883.079329,1,person,0.5,1.0,0.31541553139686584,0.597312331199646
39,1775454883.079329,2,person,0.5,0.3,0.2604941725730896,0.4140741229057312
39,1775454883.079329,3,person,0.5,1.0,0.08257570117712021,0.5623863935470581
39,1775454883.079329,5,person,0.5,1.0,0.09928872436285019,0.5648933053016663
39,1775454883.079329,6,person,0.8412467241287231,0.6,0.12130828201770782,0.6729442477226257
39,1775454883.079329,7,person,0.5,0.6,0.0501612052321434,0.4575241804122925
39,1775454883.079329,8,person,0.9586045742034912,1.0,0.4356042742729187,0.8905034065246582
39,1775454883.079329,9,person,0.5,1.0,0.06391554325819016,0.5595873594284058
39,1775454883.079329,11,person,0.5,0.6,0.10522210597991943,0.4657832980155945
39,1775454883.079329,13,person,0.5,0.5,0.14267651736736298,0.4464014768600464
40,1775454884.96552,1,person,0.5,1.0,0.25142768025398254,0.5877141952514648
40,1775454884.96552,2,person,0.5,0.3,0.34748023748397827,0.4271220266819
40,1775454884.96552,3,person,0.5,1.0,0.1761058121919632,0.5764158964157104
40,1775454884.96552,5,person,0.5,1.0,0.12069927155971527,0.5681049227714539
40,1775454884.96552,6,person,0.8480795621871948,0.6,0.09806088358163834,0.6735568642616272
40,1775454884.96552,7,person,0.5,0.5,0.1828118860721588,0.45242178440093994
40,1775454884.96552,8,person,0.9985728859901428,1.0,0.41327375173568726,0.9111348390579224
40,1775454884.96552,9,person,0.5,1.0,0.10990937054157257,0.5664864182472229
40,1775454884.96552,11,person,0.5,1.0,0.16181814670562744,0.5742727518081665
40,1775454884.96552,13,person,0.5,0.3,0.08485928177833557,0.38772889971733093
41,1775454887.0835974,1,person,0.5,1.0,0.2823191285133362,0.5923478603363037
41,1775454887.0835974,2,person,0.5,0.3,0.33321666717529297,0.424982488155365
41,1775454887.0835974,3,person,0.5,1.0,0.12679032981395721,0.569018542766571
41,1775454887.0835974,5,person,0.5,1.0,0.06676232069730759,0.5600143671035767
41,1775454887.0835974,6,person,0.8468959927558899,0.6,0.09112510085105896,0.6718063950538635
41,1775454887.0835974,7,person,0.5,0.3,0.11075308173894882,0.3916129767894745
41,1775454887.0835974,8,person,0.9667066335678101,1.0,0.3504734933376312,0.8825950026512146
41,1775454887.0835974,9,person,0.5,1.0,0.14926549792289734,0.5723898410797119
41,1775454887.0835974,11,person,0.5,0.6,0.20512500405311584,0.48076874017715454
41,1775454887.0835974,13,person,0.5,0.5,0.20257851481437683,0.45538678765296936
42,1775454889.1183424,1,person,0.5,1.0,0.26503151655197144,0.5897547602653503
42,1775454889.1183424,2,person,0.5,0.3,0.4327150881290436,0.4399072527885437
42,1775454889.1183424,3,person,0.5,1.0,0.09559471905231476,0.5643392205238342
42,1775454889.1183424,5,person,0.5,1.0,0.05628246068954468,0.5584423542022705
42,1775454889.1183424,6,person,0.8761477470397949,0.6,0.07763161510229111,0.687333345413208
42,1775454889.1183424,7,person,0.5,0.3,0.08631561696529388,0.38794735074043274
42,1775454889.1183424,8,person,0.9803708791732788,1.0,0.12215454876422882,0.8565456867218018
42,1775454889.1183424,9,person,0.5,1.0,0.09849447757005692,0.5647741556167603
42,1775454889.1183424,11,person,0.5,0.6,0.04420991986989975,0.45663148164749146
42,1775454889.1183424,13,person,0.5,0.5,0.10483497381210327,0.44072526693344116
43,1775454891.1173778,1,person,0.5,1.0,0.31339165568351746,0.5970087647438049
43,1775454891.1173778,2,person,0.5,0.3,0.22717662155628204,0.4090764820575714
43,1775454891.1173778,3,person,0.5,0.6,0.11483154445886612,0.46722471714019775
43,1775454891.1173778,5,person,0.5,1.0,0.11089084297418594,0.5666336417198181
43,1775454891.1173778,6,person,0.879323422908783,0.6,0.2078866958618164,0.7087770700454712
43,1775454891.1173778,7,person,0.5,0.3,0.08055849373340607,0.3870837688446045
43,1775454891.1173778,8,person,0.9636829495429993,1.0,0.2834729552268982,0.8707306981086731
43,1775454891.1173778,9,person,0.5,0.5,0.08157172054052353,0.4372357726097107
43,1775454891.1173778,11,person,0.5,0.6,0.12480102479457855,0.46872013807296753
43,1775454891.1173778,13,person,0.5,0.3,0.11357402801513672,0.392036110162735
44,1775454893.3967445,1,person,0.5,1.0,0.22616097331047058,0.5839241743087769
44,1775454893.3967445,2,person,0.5,0.3,0.2792091369628906,0.41688138246536255
44,1775454893.3967445,3,person,0.5,0.6,0.15481770038604736,0.47322264313697815
44,1775454893.3967445,5,person,0.5,1.0,0.0850289836525917,0.5627543330192566
44,1775454893.3967445,6,person,0.8759325742721558,0.6,0.16264258325099945,0.6999558806419373
44,1775454893.3967445,7,person,0.5,0.3,0.11016255617141724,0.39152437448501587
44,1775454893.3967445,8,person,0.9544926285743713,1.0,0.15250882506370544,0.8455718755722046
44,1775454893.3967445,9,person,0.5,1.0,0.17624032497406006,0.5764360427856445
44,1775454893.3967445,11,person,0.5,0.6,0.08217794448137283,0.46232667565345764
44,1775454893.3967445,13,person,0.5,0.3,0.08331913501024246,0.3874978721141815
45,1775454895.4945183,1,person,0.5,1.0,0.24514064192771912,0.5867711305618286
45,1775454895.4945183,2,person,0.5,0.3,0.2772512435913086,0.4165876805782318
45,1775454895.4945183,3,person,0.5,0.6,0.07403992861509323,0.46110597252845764
45,1775454895.4945183,5,person,0.5,1.0,0.08556217700242996,0.5628343224525452
45,1775454895.4945183,6,person,0.8709721565246582,0.6,0.1878909468650818,0.700766921043396
45,1775454895.4945183,7,person,0.5,0.3,0.06129777431488037,0.38419467210769653
45,1775454895.4945183,8,person,0.9993900656700134,1.0,0.6078689098358154,0.9408143758773804
45,1775454895.4945183,9,person,0.5,1.0,0.09260262548923492,0.5638903975486755
45,1775454895.4945183,11,person,0.5,0.6,0.0959971696138382,0.4643995761871338
45,1775454895.4945183,13,person,0.5,0.3,0.15853442251682281,0.3987801671028137
46,1775454897.4888182,1,person,0.5,1.0,0.32182255387306213,0.5982733964920044
46,1775454897.4888182,2,person,0.5,0.3,0.31319060921669006,0.42197859287261963
46,1775454897.4888182,3,person,0.5,0.6,0.15429848432540894,0.4731447696685791
46,1775454897.4888182,5,person,0.5,1.0,0.13263021409511566,0.569894552230835
46,1775454897.4888182,6,person,0.8490992188453674,0.6,0.10827264934778214,0.6757004261016846
46,1775454897.4888182,7,person,0.5,0.3,0.08201029151678085,0.3873015344142914
46,1775454897.4888182,8,person,0.9664947390556335,1.0,0.18720972537994385,0.857978343963623
46,1775454897.4888182,9,person,0.5,1.0,0.09009630978107452,0.5635144710540771
46,1775454897.4888182,11,person,0.5,0.6,0.17750075459480286,0.47662511467933655
46,1775454897.4888182,13,person,0.5,0.3,0.0936618521809578,0.3890492916107178
47,1775454899.5812008,1,person,0.5,1.0,0.24964861571788788,0.5874472856521606
47,1775454899.5812008,2,person,0.5,0.3,0.297511488199234,0.41962671279907227
47,1775454899.5812008,3,person,0.5,1.0,0.10570075362920761,0.5658551454544067
47,1775454899.5812008,5,person,0.5,1.0,0.07513313740491867,0.561269998550415
47,1775454899.5812008,6,person,0.8505291938781738,0.6,0.12242583930492401,0.6786814332008362
47,1775454899.5812008,7,person,0.5,0.3,0.08978351950645447,0.3884675204753876
47,1775454899.5812008,8,person,0.9966598749160767,1.0,0.16768456995487213,0.8731486201286316
47,1775454899.5812008,9,person,0.5,1.0,0.09570236504077911,0.5643553733825684
47,1775454899.5812008,11,person,0.5,0.6,0.17900139093399048,0.4768502116203308
47,1775454899.5812008,13,person,0.5,0.3,0.1350955069065094,0.39526432752609253
48,1775454901.3895245,1,person,0.5,1.0,0.2599296271800995,0.5889894366264343
48,1775454901.3895245,2,person,0.5,0.3,0.2630874514579773,0.4144631028175354
48,1775454901.3895245,3,person,0.5,0.6,0.15323354303836823,0.47298502922058105
48,1775454901.3895245,5,person,0.5,1.0,0.1379707157611847,0.5706956386566162
48,1775454901.3895245,6,person,0.8975024819374084,0.6,0.23105990886688232,0.723160445690155
48,1775454901.3895245,7,person,0.5,0.3,0.09524711966514587,0.3892870545387268
48,1775454901.3895245,8,person,0.9231383204460144,1.0,0.26795291900634766,0.8440759778022766
48,1775454901.3895245,9,person,0.5,1.0,0.0804290622472763,0.5620643496513367
48,1775454901.3895245,11,person,0.5,0.6,0.15153983235359192,0.47273096442222595
48,1775454901.3895245,13,person,0.5,0.3,0.18249651789665222,0.4023744761943817
49,1775454903.149673,1,person,0.5,1.0,0.25969529151916504,0.5889543294906616
49,1775454903.149673,2,person,0.5,0.3,0.331482857465744,0.42472243309020996
49,1775454903.149673,3,person,0.5,0.6,0.12700489163398743,0.46905073523521423
49,1775454903.149673,5,person,0.5,1.0,0.06652136892080307,0.5599782466888428
49,1775454903.149673,6,person,0.8409079313278198,0.6,0.13088300824165344,0.6741772294044495
49,1775454903.149673,7,person,0.5,0.3,0.0780675858259201,0.38671013712882996
49,1775454903.149673,8,person,0.8967446684837341,1.0,0.39997223019599915,0.8480426073074341
49,1775454903.149673,9,person,0.5,1.0,0.1892888844013214,0.5783933401107788
49,1775454903.149673,11,person,0.5,0.6,0.14113925397396088,0.4711708724498749
49,1775454903.149673,13,person,0.5,0.3,0.20488445460796356,0.405732661485672
50,1775454905.0591106,1,person,0.5,1.0,0.2746374011039734,0.5911956429481506
50,1775454905.0591106,2,person,0.5,0.3,0.3195779025554657,0.42293667793273926
50,1775454905.0591106,3,person,0.5,0.5,0.14472049474716187,0.446708083152771
50,1775454905.0591106,5,person,0.5,1.0,0.10829223692417145,0.5662438273429871
50,1775454905.0591106,6,person,0.8339987993240356,0.6,0.08710229396820068,0.6634646058082581
50,1775454905.0591106,7,person,0.5,0.3,0.09673655778169632,0.38951048254966736
50,1775454905.0591106,8,person,0.9548280239105225,1.0,0.2535738945007324,0.8609329462051392
50,1775454905.0591106,9,person,0.5,1.0,0.11226032674312592,0.5668390393257141
50,1775454905.0591106,11,person,0.5,1.0,0.07691631466150284,0.5615374445915222
50,1775454905.0591106,13,person,0.5,0.3,0.07983480393886566,0.3869752287864685
51,1775454907.045493,1,person,0.5,1.0,0.4299699366092682,0.6144955158233643
51,1775454907.045493,2,person,0.5,0.3,0.49400657415390015,0.44910097122192383
51,1775454907.045493,3,person,0.5,1.0,0.10544588416814804,0.5658168792724609
51,1775454907.045493,5,person,0.5,1.0,0.10311821848154068,0.5654677152633667
51,1775454907.045493,6,person,0.8524178266525269,0.6,0.12356467545032501,0.6799854040145874
51,1775454907.045493,7,person,0.5,0.3,0.05635874345898628,0.3834538161754608
51,1775454907.045493,8,person,0.9379950761795044,1.0,0.25089913606643677,0.8504319190979004
51,1775454907.045493,9,person,0.5,1.0,0.0987526997923851,0.5648128986358643
51,1775454907.045493,11,person,0.5,0.6,0.11550290882587433,0.4673254191875458
51,1775454907.045493,13,person,0.5,0.3,0.05081306770443916,0.38262197375297546
52,1775454909.1265652,1,person,0.5,0.5,0.33383896946907043,0.4750758707523346
52,1775454909.1265652,2,person,0.5,0.3,0.3720143437385559,0.4308021664619446
52,1775454909.1265652,3,person,0.5,1.0,0.17093588411808014,0.5756403803825378
52,1775454909.1265652,5,person,0.5,0.6,0.13723526895046234,0.47058528661727905
52,1775454909.1265652,6,person,0.8440070152282715,0.6,0.14470045268535614,0.6781092882156372
52,1775454909.1265652,7,person,0.5,0.3,0.13680538535118103,0.39552080631256104
52,1775454909.1265652,8,person,0.9530588388442993,1.0,0.0756378248333931,0.8331809639930725
52,1775454909.1265652,9,person,0.5,1.0,0.11539671570062637,0.5673094987869263
52,1775454909.1265652,11,person,0.5,0.6,0.132917121052742,0.4699375629425049
52,1775454909.1265652,13,person,0.5,0.3,0.07858923077583313,0.38678839802742004
53,1775454911.3144472,1,person,0.5,1.0,0.3722480833530426,0.6058372259140015
53,1775454911.3144472,2,person,0.5,0.3,0.3843040466308594,0.43264561891555786
53,1775454911.3144472,3,person,0.5,0.6,0.17949339747428894,0.47692400217056274
53,1775454911.3144472,5,person,0.5,1.0,0.07223053276538849,0.5608345866203308
53,1775454911.3144472,6,person,0.8467090129852295,1.0,0.16032227873802185,0.7820737361907959
53,1775454911.3144472,7,person,0.5,0.3,0.13312897086143494,0.3949693441390991
53,1775454911.3144472,8,person,0.96229088306427,1.0,0.08482085168361664,0.8400976657867432
53,1775454911.3144472,9,person,0.5,1.0,0.14404255151748657,0.5716063976287842
53,1775454911.3144472,11,person,0.5,0.6,0.08852045983076096,0.46327805519104004
53,1775454911.3144472,13,person,0.5,0.3,0.18532048165798187,0.4027980864048004
54,1775454913.2220385,1,person,0.5,1.0,0.41981759667396545,0.6129726767539978
54,1775454913.2220385,2,person,0.5,0.3,0.35712260007858276,0.42856839299201965
54,1775454913.2220385,3,person,0.5,1.0,0.20328930020332336,0.5804933905601501
54,1775454913.2220385,5,person,0.5,1.0,0.09063468873500824,0.5635952353477478
54,1775454913.2220385,6,person,0.8485533595085144,1.0,0.15592658519744873,0.7825210094451904
54,1775454913.2220385,7,person,0.5,0.3,0.1403195708990097,0.3960479497909546
54,1775454913.2220385,8,person,0.9879685640335083,1.0,0.10818982124328613,0.8590096235275269
54,1775454913.2220385,9,person,0.5,1.0,0.08491329103708267,0.562736988067627
54,1775454913.2220385,11,person,0.5,0.6,0.06941162794828415,0.4604117274284363
54,1775454913.2220385,13,person,0.5,0.3,0.048216018825769424,0.3822323977947235
55,1775454915.2054229,1,person,0.5,1.0,0.37823593616485596,0.6067354083061218
55,1775454915.2054229,2,person,0.5,0.3,0.3451211154460907,0.4267681837081909
55,1775454915.2054229,3,person,0.5,1.0,0.08959150314331055,0.5634387135505676
55,1775454915.2054229,5,person,0.5,1.0,0.1287107765674591,0.5693066120147705
55,1775454915.2054229,6,person,0.8311372995376587,1.0,0.14068877696990967,0.7697857022285461
55,1775454915.2054229,7,person,0.5,0.5,0.14210999011993408,0.44631651043891907
55,1775454915.2054229,8,person,0.9304124116897583,1.0,0.1220855861902237,0.8265602588653564
55,1775454915.2054229,9,person,0.5,1.0,0.07735318690538406,0.5616030097007751
55,1775454915.2054229,11,person,0.5,0.6,0.18070712685585022,0.4771060645580292
55,1775454915.2054229,13,person,0.5,0.3,0.12471266090869904,0.39370688796043396
56,1775454917.1498473,1,person,0.5,1.0,0.36406636238098145,0.6046099662780762
56,1775454917.1498473,2,person,0.5,0.3,0.295462965965271,0.4193194508552551
56,1775454917.1498473,3,person,0.5,0.6,0.10537748038768768,0.46580660343170166
56,1775454917.1498473,5,person,0.5,1.0,0.10793498903512955,0.566190242767334
56,1775454917.1498473,6,person,0.8517920970916748,1.0,0.0841197818517685,0.7736932039260864
56,1775454917.1498473,7,person,0.5,0.3,0.0930824726819992,0.38896235823631287
56,1775454917.1498473,8,person,0.9541535973548889,1.0,0.3088738024234772,0.868823230266571
56,1775454917.1498473,9,person,0.5,1.0,0.11215005815029144,0.5668225288391113
56,1775454917.1498473,11,person,0.5,0.6,0.14178557693958282,0.47126781940460205
56,1775454917.1498473,13,person,0.5,0.5,0.13630875945091248,0.44544631242752075
57,1775454918.9875867,1,person,0.5,1.0,0.3079516291618347,0.5961927771568298
57,1775454918.9875867,2,person,0.5,0.3,0.2603163719177246,0.4140474498271942
57,1775454918.9875867,3,person,0.5,0.6,0.10234451293945312,0.4653516709804535
57,1775454918.9875867,5,person,0.5,1.0,0.08783556520938873,0.5631753206253052
57,1775454918.9875867,6,person,0.8110874891281128,1.0,0.19278807938098907,0.7655707001686096
57,1775454918.9875867,7,person,0.9493739008903503,1.0,0.11329904943704605,0.8366191983222961
57,1775454918.9875867,8,person,0.9497575163841248,1.0,0.14197443425655365,0.8411506414413452
57,1775454918.9875867,9,person,0.5,1.0,0.10404849052429199,0.5656073093414307
57,1775454918.9875867,11,person,0.5,0.6,0.11347311735153198,0.4670209586620331
57,1775454918.9875867,13,person,0.5,0.3,0.0950511246919632,0.38925766944885254
58,1775454920.7043395,1,person,0.5,0.5,0.3323788046836853,0.47485682368278503
58,1775454920.7043395,2,person,0.5,0.3,0.3100821375846863,0.42151230573654175
58,1775454920.7043395,3,person,0.5,0.6,0.06874949485063553,0.4603124260902405
58,1775454920.7043395,5,person,0.5,1.0,0.06540902704000473,0.5598113536834717
58,1775454920.7043395,6,person,0.8167569637298584,1.0,0.08772893249988556,0.7532135248184204
58,1775454920.7043395,7,person,0.5,0.3,0.060087937861680984,0.38401317596435547
58,1775454920.7043395,8,person,0.9917358756065369,1.0,0.10071422159671783,0.8601486682891846
58,1775454920.7043395,9,person,0.5,1.0,0.08581899106502533,0.5628728866577148
58,1775454920.7043395,11,person,0.5,0.6,0.08828205615282059,0.4632422924041748
58,1775454920.7043395,13,person,0.5,0.5,0.153793603181839,0.4480690658092499
59,1775454922.7902303,1,person,0.5,0.5,0.34665051102638245,0.47699758410453796
59,1775454922.7902303,2,person,0.5,0.3,0.2923583388328552,0.418853759765625
59,1775454922.7902303,3,person,0.5,0.6,0.05858814716339111,0.4587882161140442
59,1775454922.7902303,5,person,0.5,1.0,0.09888794273138046,0.5648332238197327
59,1775454922.7902303,6,person,0.791597306728363,0.6,0.15412302315235138,0.6480768322944641
59,1775454922.7902303,7,person,0.5,0.3,0.026690000668168068,0.37900349497795105
59,1775454922.7902303,8,person,0.92269366979599,1.0,0.19469019770622253,0.8328197598457336
59,1775454922.7902303,9,person,0.5,1.0,0.15377026796340942,0.5730655789375305
59,1775454922.7902303,11,person,0.5,0.6,0.02797149121761322,0.45419570803642273
59,1775454922.7902303,13,person,0.5,0.5,0.17448824644088745,0.45117324590682983
59,1775454922.7902303,33,person,0.5,0.5,0.0,0.425
60,1775454924.8033817,1,person,0.5,0.5,0.10430721193552017,0.44064608216285706
60,1775454924.8033817,2,person,0.5,0.3,0.2937604784965515,0.41906407475471497
60,1775454924.8033817,3,person,0.5,0.6,0.1424379050731659,0.47136569023132324
60,1775454924.8033817,5,person,0.5,1.0,0.05806293338537216,0.558709442615509
60,1775454924.8033817,6,person,0.8506149649620056,0.6,0.17998278141021729,0.6873664259910583
60,1775454924.8033817,7,person,0.5,0.3,0.08418925851583481,0.38762837648391724
60,1775454924.8033817,8,person,0.9245378971099854,1.0,0.0654398500919342,0.8145387172698975
60,1775454924.8033817,9,person,0.5,1.0,0.07788082957267761,0.5616821646690369
60,1775454924.8033817,11,person,0.5,0.6,0.06447537243366241,0.459671288728714
60,1775454924.8033817,13,person,0.5,0.3,0.09482221305370331,0.3892233371734619
60,1775454924.8033817,33,person,0.5,0.5,0.10894717276096344,0.4413420855998993
61,1775454926.9866798,1,person,0.5,0.5,0.21561376750469208,0.45734208822250366
61,1775454926.9866798,2,person,0.5,0.3,0.12008587270975113,0.3930128812789917
61,1775454926.9866798,3,person,0.5,0.6,0.09544286131858826,0.4643164277076721
61,1775454926.9866798,5,person,0.5,1.0,0.09587401896715164,0.5643811225891113
61,1775454926.9866798,6,person,0.874636173248291,0.6,0.06668505072593689,0.6847844123840332
61,1775454926.9866798,7,person,0.5,0.3,0.11291122436523438,0.39193668961524963
61,1775454926.9866798,8,person,0.943246603012085,1.0,0.053855180740356445,0.8240262269973755
61,1775454926.9866798,9,person,0.5,1.0,0.11631040275096893,0.5674465894699097
61,1775454926.9866798,11,person,0.5,0.6,0.11947129666805267,0.4679206907749176
61,1775454926.9866798,13,person,0.5,0.5,0.08093485981225967,0.43714022636413574
61,1775454926.9866798,33,person,0.5,0.5,0.17886343598365784,0.4518295228481293
62,1775454928.8685477,1,person,0.5,0.5,0.13115641474723816,0.44467347860336304
62,1775454928.8685477,2,person,0.5,0.3,0.1355510801076889,0.3953326642513275
62,1775454928.8685477,3,person,0.5,0.6,0.08821853995323181,0.46323275566101074
62,1775454928.8685477,5,person,0.5,1.0,0.0897805243730545,0.5634670853614807
62,1775454928.8685477,6,person,0.8089073896408081,0.6,0.11841510236263275,0.653106689453125
62,1775454928.8685477,7,person,0.5,0.3,0.08407636731863022,0.387611448764801
62,1775454928.8685477,8,person,0.9202967882156372,1.0,0.07738666981458664,0.8137860894203186
62,1775454928.8685477,9,person,0.5,1.0,0.11616561561822891,0.5674248337745667
62,1775454928.8685477,11,person,0.5,0.6,0.06727603077888489,0.46009138226509094
62,1775454928.8685477,13,person,0.5,0.3,0.06813333928585052,0.3852199912071228
62,1775454928.8685477,33,person,0.5,0.5,0.1269601732492447,0.4440440535545349
63,1775454930.7079103,1,person,0.5,0.5,0.10281866788864136,0.44042280316352844
63,1775454930.7079103,2,person,0.5,0.3,0.2635573148727417,0.4145336151123047
63,1775454930.7079103,3,person,0.5,0.6,0.14120915532112122,0.47118136286735535
63,1775454930.7079103,5,person,0.5,1.0,0.06685557961463928,0.5600283741950989
63,1775454930.7079103,6,person,0.8972558975219727,0.6,0.08870901167392731,0.7016599178314209
63,1775454930.7079103,7,person,0.5,0.5,0.08033667504787445,0.4370505213737488
63,1775454930.7079103,8,person,0.8994576930999756,1.0,0.06725392490625381,0.7997627258300781
63,1775454930.7079103,9,person,0.5,1.0,0.1385468989610672,0.5707820653915405
63,1775454930.7079103,11,person,0.5,0.6,0.0982467383146286,0.4647369980812073
63,1775454930.7079103,13,person,0.5,0.5,0.0734519213438034,0.43601781129837036
63,1775454930.7079103,33,person,0.5,0.5,0.12959715723991394,0.4444395899772644
64,1775454932.5910108,1,person,0.5,0.5,0.09160977602005005,0.4387414753437042
64,1775454932.5910108,2,person,0.5,0.6,0.09245873987674713,0.46386879682540894
64,1775454932.5910108,3,person,0.5,0.6,0.109378382563591,0.4664067327976227
64,1775454932.5910108,5,person,0.5,1.0,0.1028120368719101,0.5654218196868896
64,1775454932.5910108,6,person,0.882851243019104,1.0,0.14424313604831696,0.8013472557067871
64,1775454932.5910108,7,person,0.5,0.3,0.16251595318317413,0.39937740564346313
64,1775454932.5910108,8,person,0.9199917912483215,1.0,0.06603513658046722,0.8119003772735596
64,1775454932.5910108,9,person,0.5,1.0,0.09794293344020844,0.564691424369812
64,1775454932.5910108,11,person,0.5,0.6,0.06338763236999512,0.45950812101364136
64,1775454932.5910108,33,person,0.5,0.5,0.1196831688284874,0.4429524838924408
65,1775454934.559041,1,person,0.5,0.5,0.05547185614705086,0.4333207905292511
65,1775454934.559041,2,person,0.5,0.6,0.06071781367063522,0.4591076672077179
65,1775454934.559041,3,person,0.5,0.6,0.0848643109202385,0.46272963285446167
65,1775454934.559041,5,person,0.5,1.0,0.10290571302175522,0.5654358863830566
65,1775454934.559041,6,person,0.8788288235664368,1.0,0.15904080867767334,0.8011534214019775
65,1775454934.559041,7,person,0.5,0.3,0.05964995548129082,0.383947491645813
65,1775454934.559041,8,person,0.9115985631942749,1.0,0.10722313821315765,0.8130426406860352
65,1775454934.559041,9,person,0.5,1.0,0.07599280774593353,0.5613989233970642
65,1775454934.559041,11,person,0.5,0.6,0.10556026548147202,0.46583402156829834
65,1775454934.559041,33,person,0.5,0.5,0.12121255695819855,0.4431819021701813
66,1775454936.332401,1,person,0.5,0.5,0.09311990439891815,0.4389680027961731
66,1775454936.332401,2,person,0.5,0.3,0.07975941896438599,0.3869639039039612
66,1775454936.332401,3,person,0.5,0.6,0.10416775941848755,0.46562516689300537
66,1775454936.332401,5,person,0.5,1.0,0.12511247396469116,0.5687668919563293
66,1775454936.332401,6,person,0.85772705078125,1.0,0.1194511279463768,0.7825539112091064
66,1775454936.332401,7,person,0.5,0.3,0.04220281168818474,0.3813304305076599
66,1775454936.332401,8,person,0.9086760878562927,1.0,0.13752992451190948,0.8158351182937622
66,1775454936.332401,9,person,0.5,1.0,0.020993608981370926,0.5531490445137024
66,1775454936.332401,11,person,0.5,0.6,0.13331781327724457,0.46999767422676086
66,1775454936.332401,33,person,0.5,0.5,0.1256488859653473,0.4438473582267761
66,1775454936.332401,13,person,0.5,0.5,0.301725834608078,0.470258891582489
67,1775454938.1652734,1,person,0.5,0.5,0.10255135595798492,0.440382719039917
67,1775454938.1652734,2,person,0.5,0.6,0.0998893529176712,0.46498340368270874
67,1775454938.1652734,3,person,0.5,0.6,0.07941743731498718,0.461912602186203
67,1775454938.1652734,5,person,0.5,1.0,0.09903399646282196,0.5648550987243652
67,1775454938.1652734,6,person,0.8314027190208435,0.6,0.09140045940876007,0.6625517010688782
67,1775454938.1652734,7,person,0.5,0.3,0.16752125322818756,0.40012818574905396
67,1775454938.1652734,8,person,0.9496482014656067,1.0,0.0821763426065445,0.8321154117584229
67,1775454938.1652734,9,person,0.5,1.0,0.1580630987882614,0.5737094879150391
67,1775454938.1652734,11,person,0.5,0.6,0.060708969831466675,0.45910632610321045
67,1775454938.1652734,33,person,0.5,0.5,0.06360561400651932,0.43454086780548096
67,1775454938.1652734,13,person,0.5,0.5,0.06010570377111435,0.4340158700942993
68,1775454939.959466,1,person,0.5,0.5,0.1130075454711914,0.4419511556625366
68,1775454939.959466,2,person,0.5,0.6,0.06367820501327515,0.45955172181129456
68,1775454939.959466,3,person,0.5,0.6,0.16027340292930603,0.4740409851074219
68,1775454939.959466,5,person,0.5,1.0,0.11707198619842529,0.5675607919692993
68,1775454939.959466,6,person,0.8345970511436462,0.6,0.14155985414981842,0.6719921827316284
68,1775454939.959466,7,person,0.5,0.5,0.09248092025518417,0.43887215852737427
68,1775454939.959466,8,person,0.9456226825714111,1.0,0.07151427865028381,0.8281008005142212
68,1775454939.959466,9,person,0.5,1.0,0.13590748608112335,0.5703861117362976
68,1775454939.959466,11,person,0.5,0.6,0.10698547214269638,0.46604782342910767
68,1775454939.959466,33,person,0.5,0.5,0.13315603137016296,0.4449734091758728
68,1775454939.959466,13,person,0.5,0.5,0.07454167306423187,0.43618127703666687
69,1775454941.801938,1,person,0.5,0.5,0.07299119979143143,0.4359486997127533
69,1775454941.801938,2,person,0.5,0.6,0.10320291668176651,0.46548041701316833
69,1775454941.801938,3,person,0.5,0.6,0.0805465430021286,0.4620819687843323
69,1775454941.801938,5,person,0.5,1.0,0.12023232877254486,0.5680348873138428
69,1775454941.801938,6,person,0.8684510588645935,1.0,0.06700306385755539,0.7811211347579956
69,1775454941.801938,7,person,0.5,0.5,0.06254842132329941,0.43438228964805603
69,1775454941.801938,8,person,0.9651045799255371,1.0,0.1328594833612442,0.8489916920661926
69,1775454941.801938,9,person,0.5,1.0,0.12150134891271591,0.5682252049446106
69,1775454941.801938,11,person,0.5,0.6,0.09648548811674118,0.46447280049324036
69,1775454941.801938,33,person,0.5,0.5,0.12378070503473282,0.4435671269893646
69,1775454941.801938,13,person,0.5,0.5,0.045961230993270874,0.4318941831588745
70,1775454943.6871574,1,person,0.5,0.5,0.12921690940856934,0.44438254833221436
70,1775454943.6871574,2,person,0.5,0.6,0.11934812366962433,0.46790221333503723
70,1775454943.6871574,3,person,0.5,0.6,0.09987305104732513,0.46498095989227295
70,1775454943.6871574,5,person,0.5,1.0,0.20566317439079285,0.5808494687080383
70,1775454943.6871574,6,person,0.8573893308639526,1.0,0.07472240924835205,0.7756419777870178
70,1775454943.6871574,7,person,0.5,0.3,0.09882042557001114,0.3898230791091919
70,1775454943.6871574,8,person,0.9713829755783081,1.0,0.057839710265398026,0.8415057063102722
70,1775454943.6871574,9,person,0.5,1.0,0.15115045011043549,0.5726726055145264
70,1775454943.6871574,11,person,0.5,0.6,0.09421680867671967,0.46413251757621765
70,1775454943.6871574,33,person,0.5,0.5,0.2062739133834839,0.4559411108493805
70,1775454943.6871574,13,person,0.5,0.3,0.06301175057888031,0.3844517767429352
71,1775454946.2418542,1,person,0.5,0.5,0.06576432287693024,0.43486467003822327
71,1775454946.2418542,2,person,0.5,0.6,0.22908589243888855,0.4843628704547882
71,1775454946.2418542,3,person,0.5,0.6,0.09895126521587372,0.46484267711639404
71,1775454946.2418542,5,person,0.5,1.0,0.14831280708312988,0.5722469091415405
71,1775454946.2418542,6,person,0.862557053565979,1.0,0.1773558109998703,0.7941376566886902
71,1775454946.2418542,7,person,0.5,0.5,0.07028943300247192,0.435543417930603
71,1775454946.2418542,8,person,0.9759578108787537,1.0,0.07557506859302521,0.8469109535217285
71,1775454946.2418542,9,person,0.5,1.0,0.11380322277545929,0.567070484161377
71,1775454946.2418542,11,person,0.5,0.6,0.06848197430372238,0.46027228236198425
71,1775454946.2418542,33,person,0.5,0.5,0.36004629731178284,0.47900694608688354
71,1775454946.2418542,13,person,0.5,0.5,0.09631876647472382,0.439447820186615
72,1775454949.399657,1,person,0.5,0.5,0.10190083831548691,0.4402851462364197
72,1775454949.399657,2,person,0.5,0.3,0.12887170910835266,0.394330769777298
72,1775454949.399657,3,person,0.5,0.6,0.10232587158679962,0.46534886956214905
72,1775454949.399657,5,person,0.5,1.0,0.12061616033315659,0.5680924654006958
72,1775454949.399657,6,person,0.8603914976119995,1.0,0.11143430322408676,0.7829500436782837
72,1775454949.399657,7,person,0.5,0.5,0.15001347661018372,0.4475020468235016
72,1775454949.399657,8,person,0.990026593208313,1.0,0.08051940053701401,0.8560938835144043
72,1775454949.399657,9,person,0.5,1.0,0.08145745098590851,0.5622186064720154
72,1775454949.399657,11,person,0.5,0.6,0.07010487467050552,0.46051570773124695
72,1775454949.399657,33,person,0.5,0.5,0.11628426611423492,0.4424426555633545
72,1775454949.399657,13,person,0.5,0.5,0.07694010436534882,0.43654102087020874
73,1775454952.1598039,1,person,0.5,0.5,0.1105174869298935,0.44157764315605164
73,1775454952.1598039,2,person,0.5,0.3,0.1603793203830719,0.39905691146850586
73,1775454952.1598039,3,person,0.5,0.6,0.11460278928279877,0.4671904146671295
73,1775454952.1598039,5,person,0.5,1.0,0.12421028316020966,0.5686315298080444
73,1775454952.1598039,6,person,0.8520410060882568,1.0,0.09677503257989883,0.7757408618927002
73,1775454952.1598039,7,person,0.5,0.5,0.11877216398715973,0.4428158402442932
73,1775454952.1598039,8,person,0.9908418655395508,1.0,0.10966916382312775,0.8609554767608643
73,1775454952.1598039,9,person,0.5,1.0,0.13818064332008362,0.5707271099090576
73,1775454952.1598039,11,person,0.5,0.6,0.07299938052892685,0.4609498977661133
73,1775454952.1598039,33,person,0.5,0.5,0.20739467442035675,0.4561092257499695
73,1775454952.1598039,13,person,0.5,0.5,0.06939629465341568,0.43540945649147034
74,1775454954.4029236,1,person,0.5,0.5,0.13938508927822113,0.4459077715873718
74,1775454954.4029236,2,person,0.5,0.6,0.15503087639808655,0.47325462102890015
74,1775454954.4029236,3,person,0.5,0.6,0.08307521045207977,0.4624612629413605
74,1775454954.4029236,5,person,0.5,1.0,0.08304014056921005,0.5624560117721558
74,1775454954.4029236,6,person,0.8761047124862671,1.0,0.22675776481628418,0.8096765279769897
74,1775454954.4029236,7,person,0.5,0.5,0.03567082807421684,0.4303506314754486
74,1775454954.4029236,8,person,0.9843903183937073,1.0,0.10858635604381561,0.8569221496582031
74,1775454954.4029236,9,person,0.5,1.0,0.08711811155080795,0.5630677342414856
74,1775454954.4029236,11,person,0.5,0.6,0.057557959109544754,0.458633691072464
74,1775454954.4029236,33,person,0.5,0.5,0.1926446557044983,0.453896701335907
74,1775454954.4029236,13,person,0.5,0.5,0.1661931872367859,0.44992899894714355
75,1775454956.5777297,1,person,0.5,0.5,0.11131981760263443,0.44169798493385315
75,1775454956.5777297,2,person,0.5,0.6,0.0843413919210434,0.46265119314193726
75,1775454956.5777297,3,person,0.5,0.6,0.08024714887142181,0.462037056684494
75,1775454956.5777297,5,person,0.5,1.0,0.12771926820278168,0.5691578984260559
75,1775454956.5777297,6,person,0.8551071286201477,0.6,0.062900111079216,0.6724992990493774
75,1775454956.5777297,7,person,0.5,0.5,0.07972923666238785,0.4369593858718872
75,1775454956.5777297,8,person,0.9669461250305176,1.0,0.06909637153148651,0.840532124042511
75,1775454956.5777297,9,person,0.5,1.0,0.08117947727441788,0.5621769428253174
75,1775454956.5777297,11,person,0.5,0.6,0.09979284554719925,0.4649689197540283
75,1775454956.5777297,33,person,0.5,0.5,0.2329733669757843,0.45994600653648376
75,1775454956.5777297,13,person,0.5,0.5,0.05129174143075943,0.4326937794685364
76,1775454959.1215446,1,person,0.5,0.5,0.19037219882011414,0.4535558521747589
76,1775454959.1215446,2,person,0.5,0.6,0.11038919538259506,0.4665583670139313
76,1775454959.1215446,3,person,0.5,0.6,0.06669322401285172,0.46000397205352783
76,1775454959.1215446,5,person,0.5,1.0,0.2693380117416382,0.5904006958007812
76,1775454959.1215446,6,person,0.8783165812492371,1.0,0.10576643794775009,0.792854905128479
76,1775454959.1215446,7,person,0.5,0.5,0.12418873608112335,0.44362831115722656
76,1775454959.1215446,8,person,0.9833405017852783,1.0,0.103634774684906,0.8555495142936707
76,1775454959.1215446,9,person,0.5,1.0,0.1227852925658226,0.5684177875518799
76,1775454959.1215446,11,person,0.5,0.6,0.11845928430557251,0.4677688777446747
76,1775454959.1215446,33,person,0.5,0.5,0.26693499088287354,0.46504026651382446
76,1775454959.1215446,13,person,0.5,0.5,0.08639217168092728,0.43795883655548096
77,1775454961.5105464,1,person,0.5,0.5,0.2181355059146881,0.4577203392982483
77,1775454961.5105464,2,person,0.5,0.6,0.09953208267688751,0.4649297893047333
77,1775454961.5105464,3,person,0.5,0.6,0.14256593585014343,0.4713848829269409
77,1775454961.5105464,5,person,0.5,1.0,0.13757136464118958,0.5706357359886169
77,1775454961.5105464,6,person,0.8941532969474792,1.0,0.2086816281080246,0.8177942633628845
77,1775454961.5105464,7,person,0.5,0.5,0.1267692744731903,0.44401541352272034
77,1775454961.5105464,8,person,0.9907012581825256,1.0,0.1407516747713089,0.8655334711074829
77,1775454961.5105464,9,person,0.5,1.0,0.09279582649469376,0.5639193654060364
77,1775454961.5105464,11,person,0.5,0.3,0.09246619045734406,0.3888699412345886
77,1775454961.5105464,33,person,0.5,0.5,0.3267681300640106,0.4740152359008789
77,1775454961.5105464,13,person,0.5,0.3,0.08894899487495422,0.38834235072135925
78,1775454964.2921584,1,person,0.5,0.5,0.16790206730365753,0.4501853287220001
78,1775454964.2921584,2,person,0.5,0.6,0.2124377191066742,0.48186564445495605
78,1775454964.2921584,3,person,0.5,0.6,0.1258067786693573,0.46887099742889404
78,1775454964.2921584,5,person,0.5,1.0,0.1650366485118866,0.5747554898262024
78,1775454964.2921584,6,person,0.9086666107177734,1.0,0.07818276435136795,0.8069273829460144
78,1775454964.2921584,7,person,0.5,0.5,0.09715665131807327,0.4395734965801239
78,1775454964.2921584,8,person,0.969192385673523,1.0,0.21576900780200958,0.8638807535171509
78,1775454964.2921584,9,person,0.5,1.0,0.07264496386051178,0.5608967542648315
78,1775454964.2921584,11,person,0.5,0.3,0.06308342516422272,0.38446250557899475
78,1775454964.2921584,13,person,0.5,0.5,0.09903549402952194,0.43985533714294434
79,1775454968.2202477,1,person,0.5,0.5,0.1822352409362793,0.45233529806137085
79,1775454968.2202477,2,person,0.5,0.6,0.2243129014968872,0.4836469292640686
79,1775454968.2202477,3,person,0.5,0.6,0.09716707468032837,0.46457505226135254
79,1775454968.2202477,5,person,0.5,1.0,0.15758588910102844,0.5736379027366638
79,1775454968.2202477,6,person,0.9070981740951538,1.0,0.10884605348110199,0.8105857968330383
79,1775454968.2202477,7,person,0.5,0.5,0.0637502372264862,0.4345625340938568
79,1775454968.2202477,8,person,0.9850255846977234,1.0,0.16150404512882233,0.8652409315109253
79,1775454968.2202477,9,person,0.5,1.0,0.11402051150798798,0.5671030879020691
79,1775454968.2202477,11,person,0.5,0.6,0.08601313829421997,0.4629019498825073
79,1775454968.2202477,13,person,0.5,0.5,0.0808880403637886,0.43713322281837463
79,1775454968.2202477,33,person,0.5,0.5,0.49891653656959534,0.4998374879360199
80,1775454971.6958315,1,person,0.5,0.5,0.2412644326686859,0.4611896872520447
80,1775454971.6958315,2,person,0.5,0.6,0.25211116671562195,0.4878166615962982
80,1775454971.6958315,3,person,0.5,0.6,0.07426188886165619,0.4611392617225647
80,1775454971.6958315,5,person,0.5,1.0,0.14613574743270874,0.5719203948974609
80,1775454971.6958315,6,person,0.8894299268722534,1.0,0.10089384019374847,0.7987920641899109
80,1775454971.6958315,7,person,0.5,0.5,0.08218248188495636,0.43732738494873047
80,1775454971.6958315,8,person,0.9337862133979797,1.0,0.6707712411880493,0.9108874201774597
80,1775454971.6958315,9,person,0.5,1.0,0.09943469613790512,0.5649152398109436
80,1775454971.6958315,11,person,0.5,0.3,0.0684342160820961,0.38526514172554016
80,1775454971.6958315,13,person,0.5,0.5,0.12700560688972473,0.4440508484840393
80,1775454971.6958315,33,person,0.5,0.5,0.43524789810180664,0.490287184715271
81,1775454973.9154804,1,person,0.5,0.5,0.25942671298980713,0.46391403675079346
81,1775454973.9154804,2,person,0.5,0.6,0.21507501602172852,0.4822612404823303
81,1775454973.9154804,3,person,0.5,0.6,0.12282055616378784,0.468423068523407
81,1775454973.9154804,5,person,0.5,1.0,0.20288363099098206,0.5804325342178345
81,1775454973.9154804,6,person,0.8566401600837708,1.0,0.2040499448776245,0.7945916056632996
81,1775454973.9154804,7,person,0.5,0.5,0.09365487098693848,0.43904823064804077
81,1775454973.9154804,8,person,0.9675774574279785,1.0,0.30802515149116516,0.8767502903938293
81,1775454973.9154804,9,person,0.5,1.0,0.24240246415138245,0.5863603949546814
81,1775454973.9154804,11,person,0.5,0.6,0.052070893347263336,0.4578106105327606
82,1775454975.6654866,1,person,0.5,0.5,0.307995080947876,0.47119927406311035
82,1775454975.6654866,2,person,0.5,1.0,0.2619839310646057,0.5892975926399231
82,1775454975.6654866,3,person,0.5,0.6,0.1301528513431549,0.4695229232311249
82,1775454975.6654866,5,person,0.5,1.0,0.33159366250038147,0.5997390747070312
82,1775454975.6654866,6,person,0.8778906464576721,1.0,0.216512531042099,0.8092113137245178
82,1775454975.6654866,7,person,0.5,0.3,0.1176743134856224,0.39265114068984985
82,1775454975.6654866,8,person,0.9686623811721802,1.0,0.1437041461467743,0.8527530431747437
82,1775454975.6654866,9,person,0.5,1.0,0.14600476622581482,0.5719007253646851
82,1775454975.6654866,11,person,0.5,0.3,0.15042230486869812,0.3975633382797241
82,1775454975.6654866,13,person,0.5,0.3,0.24684450030326843,0.41202667355537415
83,1775454977.5252976,1,person,0.5,0.5,0.3196467161178589,0.47294703125953674
83,1775454977.5252976,2,person,0.5,1.0,0.150661900639534,0.5725992918014526
83,1775454977.5252976,3,person,0.5,0.6,0.13679085671901703,0.4705186188220978
83,1775454977.5252976,5,person,0.5,1.0,0.31931012868881226,0.5978965163230896
83,1775454977.5252976,6,person,0.8699658513069153,1.0,0.1896190643310547,0.8004223704338074
83,1775454977.5252976,7,person,0.5,1.0,0.12620383501052856,0.5689305663108826
83,1775454977.5252976,8,person,0.979482114315033,1.0,0.12597253918647766,0.8565851449966431
83,1775454977.5252976,9,person,0.5,1.0,0.11741654574871063,0.5676124691963196
83,1775454977.5252976,11,person,0.5,0.5,0.06570381671190262,0.434855580329895
83,1775454977.5252976,13,person,0.5,0.5,0.11616543680429459,0.44242483377456665
83,1775454977.5252976,33,person,0.5,0.5,0.911078929901123,0.5616618394851685
84,1775454979.5791435,1,person,0.5,0.5,0.2933499813079834,0.46900251507759094
84,1775454979.5791435,2,person,0.5,1.0,0.24619686603546143,0.5869295597076416
84,1775454979.5791435,3,person,0.5,0.6,0.1407715082168579,0.47111570835113525
84,1775454979.5791435,5,person,0.5,1.0,0.3808460533618927,0.6071269512176514
84,1775454979.5791435,6,person,0.8520236015319824,0.6,0.07309664040803909,0.6721786856651306
84,1775454979.5791435,7,person,0.5,0.3,0.061173975467681885,0.384176105260849
84,1775454979.5791435,8,person,0.9777148962020874,1.0,0.129099041223526,0.8559937477111816
84,1775454979.5791435,9,person,0.5,1.0,0.11764039844274521,0.5676460862159729
84,1775454979.5791435,11,person,0.5,0.6,0.06493343412876129,0.45974001288414
84,1775454979.5791435,13,person,0.5,0.5,0.11305761337280273,0.4419586658477783
84,1775454979.5791435,37,person,0.9628879427909851,1.0,0.0,0.8277327656745911
85,1775454981.672746,1,person,0.5,0.5,0.38724449276924133,0.4830866754055023
85,1775454981.672746,2,person,0.5,1.0,0.2531771659851074,0.5879765748977661
85,1775454981.672746,3,person,0.5,0.6,0.11817716062068939,0.46772655844688416
85,1775454981.672746,5,person,0.5,0.6,0.3990554213523865,0.5098583102226257
85,1775454981.672746,6,person,0.9039163589477539,0.6,0.16988053917884827,0.7178318500518799
85,1775454981.672746,7,person,0.5,0.3,0.09181750565767288,0.3887726366519928
85,1775454981.672746,9,person,0.5,1.0,0.1647307425737381,0.5747096538543701
85,1775454981.672746,11,person,0.5,0.6,0.1278126984834671,0.4691718816757202
85,1775454981.672746,13,person,0.5,0.5,0.2910396456718445,0.46865594387054443
85,1775454981.672746,37,person,0.9259325861930847,1.0,0.11599178612232208,0.8229583501815796
85,1775454981.672746,33,person,0.5,0.5,0.6645568013191223,0.5246835350990295
86,1775454983.5852282,1,person,0.5,0.5,0.44212597608566284,0.4913189113140106
86,1775454983.5852282,2,person,0.5,0.6,0.19601856172084808,0.4794027805328369
86,1775454983.5852282,3,person,0.5,0.6,0.10433663427829742,0.4656504988670349
86,1775454983.5852282,5,person,0.5,1.0,0.408014714717865,0.6112022399902344
86,1775454983.5852282,6,person,0.86042320728302,0.6,0.2574080228805542,0.7048650979995728
86,1775454983.5852282,7,person,0.5,0.5,0.11959239095449448,0.4429388642311096
86,1775454983.5852282,9,person,0.5,1.0,0.14868105947971344,0.5723021626472473
86,1775454983.5852282,11,person,0.5,0.6,0.0630449503660202,0.45945674180984497
86,1775454983.5852282,13,person,0.5,0.3,0.14828431606292725,0.39724263548851013
86,1775454983.5852282,37,person,0.9469394087791443,1.0,0.12094730138778687,0.8363057374954224
86,1775454983.5852282,33,person,0.5,0.5,0.4035114645957947,0.4855267405509949
87,1775454985.4886553,1,person,0.5,0.5,0.4350842535495758,0.4902626574039459
87,1775454985.4886553,2,person,0.5,1.0,0.15175065398216248,0.5727626085281372
87,1775454985.4886553,3,person,0.5,0.6,0.14919207990169525,0.47237879037857056
87,1775454985.4886553,5,person,0.5,0.6,0.370535671710968,0.5055803656578064
87,1775454985.4886553,6,person,0.8920081853866577,1.0,0.09803389012813568,0.7999099493026733
87,1775454985.4886553,7,person,0.5,0.3,0.09593869745731354,0.3893907964229584
87,1775454985.4886553,9,person,0.5,1.0,0.14873841404914856,0.5723108053207397
87,1775454985.4886553,11,person,0.5,0.6,0.16178491711616516,0.47426772117614746
87,1775454985.4886553,13,person,0.5,0.5,0.11043538898229599,0.4415653347969055
87,1775454985.4886553,37,person,0.9572489857673645,1.0,0.20740830898284912,0.8554606437683105
87,1775454985.4886553,33,person,0.5,0.5,0.38118764758110046,0.4821781516075134
88,1775454987.3669994,1,person,0.5,0.5,0.3155968189239502,0.47233954071998596
88,1775454987.3669994,2,person,0.5,1.0,0.2706597149372101,0.5905989408493042
88,1775454987.3669994,3,person,0.5,0.6,0.13932839035987854,0.4708992540836334
88,1775454987.3669994,5,person,0.5,1.0,0.571682333946228,0.6357523798942566
88,1775454987.3669994,6,person,0.8997780680656433,0.6,0.10019069910049438,0.7048954367637634
88,1775454987.3669994,7,person,0.5,0.5,0.09459617733955383,0.43918943405151367
88,1775454987.3669994,9,person,0.5,1.0,0.17617252469062805,0.5764259099960327
88,1775454987.3669994,11,person,0.5,0.3,0.13974681496620178,0.39596202969551086
88,1775454987.3669994,13,person,0.5,0.3,0.10981571674346924,0.39147236943244934
88,1775454987.3669994,37,person,0.9560495018959045,1.0,0.11671622842550278,0.8411371111869812
88,1775454987.3669994,33,person,0.5,0.5,0.3421413004398346,0.4763212203979492
89,1775454989.465874,1,person,0.5,0.5,0.5711627006530762,0.5106744170188904
89,1775454989.465874,2,person,0.5,1.0,0.1736389398574829,0.5760458707809448
89,1775454989.465874,3,person,0.5,0.6,0.09019457548856735,0.46352916955947876
89,1775454989.465874,5,person,0.5,1.0,0.345447838306427,0.6018171906471252
89,1775454989.465874,6,person,0.9051896333694458,1.0,0.1507795751094818,0.8157306909561157
89,1775454989.465874,7,person,0.5,0.3,0.0918998196721077,0.3887849748134613
89,1775454989.465874,9,person,0.5,1.0,0.1288735717535019,0.5693310499191284
89,1775454989.465874,11,person,0.5,0.3,0.1345609724521637,0.39518415927886963
89,1775454989.465874,13,person,0.5,0.3,0.10842440277338028,0.3912636637687683
89,1775454989.465874,37,person,0.9447476863861084,1.0,0.08882669359445572,0.8301726579666138
89,1775454989.465874,33,person,0.5,0.5,0.16734369099140167,0.4501015543937683
89,1775454989.465874,8,person,0.9445779919624329,1.0,0.2805148959159851,0.8588240146636963
90,1775454991.6964178,1,person,0.5,0.5,0.30729424953460693,0.47109416127204895
90,1775454991.6964178,2,person,0.5,1.0,0.19983652234077454,0.5799754858016968
90,1775454991.6964178,3,person,0.5,0.6,0.06833676248788834,0.46025049686431885
90,1775454991.6964178,5,person,0.5,1.0,0.3527531027793884,0.602912962436676
90,1775454991.6964178,6,person,0.8827309012413025,1.0,0.1773601621389389,0.8062425255775452
90,1775454991.6964178,7,person,0.5,0.3,0.14157474040985107,0.39623621106147766
90,1775454991.6964178,9,person,0.5,1.0,0.06280733644962311,0.5594211220741272
90,1775454991.6964178,11,person,0.5,0.6,0.23416471481323242,0.48512470722198486
90,1775454991.6964178,13,person,0.5,0.3,0.21117791533470154,0.40667667984962463
90,1775454991.6964178,33,person,0.5,0.5,0.19243374466896057,0.45386508107185364
90,1775454991.6964178,8,person,0.9697180390357971,1.0,0.123397096991539,0.8503403663635254
91,1775454993.5801024,1,person,0.5,1.0,0.40875452756881714,0.6113132238388062
91,1775454993.5801024,2,person,0.5,1.0,0.1430441290140152,0.5714566111564636
91,1775454993.5801024,3,person,0.5,0.3,0.09467592090368271,0.38920140266418457
91,1775454993.5801024,5,person,0.5,1.0,0.6671150326728821,0.6500672698020935
91,1775454993.5801024,6,person,0.9015654921531677,1.0,0.16092827916145325,0.8150784969329834
91,1775454993.5801024,7,person,0.5,0.5,0.07891881465911865,0.4368378221988678
91,1775454993.5801024,9,person,0.5,1.0,0.09582111239433289,0.5643731951713562
91,1775454993.5801024,11,person,0.5,0.6,0.06910595297813416,0.460365891456604
91,1775454993.5801024,13,person,0.5,0.3,0.07488897442817688,0.3862333595752716
91,1775454993.5801024,33,person,0.5,0.5,0.10255219787359238,0.44038283824920654
91,1775454993.5801024,8,person,0.957881510257721,1.0,0.13435986638069153,0.8448829054832458
91,1775454993.5801024,37,person,0.9728696346282959,1.0,0.1626863330602646,0.8581247329711914
92,1775454995.6164677,1,person,0.5,1.0,0.36488479375839233,0.6047327518463135
92,1775454995.6164677,2,person,0.5,1.0,0.12436874210834503,0.5686553120613098
92,1775454995.6164677,3,person,0.5,0.6,0.07849906384944916,0.4617748558521271
92,1775454995.6164677,5,person,0.5,1.0,0.5585066080093384,0.6337760090827942
92,1775454995.6164677,6,person,0.8873491287231445,0.6,0.08542545139789581,0.6952232718467712
92,1775454995.6164677,7,person,0.5,0.5,0.16048017144203186,0.4490720331668854
92,1775454995.6164677,9,person,0.5,1.0,0.19177615642547607,0.5787664651870728
92,1775454995.6164677,11,person,0.5,0.6,0.06719131767749786,0.4600786864757538
92,1775454995.6164677,13,person,0.5,0.3,0.18446464836597443,0.4026696979999542
92,1775454995.6164677,33,person,0.5,0.5,0.2479771375656128,0.46219658851623535
92,1775454995.6164677,8,person,0.9185188412666321,1.0,0.13327966630458832,0.8211032152175903
92,1775454995.6164677,37,person,0.9183334112167358,1.0,0.11641120910644531,0.8184617161750793
93,1775454997.65393,1,person,0.5,1.0,0.5551733374595642,0.6332759857177734
93,1775454997.65393,2,person,0.5,1.0,0.09364481270313263,0.5640467405319214
93,1775454997.65393,3,person,0.5,1.0,0.07139304280281067,0.5607089400291443
93,1775454997.65393,5,person,0.5,1.0,0.5812291502952576,0.6371843814849854
93,1775454997.65393,6,person,0.8866521120071411,0.6,0.11931858956813812,0.699889063835144
93,1775454997.65393,7,person,0.5,0.5,0.06489630043506622,0.4347344636917114
93,1775454997.65393,9,person,0.5,1.0,0.13502582907676697,0.5702539086341858
93,1775454997.65393,11,person,0.5,0.6,0.06040031462907791,0.45906004309654236
93,1775454997.65393,13,person,0.5,0.3,0.1700114607810974,0.40050172805786133
93,1775454997.65393,33,person,0.5,0.5,0.2288598120212555,0.4593289792537689
93,1775454997.65393,37,person,0.9384805560112,1.0,0.18837571144104004,0.8413447141647339
94,1775454999.544568,1,person,0.5,1.0,0.556742787361145,0.6335114240646362
94,1775454999.544568,2,person,0.5,1.0,0.09776054322719574,0.5646640658378601
94,1775454999.544568,3,person,0.5,0.5,0.07212887704372406,0.4358193576335907
94,1775454999.544568,5,person,0.7680195569992065,1.0,0.5036154985427856,0.7863540649414062
94,1775454999.544568,6,person,0.9059369564056396,0.6,0.15839216113090515,0.71732097864151
94,1775454999.544568,7,person,0.5,0.6,0.10747144371271133,0.46612071990966797
94,1775454999.544568,9,person,0.5,1.0,0.1318374127149582,0.5697756409645081
94,1775454999.544568,11,person,0.5,0.6,0.043409861624240875,0.4565114676952362
94,1775454999.544568,13,person,0.5,0.3,0.051019590348005295,0.3826529383659363
94,1775454999.544568,33,person,0.5,0.5,0.13875311613082886,0.44581297039985657
94,1775454999.544568,37,person,0.9749588370323181,1.0,0.23452849686145782,0.8701545596122742
94,1775454999.544568,8,person,0.9338399767875671,1.0,0.19955921173095703,0.8402378559112549
95,1775455001.7683456,1,person,0.5,0.5,0.6160570383071899,0.517408549785614
95,1775455001.7683456,2,person,0.5,1.0,0.12035033851861954,0.5680525898933411
95,1775455001.7683456,3,person,0.5,1.0,0.06770409643650055,0.5601556301116943
95,1775455001.7683456,5,person,0.7272664904594421,1.0,0.6201286315917969,0.7793791890144348
95,1775455001.7683456,6,person,0.9051297903060913,0.6,0.07648305594921112,0.7045503258705139
95,1775455001.7683456,7,person,0.5,0.5,0.07442839443683624,0.4361642599105835
95,1775455001.7683456,9,person,0.5,1.0,0.06112295389175415,0.5591684579849243
95,1775455001.7683456,11,person,0.5,0.6,0.07799641788005829,0.4616994559764862
95,1775455001.7683456,13,person,0.5,0.3,0.08166737854480743,0.3872500956058502
95,1775455001.7683456,33,person,0.5,0.5,0.4376126825809479,0.49064192175865173
95,1775455001.7683456,37,person,0.9664919972419739,1.0,0.12439099699258804,0.8485538363456726
96,1775455004.0903194,1,person,0.5,0.5,0.5048848390579224,0.5007327198982239
96,1775455004.0903194,2,person,0.5,1.0,0.13340377807617188,0.5700106024742126
96,1775455004.0903194,3,person,0.5,1.0,0.08049523085355759,0.5620743036270142
96,1775455004.0903194,5,person,0.7475167512893677,1.0,0.7649530172348022,0.8132529854774475
96,1775455004.0903194,6,person,0.8838868737220764,0.6,0.13935300707817078,0.7012350559234619
96,1775455004.0903194,7,person,0.5,0.5,0.0695488303899765,0.4354323446750641
96,1775455004.0903194,9,person,0.5,1.0,0.11788372695446014,0.5676825642585754
96,1775455004.0903194,11,person,0.5,0.6,0.1284797042608261,0.4692719578742981
96,1775455004.0903194,13,person,0.5,0.3,0.06428062170743942,0.384642094373703
96,1775455004.0903194,33,person,0.5,0.3,0.4856076240539551,0.4478411376476288
96,1775455004.0903194,37,person,0.9822852611541748,1.0,0.11341901123523712,0.8563839793205261
96,1775455004.0903194,8,person,0.9318875670433044,1.0,0.19682259857654572,0.8386558890342712
97,1775455006.4297621,2,person,0.5,1.0,0.228806734085083,0.5843210220336914
97,1775455006.4297621,3,person,0.5,1.0,0.10768067836761475,0.5661520957946777
97,1775455006.4297621,5,person,0.805391788482666,1.0,0.6693075895309448,0.8336312174797058
97,1775455006.4297621,6,person,0.8728150129318237,0.6,0.05795559287071228,0.682382345199585
97,1775455006.4297621,7,person,0.5,0.5,0.1482936590909958,0.4472440481185913
97,1775455006.4297621,9,person,0.5,1.0,0.08476920425891876,0.5627154111862183
97,1775455006.4297621,11,person,0.5,0.6,0.1313382387161255,0.46970072388648987
97,1775455006.4297621,13,person,0.5,0.3,0.12027736753225327,0.39304161071777344
97,1775455006.4297621,33,person,0.430103063583374,0.6,0.5547174215316772,0.49126943945884705
97,1775455006.4297621,37,person,0.9592612385749817,1.0,0.06814590841531754,0.8357786536216736
98,1775455008.2387726,2,person,0.5,1.0,0.2070293426513672,0.5810543894767761
98,1775455008.2387726,3,person,0.5,0.6,0.08262656629085541,0.46239396929740906
98,1775455008.2387726,5,person,0.797802209854126,1.0,0.5882081985473633,0.8169125318527222
98,1775455008.2387726,6,person,0.8677449822425842,0.6,0.14725840091705322,0.6927357316017151
98,1775455008.2387726,7,person,0.5,0.5,0.07496553659439087,0.4362448453903198
98,1775455008.2387726,9,person,0.5,1.0,0.10435380041599274,0.5656530857086182
98,1775455008.2387726,11,person,0.5,0.6,0.08745933324098587,0.46311888098716736
98,1775455008.2387726,13,person,0.5,0.3,0.08575845509767532,0.38786375522613525
98,1775455008.2387726,33,person,0.5,0.6,0.4144357740879059,0.512165367603302
98,1775455008.2387726,37,person,0.9854013323783875,1.0,0.1727452129125595,0.8671526312828064
98,1775455008.2387726,1,person,0.5,0.5,0.7843707203865051,0.5426556468009949
99,1775455010.1239781,2,person,0.5,1.0,0.07977552711963654,0.5619663596153259
99,1775455010.1239781,3,person,0.5,0.6,0.11344586312770844,0.46701687574386597
99,1775455010.1239781,5,person,0.773054838180542,1.0,0.49799782037734985,0.7885326147079468
99,1775455010.1239781,6,person,0.8648562431335449,0.6,0.18860821425914764,0.6972049474716187
99,1775455010.1239781,7,person,0.5,0.5,0.10721192508935928,0.44108179211616516
99,1775455010.1239781,9,person,0.5,1.0,0.04307958111166954,0.5564619302749634
99,1775455010.1239781,11,person,0.5,0.6,0.10070712864398956,0.4651060700416565
99,1775455010.1239781,13,person,0.5,0.3,0.11185326427221298,0.39177799224853516
99,1775455010.1239781,33,person,0.5,0.3,0.5250359177589417,0.45375537872314453
99,1775455010.1239781,37,person,0.962467610836029,1.0,0.24493396282196045,0.8642206192016602
100,1775455012.2995365,2,person,0.5,1.0,0.14800767600536346,0.5722011923789978
100,1775455012.2995365,3,person,0.5,0.6,0.15257249772548676,0.4728858768939972
100,1775455012.2995365,5,person,0.7619509696960449,0.5,0.7011560797691345,0.6873440146446228
100,1775455012.2995365,6,person,0.8666269183158875,0.6,0.16731049120426178,0.6950727701187134
100,1775455012.2995365,7,person,0.5,0.5,0.09558957070112228,0.43933844566345215
100,1775455012.2995365,9,person,0.5,1.0,0.08371778577566147,0.5625576972961426
100,1775455012.2995365,11,person,0.5,0.6,0.27303123474121094,0.4909546673297882
100,1775455012.2995365,13,person,0.5,0.3,0.15125435590744019,0.3976881504058838
100,1775455012.2995365,33,person,0.5,0.3,0.4382689595222473,0.44074034690856934
100,1775455012.2995365,37,person,0.9821845293045044,1.0,0.15124323964118958,0.8619971871376038
101,1775455014.1740115,2,person,0.5,1.0,0.09464577585458755,0.5641968846321106
101,1775455014.1740115,3,person,0.5,0.6,0.07148098945617676,0.4607221484184265
101,1775455014.1740115,5,person,0.5,0.5,0.7512155771255493,0.5376823544502258
101,1775455014.1740115,6,person,0.9007737040519714,0.6,0.08467022329568863,0.7031647562980652
101,1775455014.1740115,7,person,0.5,0.5,0.09534898400306702,0.43930235505104065
101,1775455014.1740115,9,person,0.5,1.0,0.14439639449119568,0.5716594457626343
101,1775455014.1740115,11,person,0.5,0.6,0.22373616695404053,0.4835604131221771
101,1775455014.1740115,13,person,0.5,0.3,0.11264391243457794,0.3918965756893158
101,1775455014.1740115,33,person,0.5,0.3,0.5442453622817993,0.45663681626319885
101,1775455014.1740115,37,person,0.9929395914077759,1.0,0.1299510896205902,0.8652564287185669
102,1775455016.1379936,2,person,0.5,1.0,0.16936250030994415,0.5754044055938721
102,1775455016.1379936,3,person,0.5,0.6,0.07065992057323456,0.46059897541999817
102,1775455016.1379936,5,person,0.5,0.5,0.5429711937904358,0.5064457058906555
102,1775455016.1379936,6,person,0.9019043445587158,0.6,0.15071389079093933,0.7137497067451477
102,1775455016.1379936,7,person,0.5,0.5,0.08496889472007751,0.4377453327178955
102,1775455016.1379936,9,person,0.5,1.0,0.09323538839817047,0.5639853477478027
102,1775455016.1379936,11,person,0.5,0.6,0.06797163188457489,0.46019572019577026
102,1775455016.1379936,13,person,0.5,0.3,0.074639692902565,0.38619595766067505
102,1775455016.1379936,33,person,0.5,0.3,0.4588529169559479,0.44382792711257935
102,1775455016.1379936,37,person,0.9770393371582031,1.0,0.14935302734375,0.8586265444755554
102,1775455016.1379936,42,person,0.5,0.5,0.0,0.425
103,1775455018.0316746,2,person,0.5,1.0,0.14113973081111908,0.5711709856987
103,1775455018.0316746,3,person,0.5,0.6,0.08084708452224731,0.46212705969810486
103,1775455018.0316746,5,person,0.5,0.5,0.6358155012130737,0.5203723311424255
103,1775455018.0316746,6,person,0.8588210940361023,0.6,0.0788884088397026,0.6771259307861328
103,1775455018.0316746,7,person,0.5,0.3,0.05650002881884575,0.38347500562667847
103,1775455018.0316746,9,person,0.5,1.0,0.12714004516601562,0.5690709948539734
103,1775455018.0316746,11,person,0.5,0.3,0.15161891281604767,0.3977428376674652
103,1775455018.0316746,13,person,0.5,0.3,0.05173110216856003,0.3827596604824066
103,1775455018.0316746,33,person,0.5,0.3,0.22702404856681824,0.40905362367630005
103,1775455018.0316746,37,person,0.9667612314224243,1.0,0.20550215244293213,0.860882043838501
103,1775455018.0316746,42,person,0.5,0.5,0.6282855272293091,0.5192428231239319
104,1775455019.9878807,2,person,0.5,1.0,0.08829455077648163,0.5632442235946655
104,1775455019.9878807,3,person,0.5,0.6,0.1228547915816307,0.46842819452285767
104,1775455019.9878807,5,person,0.5,0.5,0.4701341688632965,0.49552014470100403
104,1775455019.9878807,6,person,0.8340795040130615,0.6,0.05699203535914421,0.6589965224266052
104,1775455019.9878807,7,person,0.5,0.5,0.11602941900491714,0.4424044191837311
104,1775455019.9878807,9,person,0.5,1.0,0.11493227630853653,0.5672398805618286
104,1775455019.9878807,11,person,0.5,0.3,0.19880583882331848,0.40482088923454285
104,1775455019.9878807,13,person,0.5,0.3,0.11267559230327606,0.3919013440608978
104,1775455019.9878807,33,person,0.5,0.3,0.851026177406311,0.502653956413269
104,1775455019.9878807,37,person,0.9697393178939819,1.0,0.1915588229894638,0.8605774641036987
105,1775455021.9638772,2,person,0.5,1.0,0.18321552872657776,0.5774823427200317
105,1775455021.9638772,3,person,0.5,0.6,0.05719815939664841,0.4585797190666199
105,1775455021.9638772,5,person,0.5,0.5,0.5093057751655579,0.5013958811759949
105,1775455021.9638772,6,person,0.8347698450088501,0.6,0.14445875585079193,0.6725307106971741
105,1775455021.9638772,7,person,0.5,0.3,0.14265070855617523,0.3963976204395294
105,1775455021.9638772,9,person,0.5,1.0,0.15429267287254333,0.5731438994407654
105,1775455021.9638772,11,person,0.5,0.3,0.16346511244773865,0.39951977133750916
105,1775455021.9638772,13,person,0.5,0.3,0.12473495304584503,0.39371025562286377
105,1775455021.9638772,33,person,0.5,0.3,1.0,0.525
105,1775455021.9638772,37,person,0.927400529384613,1.0,0.05164819210767746,0.8141875267028809
105,1775455021.9638772,42,person,0.5,0.5,0.9079809188842773,0.5611971616744995
106,1775455024.6655235,2,person,0.5,1.0,0.2068440020084381,0.5810266137123108
106,1775455024.6655235,3,person,0.5,0.6,0.09788106381893158,0.4646821618080139
106,1775455024.6655235,5,person,0.5,0.5,0.39755499362945557,0.48463326692581177
106,1775455024.6655235,6,person,0.8494469523429871,0.6,0.13075964152812958,0.6792820692062378
106,1775455024.6655235,7,person,0.5,0.6,0.09939400851726532,0.46490907669067383
106,1775455024.6655235,9,person,0.5,1.0,0.1500519961118698,0.5725077986717224
106,1775455024.6655235,11,person,0.5,0.3,0.11520689725875854,0.39228102564811707
106,1775455024.6655235,13,person,0.5,0.3,0.07725103199481964,0.38658764958381653
106,1775455024.6655235,33,person,0.5,0.3,0.3797946572303772,0.43196919560432434
106,1775455024.6655235,37,person,0.8782702684402466,1.0,0.23676159977912903,0.812476396560669
106,1775455024.6655235,42,person,0.5,0.5,0.47151923179626465,0.49572789669036865
107,1775455027.5095954,2,person,0.5,1.0,0.11793278157711029,0.5676899552345276
107,1775455027.5095954,3,person,0.5,0.6,0.08774866163730621,0.46316230297088623
107,1775455027.5095954,5,person,0.5,0.5,0.4070815145969391,0.486062228679657
107,1775455027.5095954,6,person,0.8543760776519775,0.6,0.19230934977531433,0.691472053527832
107,1775455027.5095954,7,person,0.5,0.5,0.08642768859863281,0.43796417117118835
107,1775455027.5095954,9,person,0.5,1.0,0.1107764020562172,0.5666164755821228
107,1775455027.5095954,11,person,0.5,0.6,0.11415660381317139,0.46712347865104675
107,1775455027.5095954,13,person,0.5,0.3,0.2242484837770462,0.40863728523254395
107,1775455027.5095954,33,person,0.5,0.3,0.07080406695604324,0.3856206238269806
107,1775455027.5095954,37,person,0.8766725659370422,1.0,0.0876445472240448,0.7891502380371094
107,1775455027.5095954,42,person,0.5,0.3,0.4015418589115143,0.4352312684059143
108,1775455030.6417568,2,person,0.5,1.0,0.10571394860744476,0.5658571124076843
108,1775455030.6417568,3,person,0.5,0.6,0.10943500697612762,0.4664152264595032
108,1775455030.6417568,5,person,0.5,0.5,0.28251269459724426,0.4673769176006317
108,1775455030.6417568,6,person,0.8594606518745422,0.6,0.06514504551887512,0.6754481792449951
108,1775455030.6417568,7,person,0.5,0.5,0.0754418820142746,0.43631628155708313
108,1775455030.6417568,9,person,0.5,1.0,0.08694158494472504,0.5630412697792053
108,1775455030.6417568,11,person,0.5,0.6,0.10010091215372086,0.46501511335372925
108,1775455030.6417568,13,person,0.5,0.3,0.13803105056285858,0.3957046568393707
108,1775455030.6417568,33,person,0.5,0.3,0.13037581741809845,0.3945563733577728
108,1775455030.6417568,37,person,0.5,1.0,0.2939746379852295,0.5940961837768555
108,1775455030.6417568,42,person,0.5,0.3,0.38733071088790894,0.4330995976924896
109,1775455033.3606536,2,person,0.5,1.0,0.11534629762172699,0.5673019289970398
109,1775455033.3606536,3,person,0.5,0.6,0.08006184548139572,0.4620092511177063
109,1775455033.3606536,5,person,0.5,0.5,0.2526063323020935,0.46289095282554626
109,1775455033.3606536,6,person,0.8776633739471436,0.6,0.13630911707878113,0.6970443725585938
109,1775455033.3606536,7,person,0.5,0.5,0.08070266246795654,0.4371054172515869
109,1775455033.3606536,9,person,0.5,1.0,0.08559691160917282,0.5628395676612854
109,1775455033.3606536,11,person,0.5,0.3,0.12244200706481934,0.3933663070201874
109,1775455033.3606536,13,person,0.5,0.3,0.3246781527996063,0.4237017333507538
109,1775455033.3606536,33,person,0.5,0.3,0.07940792292356491,0.38691118359565735
109,1775455033.3606536,37,person,0.9220141172409058,1.0,0.23520812392234802,0.8384897112846375
109,1775455033.3606536,42,person,0.5,0.5,0.2607094645500183,0.4641064405441284
110,1775455035.8602977,2,person,0.5,1.0,0.07732971757650375,0.5615994930267334
110,1775455035.8602977,3,person,0.5,0.6,0.0662015974521637,0.4599302411079407
110,1775455035.8602977,5,person,0.5,0.5,0.27212557196617126,0.465818852186203
110,1775455035.8602977,6,person,0.8763130903244019,1.0,0.1295972764492035,0.7952274084091187
110,1775455035.8602977,7,person,0.5,0.5,0.07376250624656677,0.43606439232826233
110,1775455035.8602977,9,person,0.5,1.0,0.13582821190357208,0.5703742504119873
110,1775455035.8602977,11,person,0.5,0.6,0.1413220763206482,0.47119829058647156
110,1775455035.8602977,13,person,0.5,0.3,0.14869093894958496,0.39730364084243774
110,1775455035.8602977,33,person,0.5,0.3,0.11163623631000519,0.3917454481124878
110,1775455035.8602977,37,person,0.9865682721138,1.0,0.1767970621585846,0.868460476398468
110,1775455035.8602977,42,person,0.5,0.3,0.17180606722831726,0.400770902633667
111,1775455037.8449228,2,person,0.5,1.0,0.09714389592409134,0.5645716190338135
111,1775455037.8449228,3,person,0.5,0.6,0.06215474754571915,0.4593231976032257
111,1775455037.8449228,5,person,0.5,0.5,0.3078494369983673,0.47117742896080017
111,1775455037.8449228,6,person,0.8527840971946716,0.6,0.09869462996721268,0.6764746308326721
111,1775455037.8449228,7,person,0.5,0.5,0.1291429102420807,0.44437146186828613
111,1775455037.8449228,9,person,0.5,1.0,0.11868403106927872,0.5678026080131531
111,1775455037.8449228,11,person,0.5,0.6,0.09031398594379425,0.46354708075523376
111,1775455037.8449228,13,person,0.5,0.5,0.1296970397233963,0.4444545805454254
111,1775455037.8449228,33,person,0.5,0.3,0.08473861217498779,0.3877107799053192
111,1775455037.8449228,37,person,0.9540144801139832,1.0,0.22188551723957062,0.8556914925575256
111,1775455037.8449228,42,person,0.5,0.3,0.15420308709144592,0.39813047647476196
112,1775455039.9679577,2,person,0.5,1.0,0.10386361181735992,0.5655795335769653
112,1775455039.9679577,3,person,0.5,0.6,0.09604780375957489,0.46440714597702026
112,1775455039.9679577,5,person,0.5,0.5,0.24987611174583435,0.46248143911361694
112,1775455039.9679577,6,person,0.8566544055938721,0.6,0.09810598939657211,0.678708553314209
112,1775455039.9679577,7,person,0.5,0.3,0.10606648027896881,0.39090996980667114
112,1775455039.9679577,9,person,0.5,1.0,0.1320192813873291,0.5698028802871704
112,1775455039.9679577,11,person,0.5,0.6,0.15153956413269043,0.47273093461990356
112,1775455039.9679577,13,person,0.5,0.3,0.09941954910755157,0.3899129331111908
112,1775455039.9679577,33,person,0.5,0.3,0.1268441379070282,0.39402663707733154
112,1775455039.9679577,37,person,0.9783874750137329,1.0,0.29142409563064575,0.8807461261749268
112,1775455039.9679577,42,person,0.5,0.3,0.24811020493507385,0.41221654415130615
113,1775455041.928495,2,person,0.5,0.6,0.15560168027877808,0.47334024310112
113,1775455041.928495,3,person,0.5,0.6,0.12965688109397888,0.4694485068321228
113,1775455041.928495,6,person,0.832260012626648,0.6,0.08913439512252808,0.6627261638641357
113,1775455041.928495,7,person,0.5,0.3,0.0895385816693306,0.38843077421188354
113,1775455041.928495,9,person,0.5,1.0,0.2058340609073639,0.5808750987052917
113,1775455041.928495,11,person,0.5,0.6,0.10874782502651215,0.4663121700286865
113,1775455041.928495,13,person,0.5,0.3,0.10496602952480316,0.3907448947429657
113,1775455041.928495,33,person,0.5,0.3,0.09209790825843811,0.38881468772888184
113,1775455041.928495,37,person,0.979455292224884,1.0,0.21861281991004944,0.870465099811554
113,1775455041.928495,42,person,0.5,0.3,0.25928881764411926,0.41389331221580505
114,1775455043.8289692,2,person,0.5,0.6,0.19545294344425201,0.47931793332099915
114,1775455043.8289692,3,person,0.5,0.6,0.06839663535356522,0.46025949716567993
114,1775455043.8289692,6,person,0.8765512704849243,1.0,0.07779230922460556,0.7875996232032776
114,1775455043.8289692,7,person,0.5,0.3,0.08147583901882172,0.3872213661670685
114,1775455043.8289692,9,person,0.5,1.0,0.17747007310390472,0.5766205191612244
114,1775455043.8289692,11,person,0.5,0.6,0.12137158960103989,0.4682057201862335
114,1775455043.8289692,13,person,0.5,0.3,0.13212056457996368,0.39481809735298157
114,1775455043.8289692,33,person,0.5,0.3,0.0505935475230217,0.38258904218673706
114,1775455043.8289692,37,person,0.934485673904419,1.0,0.3530033826828003,0.8636419177055359
114,1775455043.8289692,42,person,0.5,0.3,0.23321732878684998,0.4099825918674469
114,1775455043.8289692,5,person,0.5,0.5,0.6158223748207092,0.5173733830451965
115,1775455045.6401181,2,person,0.5,0.6,0.09041304886341095,0.4635619521141052
115,1775455045.6401181,3,person,0.5,0.6,0.13340508937835693,0.47001075744628906
115,1775455045.6401181,6,person,0.8782062530517578,1.0,0.11243028938770294,0.7937883138656616
115,1775455045.6401181,7,person,0.5,0.3,0.13583287596702576,0.39537492394447327
115,1775455045.6401181,9,person,0.5,1.0,0.048972032964229584,0.5573458075523376
115,1775455045.6401181,11,person,0.5,0.6,0.0730331763625145,0.4609549641609192
115,1775455045.6401181,13,person,0.5,0.3,0.08688029646873474,0.38803204894065857
115,1775455045.6401181,33,person,0.5,0.3,0.06907438486814499,0.3853611648082733
115,1775455045.6401181,37,person,0.9198663234710693,1.0,0.27645257115364075,0.8433877229690552
115,1775455045.6401181,42,person,0.5,0.3,0.09090020507574081,0.3886350393295288
115,1775455045.6401181,5,person,0.5,0.5,0.3195193111896515,0.47292789816856384
116,1775455047.6125379,2,person,0.5,0.6,0.1250259429216385,0.4687538743019104
116,1775455047.6125379,3,person,0.5,1.0,0.10895725339651108,0.5663436055183411
116,1775455047.6125379,6,person,0.8481264710426331,0.6,0.09623505175113678,0.6733111143112183
116,1775455047.6125379,7,person,0.5,0.3,0.07481475174427032,0.3862222135066986
116,1775455047.6125379,9,person,0.5,1.0,0.11277290433645248,0.5669159293174744
116,1775455047.6125379,11,person,0.5,0.6,0.1778254508972168,0.47667381167411804
116,1775455047.6125379,13,person,0.5,0.3,0.05904252454638481,0.3838563859462738
116,1775455047.6125379,33,person,0.5,0.3,0.07431888580322266,0.3861478269100189
116,1775455047.6125379,37,person,0.981850802898407,1.0,0.08323977887630463,0.851596474647522
116,1775455047.6125379,42,person,0.5,0.5,0.10201740264892578,0.44030261039733887
116,1775455047.6125379,5,person,0.5,0.5,0.5747328996658325,0.5112099647521973
117,1775455049.8278444,2,person,0.5,0.6,0.10368850082159042,0.46555325388908386
117,1775455049.8278444,3,person,0.5,0.5,0.12533554434776306,0.44380033016204834
117,1775455049.8278444,6,person,0.8299449682235718,0.6,0.1190875917673111,0.665830135345459
117,1775455049.8278444,7,person,0.5,0.3,0.06883709132671356,0.38532555103302
117,1775455049.8278444,9,person,0.5,1.0,0.11157339811325073,0.5667360424995422
117,1775455049.8278444,11,person,0.5,0.6,0.13492843508720398,0.4702392518520355
117,1775455049.8278444,13,person,0.5,0.5,0.09614640474319458,0.43942198157310486
117,1775455049.8278444,33,person,0.5,0.3,0.06171398609876633,0.38425710797309875
117,1775455049.8278444,37,person,0.9755051136016846,1.0,0.16152754426002502,0.8595321774482727
117,1775455049.8278444,42,person,0.5,0.3,0.2232394963502884,0.40848591923713684
117,1775455049.8278444,5,person,0.5,0.5,0.4409313201904297,0.4911397099494934
118,1775455052.0312269,2,person,0.5,1.0,0.17407236993312836,0.57611083984375
118,1775455052.0312269,3,person,0.5,0.6,0.17575481534004211,0.4763632118701935
118,1775455052.0312269,6,person,0.8285816311836243,0.6,0.11567173153162003,0.6644997000694275
118,1775455052.0312269,7,person,0.5,0.6,0.14683738350868225,0.472025603055954
118,1775455052.0312269,9,person,0.5,1.0,0.0897844135761261,0.5634676814079285
118,1775455052.0312269,11,person,0.5,0.6,0.19563505053520203,0.47934526205062866
118,1775455052.0312269,13,person,0.5,0.5,0.10960813611745834,0.44144123792648315
118,1775455052.0312269,33,person,0.5,0.3,0.09452035278081894,0.389178067445755
118,1775455052.0312269,37,person,0.9562569260597229,1.0,0.10274692624807358,0.8391661643981934
118,1775455052.0312269,42,person,0.5,0.5,0.20786698162555695,0.45618006587028503
118,1775455052.0312269,5,person,0.5,0.5,0.5261834859848022,0.5039275288581848
119,1775455054.2230146,2,person,0.5,1.0,0.12814418971538544,0.5692216157913208
119,1775455054.2230146,3,person,0.5,1.0,0.09776824712753296,0.5646652579307556
119,1775455054.2230146,6,person,0.8472952842712402,0.6,0.09098809212446213,0.6720253825187683
119,1775455054.2230146,7,person,0.5,0.6,0.08550730347633362,0.46282607316970825
119,1775455054.2230146,9,person,0.5,1.0,0.15613402426242828,0.5734201073646545
119,1775455054.2230146,11,person,0.5,0.6,0.12688198685646057,0.46903228759765625
119,1775455054.2230146,13,person,0.5,0.5,0.150409996509552,0.44756150245666504
119,1775455054.2230146,33,person,0.5,0.3,0.09287566691637039,0.38893136382102966
119,1775455054.2230146,37,person,0.9538853764533997,1.0,0.13835862278938293,0.8430850505828857
119,1775455054.2230146,42,person,0.5,0.5,0.27970555424690247,0.46695584058761597
119,1775455054.2230146,5,person,0.5,0.5,0.31825587153434753,0.4727383852005005
120,1775455056.2152553,2,person,0.5,1.0,0.14469501376152039,0.5717042684555054
120,1775455056.2152553,3,person,0.5,0.6,0.11988860368728638,0.46798327565193176
120,1775455056.2152553,6,person,0.7928532361984253,0.6,0.09315931797027588,0.6396858096122742
120,1775455056.2152553,7,person,0.5,0.6,0.12397603690624237,0.4685963988304138
120,1775455056.2152553,9,person,0.5,1.0,0.09657303988933563,0.5644859671592712
120,1775455056.2152553,11,person,0.5,0.6,0.1822838932275772,0.4773425757884979
120,1775455056.2152553,13,person,0.5,0.5,0.07154657691717148,0.43573200702667236
120,1775455056.2152553,33,person,0.5,0.3,0.061999671161174774,0.38429996371269226
120,1775455056.2152553,37,person,0.9327254295349121,1.0,0.14410752058029175,0.8312513828277588
120,1775455056.2152553,42,person,0.5,0.5,0.24819466471672058,0.4622292220592499
120,1775455056.2152553,5,person,0.5,0.5,0.26065415143966675,0.46409812569618225
121,1775455058.1266353,2,person,0.5,1.0,0.13548246026039124,0.5703223943710327
121,1775455058.1266353,3,person,0.5,0.6,0.11664247512817383,0.4674963653087616
121,1775455058.1266353,6,person,0.7803182005882263,0.6,0.1691686064004898,0.6435662508010864
121,1775455058.1266353,7,person,0.5,0.5,0.1436556875705719,0.44654837250709534
121,1775455058.1266353,9,person,0.5,1.0,0.14403967559337616,0.5716059803962708
121,1775455058.1266353,11,person,0.5,0.6,0.16576741635799408,0.4748651087284088
121,1775455058.1266353,13,person,0.5,0.5,0.1074046865105629,0.4411107301712036
121,1775455058.1266353,33,person,0.5,0.3,0.07475020736455917,0.3862125277519226
121,1775455058.1266353,37,person,0.9207045435905457,1.0,0.16020147502422333,0.826452910900116
121,1775455058.1266353,42,person,0.5,0.5,0.21640534698963165,0.45746082067489624
121,1775455058.1266353,5,person,0.5,0.5,0.28439247608184814,0.4676588773727417
122,1775455060.0557108,2,person,0.5,1.0,0.11494336277246475,0.5672414898872375
122,1775455060.0557108,3,person,0.5,0.6,0.10791577398777008,0.46618735790252686
122,1775455060.0557108,6,person,0.813614010810852,0.6,0.16857852041721344,0.6634551882743835
122,1775455060.0557108,7,person,0.5,0.5,0.1327320784330368,0.44490981101989746
122,1775455060.0557108,9,person,0.5,1.0,0.10104864835739136,0.5651572942733765
122,1775455060.0557108,11,person,0.5,0.6,0.13193973898887634,0.4697909355163574
122,1775455060.0557108,33,person,0.5,0.3,0.07845848053693771,0.38676875829696655
122,1775455060.0557108,37,person,0.8889658451080322,1.0,0.11373863369226456,0.8004403114318848
122,1775455060.0557108,42,person,0.5,0.5,0.2530297636985779,0.46295446157455444
122,1775455060.0557108,5,person,0.5,0.5,0.42167434096336365,0.4882511496543884
123,1775455061.7895947,2,person,0.5,1.0,0.16073110699653625,0.574109673500061
123,1775455061.7895947,3,person,0.5,0.6,0.15413513779640198,0.4731202721595764
123,1775455061.7895947,6,person,0.760059654712677,0.6,0.1133655533194542,0.6230406165122986
123,1775455061.7895947,7,person,0.5,0.5,0.08044226467609406,0.43706634640693665
123,1775455061.7895947,9,person,0.5,1.0,0.07980591058731079,0.5619708895683289
123,1775455061.7895947,11,person,0.5,1.0,0.10549627244472504,0.5658244490623474
123,1775455061.7895947,33,person,0.5,0.3,0.06368196755647659,0.3845522999763489
123,1775455061.7895947,37,person,0.8711321353912354,1.0,0.13764378428459167,0.7933258414268494
123,1775455061.7895947,42,person,0.5,0.5,0.18140870332717896,0.45221132040023804
123,1775455061.7895947,5,person,0.5,0.5,0.26989227533340454,0.4654838442802429
123,1775455061.7895947,13,person,0.5,0.5,0.2598503530025482,0.463977575302124
124,1775455063.7212048,2,person,0.5,1.0,0.13002465665340424,0.5695037245750427
124,1775455063.7212048,3,person,0.5,0.3,0.0860627293586731,0.3879094123840332
124,1775455063.7212048,6,person,0.7680761218070984,0.6,0.11411013454198837,0.6279622316360474
124,1775455063.7212048,7,person,0.5,0.5,0.19233447313308716,0.4538501799106598
124,1775455063.7212048,9,person,0.5,1.0,0.13420507311820984,0.5701307654380798
124,1775455063.7212048,11,person,0.5,0.3,0.10947463661432266,0.39142119884490967
124,1775455063.7212048,33,person,0.5,0.3,0.11498095840215683,0.39224714040756226
124,1775455063.7212048,37,person,0.9017459750175476,1.0,0.13616475462913513,0.8114722967147827
124,1775455063.7212048,42,person,0.5,0.5,0.20098638534545898,0.45514798164367676
124,1775455063.7212048,5,person,0.5,0.5,0.19847214221954346,0.4547708332538605
124,1775455063.7212048,13,person,0.5,0.5,0.07040610164403915,0.435560941696167
125,1775455065.7193718,2,person,0.5,1.0,0.12212289869785309,0.5683184266090393
125,1775455065.7193718,3,person,0.5,0.6,0.13076332211494446,0.4696144759654999
125,1775455065.7193718,6,person,0.8240326046943665,0.6,0.21301040053367615,0.6763710975646973
125,1775455065.7193718,7,person,0.5,0.5,0.09602974355220795,0.4394044876098633
125,1775455065.7193718,9,person,0.5,1.0,0.1285233050584793,0.5692784786224365
125,1775455065.7193718,11,person,0.5,0.6,0.17225852608680725,0.4758387804031372
125,1775455065.7193718,33,person,0.5,0.3,0.07137159258127213,0.38570573925971985
125,1775455065.7193718,37,person,0.8581337332725525,1.0,0.07440043985843658,0.7760403156280518
125,1775455065.7193718,42,person,0.5,0.5,0.2724011242389679,0.46586018800735474
125,1775455065.7193718,5,person,0.5,0.5,0.3672409951686859,0.48008614778518677
125,1775455065.7193718,13,person,0.5,0.5,0.17767834663391113,0.45165175199508667
126,1775455067.704159,2,person,0.5,1.0,0.149104505777359,0.5723657011985779
126,1775455067.704159,3,person,0.5,0.3,0.0963331013917923,0.38944995403289795
126,1775455067.704159,6,person,0.8334492444992065,0.6,0.09504248201847076,0.6643258929252625
126,1775455067.704159,7,person,0.5,0.5,0.12820328772068024,0.44423049688339233
126,1775455067.704159,9,person,0.5,1.0,0.12876056134700775,0.5693141222000122
126,1775455067.704159,11,person,0.5,0.6,0.15317097306251526,0.47297564148902893
126,1775455067.704159,33,person,0.5,0.3,0.06687434017658234,0.38503116369247437
126,1775455067.704159,37,person,0.9274175763130188,1.0,0.25633129477500916,0.8449002504348755
126,1775455067.704159,42,person,0.5,0.5,0.27811282873153687,0.4667169451713562
126,1775455067.704159,5,person,0.5,0.5,0.3676378130912781,0.4801456928253174
126,1775455067.704159,13,person,0.5,0.5,0.12873513996601105,0.4443102777004242
127,1775455069.4750059,2,person,0.5,1.0,0.18487773835659027,0.5777316689491272
127,1775455069.4750059,3,person,0.5,0.6,0.11652810871601105,0.4674791991710663
127,1775455069.4750059,6,person,0.83396977186203,0.6,0.15601128339767456,0.673783540725708
127,1775455069.4750059,7,person,0.5,0.6,0.097195103764534,0.4645792543888092
127,1775455069.4750059,9,person,0.5,1.0,0.2833499014377594,0.5925024747848511
127,1775455069.4750059,11,person,0.5,0.6,0.18179380893707275,0.4772690534591675
127,1775455069.4750059,33,person,0.5,0.3,0.0869879350066185,0.3880482017993927
127,1775455069.4750059,37,person,0.9897956252098083,1.0,0.29376929998397827,0.8879427909851074
127,1775455069.4750059,42,person,0.5,0.5,0.26830872893333435,0.465246319770813
127,1775455069.4750059,5,person,0.5,0.5,0.14715340733528137,0.4470730125904083
128,1775455071.1381674,2,person,0.5,1.0,0.1409352868795395,0.5711402893066406
128,1775455071.1381674,3,person,0.5,0.6,0.10251430422067642,0.4653771221637726
128,1775455071.1381674,6,person,0.8680257201194763,1.0,0.11871366202831268,0.7886224985122681
128,1775455071.1381674,7,person,0.5,0.3,0.09436343610286713,0.3891545236110687
128,1775455071.1381674,9,person,0.5,1.0,0.17876902222633362,0.5768153667449951
128,1775455071.1381674,11,person,0.5,0.6,0.16512887179851532,0.47476932406425476
128,1775455071.1381674,33,person,0.5,0.3,0.09786577522754669,0.389679878950119
128,1775455071.1381674,37,person,0.9281305074691772,1.0,0.18859358131885529,0.8351673483848572
128,1775455071.1381674,42,person,0.5,0.5,0.1763683259487152,0.4514552652835846
128,1775455071.1381674,5,person,0.5,0.5,0.16944602131843567,0.4504169225692749
129,1775455072.773973,2,person,0.5,1.0,0.12600122392177582,0.5689001679420471
129,1775455072.773973,3,person,0.5,0.3,0.10063502937555313,0.3900952637195587
129,1775455072.773973,6,person,0.8317314386367798,0.6,0.1412937045097351,0.670232892036438
129,1775455072.773973,7,person,0.5,0.5,0.09931156039237976,0.43989673256874084
129,1775455072.773973,9,person,0.5,1.0,0.1323263943195343,0.5698489546775818
129,1775455072.773973,11,person,0.5,0.6,0.09792729467153549,0.46468907594680786
129,1775455072.773973,33,person,0.5,0.3,0.13553835451602936,0.3953307569026947
129,1775455072.773973,37,person,0.9370647668838501,1.0,0.15283621847629547,0.8351643085479736
129,1775455072.773973,42,person,0.5,0.5,0.13468506932258606,0.4452027678489685
129,1775455072.773973,5,person,0.5,0.5,0.21979689598083496,0.4579695463180542
129,1775455072.773973,13,person,0.5,0.5,0.27398863434791565,0.4660983085632324
130,1775455074.5756147,2,person,0.5,0.6,0.12072257697582245,0.4681083858013153
130,1775455074.5756147,3,person,0.5,0.3,0.14298534393310547,0.3964478075504303
130,1775455074.5756147,6,person,0.8841597437858582,1.0,0.12470352649688721,0.7992013692855835
130,1775455074.5756147,7,person,0.5,0.5,0.15905529260635376,0.4488583207130432
130,1775455074.5756147,9,person,0.5,1.0,0.1543477475643158,0.5731521844863892
130,1775455074.5756147,11,person,0.5,0.6,0.10013242065906525,0.4650198519229889
130,1775455074.5756147,33,person,0.5,0.3,0.06680557876825333,0.3850208520889282
130,1775455074.5756147,37,person,0.9635602235794067,1.0,0.25462812185287476,0.8663303852081299
130,1775455074.5756147,42,person,0.5,0.5,0.1397779881954193,0.4459667205810547
130,1775455074.5756147,5,person,0.5,0.5,0.346871554851532,0.47703075408935547
130,1775455074.5756147,13,person,0.5,0.5,0.1302785724401474,0.4445418119430542
131,1775455076.4280508,2,person,0.5,1.0,0.12011650949716568,0.5680174827575684
131,1775455076.4280508,3,person,0.5,0.3,0.09492339193820953,0.38923850655555725
131,1775455076.4280508,6,person,0.8465745449066162,0.6,0.08976568281650543,0.6714096069335938
131,1775455076.4280508,7,person,0.5,0.5,0.1372794806957245,0.44559192657470703
131,1775455076.4280508,9,person,0.5,1.0,0.11752723157405853,0.5676290988922119
131,1775455076.4280508,11,person,0.5,1.0,0.17745308578014374,0.576617956161499
131,1775455076.4280508,33,person,0.5,0.3,0.12383925914764404,0.39357587695121765
131,1775455076.4280508,37,person,0.948681652545929,1.0,0.08422176539897919,0.8318422436714172
131,1775455076.4280508,42,person,0.5,0.5,0.2887992262840271,0.4683198928833008
131,1775455076.4280508,5,person,0.5,0.5,0.08842668682336807,0.43826401233673096
131,1775455076.4280508,13,person,0.5,0.5,0.11862538754940033,0.4427938163280487
132,1775455078.4180927,2,person,0.5,1.0,0.1444259136915207,0.5716639161109924
132,1775455078.4180927,3,person,0.5,0.6,0.11781270802021027,0.4676719009876251
132,1775455078.4180927,6,person,0.9118367433547974,1.0,0.12624391913414001,0.8160386085510254
132,1775455078.4180927,7,person,0.5,0.5,0.15723676979541779,0.44858554005622864
132,1775455078.4180927,9,person,0.5,1.0,0.13652303814888,0.5704784393310547
132,1775455078.4180927,11,person,0.5,0.6,0.1559436321258545,0.4733915328979492
132,1775455078.4180927,33,person,0.5,0.3,0.07949969917535782,0.38692495226860046
132,1775455078.4180927,37,person,0.9551629424095154,1.0,0.11845002323389053,0.8408652544021606
132,1775455078.4180927,42,person,0.5,0.5,0.10909054428339005,0.4413636028766632
132,1775455078.4180927,5,person,0.5,0.5,0.10032697021961212,0.44004905223846436
132,1775455078.4180927,13,person,0.5,0.5,0.0954984575510025,0.4393247961997986
133,1775455080.6406987,2,person,0.5,1.0,0.22148017585277557,0.5832220315933228
133,1775455080.6406987,3,person,0.5,0.6,0.1288515031337738,0.4693277180194855
133,1775455080.6406987,6,person,0.8968371748924255,1.0,0.19105598330497742,0.8167607188224792
133,1775455080.6406987,7,person,0.5,0.5,0.13778254389762878,0.4456673860549927
133,1775455080.6406987,9,person,0.5,1.0,0.12098346650600433,0.5681475400924683
133,1775455080.6406987,11,person,0.5,0.6,0.23329190909862518,0.4849937856197357
133,1775455080.6406987,33,person,0.5,0.3,0.05539308115839958,0.3833089768886566
133,1775455080.6406987,37,person,0.924895703792572,1.0,0.12974943220615387,0.8243998289108276
133,1775455080.6406987,42,person,0.5,0.5,0.17681971192359924,0.45152297616004944
133,1775455080.6406987,5,person,0.5,0.5,0.06847609579563141,0.4352714419364929
133,1775455080.6406987,13,person,0.5,0.5,0.08752261102199554,0.43812841176986694
134,1775455082.829295,2,person,0.5,1.0,0.21202850341796875,0.5818042755126953
134,1775455082.829295,3,person,0.5,0.3,0.17509086430072784,0.40126362442970276
134,1775455082.829295,6,person,0.9092587828636169,1.0,0.13455899059772491,0.8157391548156738
134,1775455082.829295,7,person,0.5,0.5,0.07539372146129608,0.4363090693950653
134,1775455082.829295,9,person,0.5,1.0,0.1104278713464737,0.5665642023086548
134,1775455082.829295,11,person,0.5,0.6,0.12026315927505493,0.46803945302963257
134,1775455082.829295,33,person,0.5,0.3,0.08856889605522156,0.3882853388786316
134,1775455082.829295,37,person,0.885993480682373,1.0,0.09325512498617172,0.7955843210220337
134,1775455082.829295,42,person,0.5,0.5,0.1408510059118271,0.44612765312194824
134,1775455082.829295,5,person,0.5,0.5,0.2766599655151367,0.466499000787735
134,1775455082.829295,13,person,0.5,0.5,0.057271845638751984,0.4335907995700836
135,1775455084.9139328,2,person,0.5,1.0,0.10395939648151398,0.5655938982963562
135,1775455084.9139328,3,person,0.5,0.6,0.1010354608297348,0.46515530347824097
135,1775455084.9139328,6,person,0.8959895968437195,0.6,0.1488790065050125,0.7099255919456482
135,1775455084.9139328,7,person,0.5,0.6,0.3812972903251648,0.5071945786476135
135,1775455084.9139328,9,person,0.5,1.0,0.10139256715774536,0.565208911895752
135,1775455084.9139328,11,person,0.5,0.6,0.17316880822181702,0.47597530484199524
135,1775455084.9139328,33,person,0.5,0.3,0.09698620438575745,0.3895479440689087
135,1775455084.9139328,37,person,0.8895509839057922,1.0,0.05311751365661621,0.7916982173919678
135,1775455084.9139328,42,person,0.5,0.5,0.22880694270133972,0.4593210518360138
135,1775455084.9139328,5,person,0.5,0.5,0.15486009418964386,0.44822901487350464
135,1775455084.9139328,13,person,0.5,0.5,0.09122326970100403,0.43868350982666016
136,1775455087.5089455,2,person,0.5,1.0,0.15366825461387634,0.5730502605438232
136,1775455087.5089455,3,person,0.5,0.6,0.13243092596530914,0.4698646366596222
136,1775455087.5089455,6,person,0.878703236579895,1.0,0.18086114525794983,0.8043510913848877
136,1775455087.5089455,7,person,0.5,0.5,0.16244134306907654,0.4493662118911743
136,1775455087.5089455,9,person,0.5,1.0,0.0775938630104065,0.5616390705108643
136,1775455087.5089455,11,person,0.5,0.6,0.12595652043819427,0.46889346837997437
136,1775455087.5089455,33,person,0.5,0.3,0.08754925429821014,0.38813239336013794
136,1775455087.5089455,37,person,0.9294805526733398,1.0,0.12336792796850204,0.8261935710906982
136,1775455087.5089455,42,person,0.5,0.5,0.16530397534370422,0.44979560375213623
136,1775455087.5089455,5,person,0.5,0.5,0.1421833336353302,0.4463275074958801
136,1775455087.5089455,13,person,0.5,0.5,0.08039318770170212,0.4370589852333069
137,1775455090.2453666,2,person,0.5,1.0,0.11288855969905853,0.566933274269104
137,1775455090.2453666,3,person,0.5,0.6,0.11625166237354279,0.467437744140625
137,1775455090.2453666,6,person,0.8702201247215271,1.0,0.08470841497182846,0.7848383784294128
137,1775455090.2453666,7,person,0.5,0.5,0.15122945606708527,0.4476844370365143
137,1775455090.2453666,9,person,0.5,1.0,0.11540050804615021,0.567310094833374
137,1775455090.2453666,11,person,0.5,0.6,0.1725723147392273,0.4758858382701874
137,1775455090.2453666,33,person,0.5,0.3,0.10025086253881454,0.3900376260280609
137,1775455090.2453666,37,person,0.9541890025138855,1.0,0.13385221362113953,0.8425912261009216
137,1775455090.2453666,42,person,0.5,0.5,0.21632428467273712,0.45744866132736206
137,1775455090.2453666,5,person,0.5,0.5,0.21902672946453094,0.4578540325164795
137,1775455090.2453666,13,person,0.5,1.0,0.05896490812301636,0.5588447451591492
138,1775455093.374905,2,person,0.5,1.0,0.26511630415916443,0.5897674560546875
138,1775455093.374905,3,person,0.5,0.6,0.11563724279403687,0.46734556555747986
138,1775455093.374905,6,person,0.8806655406951904,1.0,0.22128789126873016,0.8115925192832947
138,1775455093.374905,7,person,0.5,0.5,0.18408553302288055,0.45261284708976746
138,1775455093.374905,9,person,0.5,1.0,0.09077522903680801,0.5636162757873535
138,1775455093.374905,11,person,0.5,0.6,0.11568792164325714,0.4673531651496887
138,1775455093.374905,33,person,0.5,0.3,0.10404328256845474,0.39060649275779724
138,1775455093.374905,37,person,0.9904596209526062,1.0,0.25272220373153687,0.8821840882301331
138,1775455093.374905,42,person,0.5,0.5,0.1962691992521286,0.4544403851032257
138,1775455093.374905,5,person,0.5,0.5,0.4089478850364685,0.486342191696167
138,1775455093.374905,13,person,0.5,0.5,0.11729063838720322,0.44259360432624817
139,1775455096.1042352,2,person,0.5,1.0,0.13883072137832642,0.5708246231079102
139,1775455096.1042352,3,person,0.5,0.3,0.12483926117420197,0.3937259018421173
139,1775455096.1042352,6,person,0.8150155544281006,0.6,0.2035035341978073,0.6695348620414734
139,1775455096.1042352,7,person,0.5,0.5,0.1736498773097992,0.45104748010635376
139,1775455096.1042352,9,person,0.5,1.0,0.10081999003887177,0.5651230216026306
139,1775455096.1042352,11,person,0.5,0.6,0.1112205982208252,0.4666830897331238
139,1775455096.1042352,33,person,0.5,0.3,0.10960358381271362,0.3914405405521393
139,1775455096.1042352,37,person,0.9762423038482666,1.0,0.1472661793231964,0.8578352928161621
139,1775455096.1042352,42,person,0.5,0.5,0.40545812249183655,0.4858187437057495
139,1775455096.1042352,5,person,0.5,0.5,0.2337227761745453,0.46005842089653015
139,1775455096.1042352,13,person,0.5,0.5,0.14073479175567627,0.44611021876335144
140,1775455098.508434,2,person,0.5,1.0,0.20332443714141846,0.5804986953735352
140,1775455098.508434,3,person,0.5,0.6,0.13287273049354553,0.46993088722229004
140,1775455098.508434,6,person,0.8744820356369019,1.0,0.17520442605018616,0.8009698390960693
140,1775455098.508434,7,person,0.8035352230072021,0.5,0.2782665193080902,0.6488611102104187
140,1775455098.508434,9,person,0.5,1.0,0.14852268993854523,0.5722784399986267
140,1775455098.508434,11,person,0.5,0.6,0.29671430587768555,0.4945071339607239
140,1775455098.508434,33,person,0.5,0.3,0.22080150246620178,0.40812021493911743
140,1775455098.508434,37,person,0.96859210729599,1.0,0.09678567945957184,0.8456730842590332
140,1775455098.508434,42,person,0.5,0.5,0.35862067341804504,0.47879311442375183
140,1775455098.508434,5,person,0.5,0.5,0.30003660917282104,0.47000551223754883
140,1775455098.508434,13,person,0.5,0.5,0.11997964233160019,0.44299694895744324
141,1775455101.2765899,2,person,0.5,1.0,0.11451409757137299,0.5671771168708801
141,1775455101.2765899,3,person,0.5,0.6,0.13737592101097107,0.47060638666152954
141,1775455101.2765899,6,person,0.8501334190368652,0.6,0.16868151724338531,0.6853823065757751
141,1775455101.2765899,7,person,0.5,0.5,0.1483125388622284,0.4472469091415405
141,1775455101.2765899,9,person,0.5,1.0,0.12462661415338516,0.568693995475769
141,1775455101.2765899,11,person,0.5,0.6,0.20270530879497528,0.4804057776927948
141,1775455101.2765899,33,person,0.5,0.3,0.3946835398674011,0.43420252203941345
141,1775455101.2765899,37,person,0.9249953627586365,1.0,0.10429459810256958,0.8206413984298706
141,1775455101.2765899,42,person,0.5,0.5,0.30649957060813904,0.47097495198249817
141,1775455101.2765899,5,person,0.5,0.5,0.44528475403785706,0.4917927384376526
142,1775455103.7826288,2,person,0.5,1.0,0.10861577093601227,0.566292405128479
142,1775455103.7826288,3,person,0.5,0.6,0.15473496913909912,0.47321024537086487
142,1775455103.7826288,6,person,0.8550593852996826,0.6,0.11595015227794647,0.680428147315979
142,1775455103.7826288,7,person,0.5,0.5,0.10553103685379028,0.44082966446876526
142,1775455103.7826288,9,person,0.5,1.0,0.10855193436145782,0.5662828087806702
142,1775455103.7826288,11,person,0.5,0.6,0.1340828835964203,0.4701124131679535
142,1775455103.7826288,33,person,0.5,0.3,0.33598968386650085,0.42539846897125244
142,1775455103.7826288,37,person,0.9036361575126648,1.0,0.0644727423787117,0.8018525838851929
142,1775455103.7826288,42,person,0.5,0.5,0.4429331421852112,0.4914399981498718
142,1775455103.7826288,5,person,0.5,0.5,0.46034401655197144,0.49405163526535034
142,1775455103.7826288,13,person,0.5,0.5,0.21505184471607208,0.45725777745246887
143,1775455106.0261824,2,person,0.5,1.0,0.21244856715202332,0.5818672776222229
143,1775455106.0261824,3,person,0.5,0.6,0.14773046970367432,0.47215956449508667
143,1775455106.0261824,6,person,0.9036450386047363,1.0,0.21463355422019958,0.8243820667266846
143,1775455106.0261824,7,person,0.5,0.5,0.19041162729263306,0.4535617530345917
143,1775455106.0261824,9,person,0.5,1.0,0.13710466027259827,0.5705657005310059
143,1775455106.0261824,11,person,0.5,0.3,0.1296975314617157,0.39445462822914124
143,1775455106.0261824,33,person,0.5,0.3,0.2674121558666229,0.41511183977127075
143,1775455106.0261824,37,person,0.9429609179496765,1.0,0.08846347033977509,0.8290460705757141
143,1775455106.0261824,42,person,0.5,0.5,0.4928916096687317,0.4989337623119354
143,1775455106.0261824,5,person,0.8701090812683105,0.5,0.4754166603088379,0.718377947807312
143,1775455106.0261824,13,person,0.5,0.5,0.07250417768955231,0.43587565422058105
144,1775455108.2552376,2,person,0.5,1.0,0.1948140561580658,0.5792221426963806
144,1775455108.2552376,3,person,0.5,0.3,0.09358512610197067,0.38903775811195374
144,1775455108.2552376,6,person,0.9054274559020996,1.0,0.2496795654296875,0.830708384513855
144,1775455108.2552376,7,person,0.5,0.5,0.45207589864730835,0.492811381816864
144,1775455108.2552376,9,person,0.5,1.0,0.1489323079586029,0.5723398327827454
144,1775455108.2552376,11,person,0.5,0.5,0.11483059078454971,0.4422245919704437
144,1775455108.2552376,33,person,0.5,0.5,0.2939692735671997,0.4690954089164734
144,1775455108.2552376,37,person,0.996171236038208,1.0,0.17189010977745056,0.8734862804412842
144,1775455108.2552376,42,person,0.5,0.5,0.7963643670082092,0.5444546937942505
144,1775455108.2552376,5,person,0.5,0.5,0.3659147322177887,0.4798872172832489
144,1775455108.2552376,13,person,0.5,0.5,0.09481476247310638,0.43922221660614014
145,1775455110.6169086,2,person,0.5,1.0,0.1929229199886322,0.5789384245872498
145,1775455110.6169086,3,person,0.5,0.6,0.19627109169960022,0.4794406592845917
145,1775455110.6169086,6,person,0.8167815208435059,0.6,0.12627579271793365,0.6590102314949036
145,1775455110.6169086,7,person,0.5,0.5,0.09960366785526276,0.43994057178497314
145,1775455110.6169086,9,person,0.5,1.0,0.23925471305847168,0.5858882069587708
145,1775455110.6169086,11,person,0.5,0.6,0.07602910697460175,0.46140435338020325
145,1775455110.6169086,33,person,0.5,0.3,0.3798901438713074,0.4319835305213928
145,1775455110.6169086,37,person,0.9567940831184387,1.0,0.18859733641147614,0.8523660898208618
145,1775455110.6169086,42,person,0.5,0.5,0.5604649782180786,0.5090697407722473
145,1775455110.6169086,5,person,0.8741154670715332,0.5,0.3965485394001007,0.7089515328407288
145,1775455110.6169086,13,person,0.5,0.5,0.09423990547657013,0.43913599848747253
146,1775455113.0150208,2,person,0.5,1.0,0.1536668986082077,0.5730500221252441
146,1775455113.0150208,3,person,0.5,0.6,0.05811550095677376,0.45871731638908386
146,1775455113.0150208,7,person,0.5,0.5,0.25622227787971497,0.4634333550930023
146,1775455113.0150208,9,person,0.5,1.0,0.19643740355968475,0.5794656276702881
146,1775455113.0150208,11,person,0.5,0.6,0.07848218828439713,0.4617723226547241
146,1775455113.0150208,33,person,0.5,0.3,0.23320944607257843,0.4099814295768738
146,1775455113.0150208,37,person,0.9154932498931885,1.0,0.05697978287935257,0.8078429102897644
146,1775455113.0150208,42,person,0.5,0.5,0.5613502264022827,0.5092025399208069
146,1775455113.0150208,5,person,0.8482901453971863,1.0,0.36932510137557983,0.8143728375434875
146,1775455113.0150208,13,person,0.5,0.5,0.11515927314758301,0.44227391481399536
147,1775455115.4210947,2,person,0.5,1.0,0.07017122209072113,0.5605257153511047
147,1775455115.4210947,3,person,0.5,0.6,0.09929238259792328,0.4648938477039337
147,1775455115.4210947,7,person,0.5,0.5,0.09949485957622528,0.4399242401123047
147,1775455115.4210947,9,person,0.5,1.0,0.11178729683160782,0.5667681097984314
147,1775455115.4210947,11,person,0.5,0.5,0.028596211224794388,0.42928943037986755
147,1775455115.4210947,33,person,0.5,0.3,0.1786971390247345,0.4018045663833618
147,1775455115.4210947,37,person,0.88490891456604,1.0,0.053917162120342255,0.7890329360961914
147,1775455115.4210947,42,person,0.5,0.5,0.5925577282905579,0.513883650302887
147,1775455115.4210947,5,person,0.817345380783081,1.0,0.2781479060649872,0.7821294069290161
147,1775455115.4210947,13,person,0.5,0.5,0.10097271203994751,0.44014590978622437
147,1775455115.4210947,6,person,0.9204933643341064,1.0,0.26455530524253845,0.8419793248176575
148,1775455117.7487376,2,person,0.5,1.0,0.0912405475974083,0.5636860728263855
148,1775455117.7487376,3,person,0.5,0.6,0.09942112863063812,0.46491315960884094
148,1775455117.7487376,7,person,0.5,0.5,0.1484237015247345,0.44726356863975525
148,1775455117.7487376,9,person,0.5,1.0,0.09019429236650467,0.5635291337966919
148,1775455117.7487376,11,person,0.5,0.3,0.152794748544693,0.3979192078113556
148,1775455117.7487376,33,person,0.5,0.3,0.3186289668083191,0.4227943420410156
148,1775455117.7487376,37,person,0.919500470161438,1.0,0.08873990178108215,0.8150112628936768
148,1775455117.7487376,42,person,0.5,0.5,0.31441694498062134,0.47216254472732544
148,1775455117.7487376,5,person,0.8407394886016846,1.0,0.1937144696712494,0.7835008502006531
148,1775455117.7487376,13,person,0.5,0.5,0.09665927290916443,0.4394989013671875
148,1775455117.7487376,6,person,0.857122540473938,0.6,0.1579543650150299,0.6879666447639465
149,1775455119.9954324,2,person,0.5,1.0,0.18856504559516907,0.578284740447998
149,1775455119.9954324,3,person,0.5,0.6,0.0870555192232132,0.46305832266807556
149,1775455119.9954324,7,person,0.5,0.5,0.3077525794506073,0.47116291522979736
149,1775455119.9954324,9,person,0.5,1.0,0.13998128473758698,0.5709971785545349
149,1775455119.9954324,11,person,0.5,0.6,0.20228973031044006,0.48034346103668213
149,1775455119.9954324,33,person,0.5,0.3,0.13510996103286743,0.39526650309562683
149,1775455119.9954324,37,person,0.9376996755599976,1.0,0.10239307582378387,0.827978789806366
149,1775455119.9954324,42,person,0.5,0.5,0.551439642906189,0.5077159404754639
149,1775455119.9954324,5,person,0.8647183179855347,1.0,0.15630045533180237,0.7922760844230652
150,1775455121.9318447,2,person,0.5,1.0,0.1144719272851944,0.5671707987785339
150,1775455121.9318447,3,person,0.5,0.6,0.11852426826953888,0.46777862310409546
150,1775455121.9318447,7,person,0.5,0.5,0.09169094264507294,0.4387536644935608
150,1775455121.9318447,9,person,0.5,1.0,0.16456946730613708,0.5746854543685913
150,1775455121.9318447,11,person,0.5,0.6,0.16015255451202393,0.47402286529541016
150,1775455121.9318447,33,person,0.5,0.5,0.13720357418060303,0.44558054208755493
150,1775455121.9318447,37,person,0.9630244970321655,1.0,0.10815846920013428,0.8440384864807129
150,1775455121.9318447,42,person,0.5,0.5,0.4677857458591461,0.49516788125038147
150,1775455121.9318447,5,person,0.875277578830719,1.0,0.11752680689096451,0.7927955985069275
150,1775455121.9318447,13,person,0.5,0.5,0.7748998403549194,0.5412349700927734
151,1775455123.8492846,2,person,0.5,1.0,0.09115546941757202,0.5636733174324036
151,1775455123.8492846,3,person,0.5,0.6,0.0905543714761734,0.4635831415653229
151,1775455123.8492846,7,person,0.5,0.5,0.09514091908931732,0.43927115201950073
151,1775455123.8492846,9,person,0.5,1.0,0.08549617230892181,0.5628244280815125
151,1775455123.8492846,11,person,0.5,0.6,0.17366661131381989,0.4760499894618988
151,1775455123.8492846,33,person,0.5,0.5,0.07911001145839691,0.43686652183532715
151,1775455123.8492846,37,person,0.8506165742874146,1.0,0.12510600686073303,0.7791358828544617
151,1775455123.8492846,42,person,0.5,0.5,0.20946034789085388,0.45641905069351196
151,1775455123.8492846,5,person,0.8703539967536926,1.0,0.07037035375833511,0.7827679514884949
151,1775455123.8492846,6,person,0.8829491138458252,0.6,0.35373497009277344,0.7328296899795532
152,1775455125.6582017,2,person,0.5,1.0,0.07651521265506744,0.5614773035049438
152,1775455125.6582017,3,person,0.5,0.6,0.09631313383579254,0.4644469618797302
152,1775455125.6582017,7,person,0.5,0.5,0.24519221484661102,0.461778849363327
152,1775455125.6582017,9,person,0.5,1.0,0.13963744044303894,0.5709456205368042
152,1775455125.6582017,11,person,0.5,0.6,0.059965621680021286,0.4589948356151581
152,1775455125.6582017,33,person,0.5,0.5,0.04489867389202118,0.4317348003387451
152,1775455125.6582017,37,person,0.9036338329315186,1.0,0.172199085354805,0.818010151386261
152,1775455125.6582017,42,person,0.5,0.5,0.39432185888290405,0.4841482937335968
152,1775455125.6582017,5,person,0.8639569282531738,1.0,0.07809077203273773,0.7800877690315247
152,1775455125.6582017,6,person,0.9005529284477234,0.6,0.12362086772918701,0.7088748812675476
153,1775455127.4192889,2,person,0.5,1.0,0.1173270121216774,0.5675990581512451
153,1775455127.4192889,3,person,0.5,0.6,0.0680902823805809,0.4602135419845581
153,1775455127.4192889,7,person,0.5,0.5,0.20121848583221436,0.4551827907562256
153,1775455127.4192889,9,person,0.5,1.0,0.11319772899150848,0.5669796466827393
153,1775455127.4192889,11,person,0.5,0.6,0.08538272231817245,0.46280738711357117
153,1775455127.4192889,33,person,0.5,0.5,0.07873053848743439,0.43680959939956665
153,1775455127.4192889,37,person,0.8904665112495422,1.0,0.14895805716514587,0.8066235780715942
153,1775455127.4192889,42,person,0.5,0.5,0.09665572643280029,0.4394983649253845
153,1775455127.4192889,5,person,0.9057414531707764,1.0,0.11390918493270874,0.8105312585830688
153,1775455127.4192889,54,person,0.5,0.5,0.0,0.425
154,1775455129.1388662,2,person,0.5,1.0,0.08372332155704498,0.5625585317611694
154,1775455129.1388662,3,person,0.5,0.6,0.13599249720573425,0.470398873090744
154,1775455129.1388662,7,person,0.5,0.5,0.1382925808429718,0.4457438886165619
154,1775455129.1388662,9,person,0.5,1.0,0.08736687898635864,0.563105046749115
154,1775455129.1388662,11,person,0.5,0.5,0.07234638929367065,0.43585196137428284
154,1775455129.1388662,33,person,0.5,0.5,0.07341723144054413,0.4360125958919525
154,1775455129.1388662,37,person,0.8857507705688477,1.0,0.06728079915046692,0.7915425896644592
154,1775455129.1388662,42,person,0.5,0.5,0.15484373271465302,0.44822657108306885
154,1775455129.1388662,5,person,0.8837984800338745,1.0,0.1393604576587677,0.8011831641197205
154,1775455129.1388662,54,person,0.5,0.5,0.08230231702327728,0.43734535574913025
155,1775455130.9128041,2,person,0.5,0.6,0.13695429265499115,0.47054314613342285
155,1775455130.9128041,3,person,0.5,0.6,0.11030588299036026,0.46654587984085083
155,1775455130.9128041,7,person,0.5,0.5,0.10960875451564789,0.4414413273334503
155,1775455130.9128041,9,person,0.5,1.0,0.1574883908033371,0.5736232995986938
155,1775455130.9128041,11,person,0.5,0.6,0.09727302938699722,0.4645909368991852
155,1775455130.9128041,33,person,0.5,0.5,0.0685700923204422,0.4352855384349823
155,1775455130.9128041,37,person,0.9510338306427002,1.0,0.11370613425970078,0.8376762270927429
155,1775455130.9128041,5,person,0.9033797979354858,1.0,0.12016405910253525,0.8100525140762329
155,1775455130.9128041,54,person,0.5,0.5,0.041473496705293655,0.43122103810310364
155,1775455130.9128041,6,person,0.9311093091964722,0.6,0.29200759530067444,0.7524667382240295
156,1775455132.868145,2,person,0.5,1.0,0.16000476479530334,0.5740007162094116
156,1775455132.868145,3,person,0.5,0.3,0.10016626119613647,0.39002493023872375
156,1775455132.868145,7,person,0.5,0.5,0.45384931564331055,0.4930773973464966
156,1775455132.868145,9,person,0.5,1.0,0.17884741723537445,0.5768271088600159
156,1775455132.868145,11,person,0.5,0.3,0.17099571228027344,0.40064936876296997
156,1775455132.868145,33,person,0.5,0.5,0.11183367669582367,0.44177505373954773
156,1775455132.868145,37,person,0.9886478185653687,1.0,0.1127239316701889,0.8600972890853882
156,1775455132.868145,5,person,0.859108030796051,1.0,0.20929265022277832,0.7968587279319763
156,1775455132.868145,6,person,0.9516233205795288,0.6,0.14258289337158203,0.7423614263534546
157,1775455134.6665733,2,person,0.5,1.0,0.15212999284267426,0.5728195309638977
157,1775455134.6665733,3,person,0.5,0.3,0.11899955570697784,0.3928499221801758
157,1775455134.6665733,7,person,0.5,0.5,0.11487054824829102,0.44223058223724365
157,1775455134.6665733,9,person,0.5,1.0,0.1516731083393097,0.572750985622406
157,1775455134.6665733,11,person,0.5,0.5,0.12661926448345184,0.4439929127693176
157,1775455134.6665733,33,person,0.5,0.3,0.3305686116218567,0.4245852828025818
157,1775455134.6665733,37,person,0.9716750979423523,1.0,0.11931828409433365,0.850902795791626
157,1775455134.6665733,5,person,0.8316258192062378,1.0,0.20175011456012726,0.7792380452156067
157,1775455134.6665733,6,person,0.9707883596420288,0.6,0.16642674803733826,0.7574370503425598
158,1775455136.3874843,2,person,0.5,1.0,0.08930674195289612,0.5633960366249084
158,1775455136.3874843,3,person,0.5,0.3,0.21381644904613495,0.4070724844932556
158,1775455136.3874843,7,person,0.5,0.5,0.39571407437324524,0.4843571186065674
158,1775455136.3874843,9,person,0.5,1.0,0.08772341907024384,0.5631585121154785
158,1775455136.3874843,11,person,0.5,0.5,0.06884445250034332,0.4353266954421997
158,1775455136.3874843,33,person,0.5,0.5,0.13391512632369995,0.4450872838497162
158,1775455136.3874843,37,person,0.904595136642456,1.0,0.1365835815668106,0.813244640827179
158,1775455136.3874843,5,person,0.907701849937439,1.0,0.21957138180732727,0.827556848526001
158,1775455136.3874843,6,person,0.9463632702827454,0.6,0.12295801937580109,0.7362616658210754
159,1775455138.065631,2,person,0.5,1.0,0.23683615028858185,0.5855254530906677
159,1775455138.065631,3,person,0.5,0.6,0.09723849594593048,0.4645857512950897
159,1775455138.065631,7,person,0.5,0.5,0.08502159267663956,0.43775326013565063
159,1775455138.065631,9,person,0.5,1.0,0.09033158421516418,0.5635497570037842
159,1775455138.065631,11,person,0.5,0.5,0.16700489819049835,0.4500507414340973
159,1775455138.065631,33,person,0.5,0.5,0.4582410752773285,0.4937361776828766
159,1775455138.065631,37,person,0.997477650642395,1.0,0.07455302774906158,0.85966956615448
159,1775455138.065631,5,person,0.8799334168434143,1.0,0.316437304019928,0.8254256844520569
159,1775455138.065631,6,person,0.9810747504234314,0.6,0.08140627294778824,0.7508558034896851
159,1775455138.065631,42,person,0.5,0.5,1.0,0.575
160,1775455139.8641362,2,person,0.5,1.0,0.15362679958343506,0.5730440616607666
160,1775455139.8641362,3,person,0.5,0.6,0.156101256608963,0.47341516613960266
160,1775455139.8641362,7,person,0.5,0.5,0.2069922685623169,0.456048846244812
160,1775455139.8641362,9,person,0.5,1.0,0.100644551217556,0.5650966763496399
160,1775455139.8641362,11,person,0.5,0.3,0.07379657030105591,0.38606947660446167
160,1775455139.8641362,33,person,0.5,0.5,0.6043850183486938,0.5156577825546265
160,1775455139.8641362,37,person,0.9548078179359436,1.0,0.14316494762897491,0.8443593978881836
160,1775455139.8641362,5,person,0.8828182816505432,1.0,0.21441543102264404,0.811853289604187
160,1775455139.8641362,6,person,0.9681110382080078,0.6,0.13455793261528015,0.7510502934455872
160,1775455139.8641362,42,person,0.5,0.5,1.0,0.575
161,1775455141.625404,2,person,0.5,0.6,0.242287278175354,0.4863430857658386
161,1775455141.625404,3,person,0.5,0.6,0.18910956382751465,0.4783664345741272
161,1775455141.625404,7,person,0.5,0.5,0.1398579180240631,0.44597870111465454
161,1775455141.625404,9,person,0.5,1.0,0.10998759418725967,0.5664981603622437
161,1775455141.625404,11,person,0.5,0.3,0.17532174289226532,0.40129825472831726
161,1775455141.625404,33,person,0.5,0.5,0.5037847757339478,0.5005677342414856
161,1775455141.625404,37,person,0.9722248911857605,1.0,0.13728182017803192,0.8539271950721741
161,1775455141.625404,5,person,0.8556948900222778,1.0,0.45974650979042053,0.8323789238929749
161,1775455141.625404,6,person,0.9576424360275269,0.6,0.14115914702415466,0.7457593679428101
161,1775455141.625404,42,person,0.5,0.5,0.5144572854042053,0.502168595790863
162,1775455143.3066583,2,person,0.5,1.0,0.19397412240505219,0.5790961384773254
162,1775455143.3066583,3,person,0.5,0.6,0.0887027233839035,0.46330538392066956
162,1775455143.3066583,7,person,0.5,0.5,0.20391890406608582,0.45558786392211914
162,1775455143.3066583,9,person,0.5,1.0,0.14964115619659424,0.5724461674690247
162,1775455143.3066583,11,person,0.5,0.5,0.20137540996074677,0.45520633459091187
162,1775455143.3066583,33,person,0.5,0.5,0.5025239586830139,0.5003786087036133
162,1775455143.3066583,37,person,0.9573133587837219,1.0,0.19032570719718933,0.852936863899231
162,1775455143.3066583,5,person,0.8648191690444946,1.0,0.342522531747818,0.8202698826789856
162,1775455143.3066583,6,person,0.9244887828826904,0.6,0.1589234471321106,0.7285317778587341
162,1775455143.3066583,42,person,0.5,0.5,0.5566037893295288,0.5084905624389648
162,1775455143.3066583,54,person,0.5,0.5,0.1458783596754074,0.4468817710876465
163,1775455145.203287,2,person,0.5,1.0,0.2907031178474426,0.5936054587364197
163,1775455145.203287,3,person,0.5,0.6,0.08728085458278656,0.4630921185016632
163,1775455145.203287,7,person,0.5,0.5,0.10534141957759857,0.4408012330532074
163,1775455145.203287,9,person,0.9668712019920349,1.0,0.16015636920928955,0.8541461825370789
163,1775455145.203287,11,person,0.5,0.5,0.1360051929950714,0.44540080428123474
163,1775455145.203287,33,person,0.5,0.5,0.43359819054603577,0.49003973603248596
163,1775455145.203287,37,person,0.9980679154396057,1.0,0.10956364870071411,0.8652753233909607
163,1775455145.203287,5,person,0.8588627576828003,1.0,0.33588907122612,0.8157010674476624
163,1775455145.203287,6,person,0.9272503852844238,0.6,0.12219487130641937,0.7246794104576111
163,1775455145.203287,42,person,0.5,0.5,0.43094402551651,0.48964160680770874
163,1775455145.203287,54,person,0.5,0.5,0.10319049656391144,0.4404785931110382
164,1775455147.208767,2,person,0.5,1.0,0.34090372920036316,0.6011355519294739
164,1775455147.208767,3,person,0.5,0.6,0.10237910598516464,0.46535685658454895
164,1775455147.208767,7,person,0.5,0.5,0.059014786034822464,0.4338522255420685
164,1775455147.208767,9,person,0.9979048371315002,1.0,0.13076737523078918,0.8683580160140991
164,1775455147.208767,11,person,0.5,0.5,0.15241435170173645,0.4478621780872345
164,1775455147.208767,37,person,0.9844421148300171,1.0,0.08442037552595139,0.8533283472061157
164,1775455147.208767,5,person,0.8645064234733582,1.0,0.4160062372684479,0.8311048150062561
164,1775455147.208767,6,person,0.9484279155731201,0.6,0.15241074562072754,0.7419183254241943
164,1775455147.208767,42,person,0.5,0.5,0.6310737133026123,0.5196610689163208
165,1775455148.8351753,2,person,0.5,1.0,0.3360080122947693,0.6004012227058411
165,1775455148.8351753,3,person,0.5,0.6,0.10733995586633682,0.4661009907722473
165,1775455148.8351753,7,person,0.5,0.5,0.11192496120929718,0.44178876280784607
165,1775455148.8351753,9,person,0.9962071180343628,1.0,0.07521647214889526,0.8590067028999329
165,1775455148.8351753,11,person,0.5,0.5,0.1998831033706665,0.4549824893474579
165,1775455148.8351753,37,person,0.9307750463485718,1.0,0.08838807046413422,0.821723222732544
165,1775455148.8351753,5,person,0.9078060388565063,1.0,0.405871719121933,0.8555644154548645
165,1775455148.8351753,6,person,0.9508942365646362,0.6,0.18521255254745483,0.7483184337615967
165,1775455148.8351753,42,person,0.5,0.5,0.6663185358047485,0.5249478220939636
165,1775455148.8351753,33,person,0.5,0.5,0.5443608164787292,0.5066541433334351
166,1775455150.5576642,2,person,0.5,1.0,0.3702912926673889,0.6055437326431274
166,1775455150.5576642,3,person,0.5,0.6,0.17737334966659546,0.47660598158836365
166,1775455150.5576642,7,person,0.5,0.5,0.10261999070644379,0.44039300084114075
166,1775455150.5576642,9,person,0.5,1.0,0.11353638023138046,0.5670304894447327
166,1775455150.5576642,11,person,0.5,0.5,0.2126593142747879,0.45689889788627625
166,1775455150.5576642,37,person,0.9054198265075684,1.0,0.09575111418962479,0.8076145648956299
166,1775455150.5576642,5,person,0.8492014408111572,1.0,0.3312179446220398,0.809203565120697
166,1775455150.5576642,6,person,0.9472259879112244,0.6,0.19229437410831451,0.7471797466278076
166,1775455150.5576642,42,person,0.5,0.5,0.5262612104415894,0.5039392113685608
166,1775455150.5576642,54,person,0.5,0.5,0.2253951132297516,0.4588092863559723
167,1775455152.449779,2,person,0.5,1.0,0.28298407793045044,0.5924476385116577
167,1775455152.449779,3,person,0.5,0.6,0.1291079819202423,0.469366192817688
167,1775455152.449779,7,person,0.5,0.5,0.15212824940681458,0.4478192627429962
167,1775455152.449779,9,person,0.959365963935852,1.0,0.10649584233760834,0.8415939807891846
167,1775455152.449779,11,person,0.5,0.5,0.1085289865732193,0.4412793517112732
167,1775455152.449779,37,person,0.9392330646514893,1.0,0.2312132567167282,0.8482218384742737
167,1775455152.449779,5,person,0.8451117277145386,1.0,0.15342840552330017,0.7800812721252441
167,1775455152.449779,6,person,0.9759611487388611,0.6,0.18596713244915009,0.763471782207489
167,1775455152.449779,42,person,0.5,0.5,0.39196261763572693,0.4837943911552429
167,1775455152.449779,33,person,0.5,0.5,0.7196804881095886,0.532952070236206
168,1775455154.1652257,2,person,0.5,1.0,0.2683275043964386,0.5902491211891174
168,1775455154.1652257,3,person,0.5,0.6,0.13366928696632385,0.4700503945350647
168,1775455154.1652257,7,person,0.5,0.5,0.12030582129955292,0.44304588437080383
168,1775455154.1652257,9,person,0.5,1.0,0.1215454563498497,0.5682318210601807
168,1775455154.1652257,11,person,0.5,0.5,0.15650269389152527,0.4484754204750061
168,1775455154.1652257,37,person,0.9169769883155823,1.0,0.08571703732013702,0.8130437731742859
168,1775455154.1652257,5,person,0.8932917714118958,1.0,0.06172895431518555,0.7952343821525574
168,1775455154.1652257,6,person,0.9759650230407715,0.6,0.1803673654794693,0.7626340985298157
168,1775455154.1652257,42,person,0.5,0.5,0.38695818185806274,0.48304373025894165
168,1775455154.1652257,33,person,0.5,0.5,0.7953034043312073,0.5442955493927002
169,1775455155.9358616,2,person,0.5,1.0,0.23965127766132355,0.5859476923942566
169,1775455155.9358616,3,person,0.5,0.6,0.10006793588399887,0.4650101661682129
169,1775455155.9358616,7,person,0.5,0.5,0.2212282121181488,0.45818424224853516
169,1775455155.9358616,9,person,0.9655473232269287,1.0,0.10530455410480499,0.8451241254806519
169,1775455155.9358616,11,person,0.5,0.5,0.25610387325286865,0.46341559290885925
169,1775455155.9358616,37,person,0.9612215161323547,1.0,0.07618428021669388,0.8381605744361877
169,1775455155.9358616,5,person,0.9130069017410278,1.0,0.11311586201190948,0.8147714734077454
169,1775455155.9358616,6,person,0.9473561644554138,0.6,0.2626761496067047,0.7578151226043701
169,1775455155.9358616,42,person,0.5,0.5,0.3752968907356262,0.48129454255104065
169,1775455155.9358616,33,person,0.5,0.5,0.5250005125999451,0.5037500858306885
169,1775455155.9358616,54,person,0.5,0.5,0.2726227939128876,0.4658934473991394
170,1775455157.7634277,2,person,0.5,1.0,0.26985353231430054,0.5904780626296997
170,1775455157.7634277,3,person,0.4491490125656128,0.6,0.10824557393789291,0.43572625517845154
170,1775455157.7634277,7,person,0.5,0.5,0.09274883568286896,0.4389123320579529
170,1775455157.7634277,9,person,0.5,1.0,0.11996428668498993,0.5679946541786194
170,1775455157.7634277,11,person,0.5,0.5,0.11980161815881729,0.44297024607658386
170,1775455157.7634277,37,person,0.9608561992645264,1.0,0.11460022628307343,0.8437037467956543
170,1775455157.7634277,5,person,0.9456294775009155,1.0,0.06796295195817947,0.8275721073150635
170,1775455157.7634277,6,person,0.9471254944801331,0.6,0.0913807600736618,0.731982409954071
170,1775455157.7634277,42,person,0.5,0.5,0.20150117576122284,0.4552251994609833
170,1775455157.7634277,33,person,0.5,0.5,0.4683869779109955,0.49525806307792664
171,1775455159.471975,2,person,0.5,1.0,0.23163405060768127,0.5847451090812683
171,1775455159.471975,3,person,0.5,0.6,0.11333322525024414,0.46699997782707214
171,1775455159.471975,7,person,0.5,0.5,0.1432081013917923,0.44648122787475586
171,1775455159.471975,9,person,0.5,1.0,0.08367939293384552,0.5625519156455994
171,1775455159.471975,11,person,0.5,0.5,0.17701973021030426,0.45155298709869385
171,1775455159.471975,37,person,0.9410630464553833,1.0,0.09754263609647751,0.8292692303657532
171,1775455159.471975,5,person,0.9004530906677246,1.0,0.13913875818252563,0.8111426830291748
171,1775455159.471975,6,person,0.9782211780548096,0.6,0.4094812870025635,0.7983548641204834
171,1775455159.471975,42,person,0.5,0.5,0.20434315502643585,0.45565149188041687
171,1775455159.471975,33,person,0.5,0.5,0.2957346439361572,0.46936020255088806
171,1775455159.471975,54,person,0.5,0.5,0.09092380106449127,0.4386385679244995
172,1775455161.7866645,2,person,0.5,1.0,0.1929960399866104,0.5789493918418884
172,1775455161.7866645,3,person,0.5,0.6,0.1551578938961029,0.4732736647129059
172,1775455161.7866645,7,person,0.8959197998046875,0.5,0.07571008801460266,0.6739084124565125
172,1775455161.7866645,9,person,0.5,1.0,0.16759474575519562,0.5751392245292664
172,1775455161.7866645,11,person,0.5,0.5,0.2729312777519226,0.4659397006034851
172,1775455161.7866645,37,person,0.9937276244163513,1.0,0.08898435533046722,0.8595842123031616
172,1775455161.7866645,5,person,0.8969292640686035,1.0,0.09266682714223862,0.8020576238632202
172,1775455161.7866645,6,person,0.9831648468971252,1.0,0.3932225704193115,0.898882269859314
172,1775455161.7866645,42,person,0.5,0.5,0.20497718453407288,0.455746591091156
172,1775455161.7866645,62,person,0.5,0.5,0.0,0.425
173,1775455164.3202915,2,person,0.5,1.0,0.20396669209003448,0.5805950164794922
173,1775455164.3202915,3,person,0.5,0.6,0.21948078274726868,0.48292210698127747
173,1775455164.3202915,7,person,0.5,0.5,0.20000645518302917,0.45500099658966064
173,1775455164.3202915,9,person,0.5,1.0,0.06242063641548157,0.5593631267547607
173,1775455164.3202915,11,person,0.5,0.5,0.2553960382938385,0.4633094072341919
173,1775455164.3202915,37,person,0.9930078983306885,1.0,0.0738144963979721,0.8568769097328186
173,1775455164.3202915,5,person,0.900366485118866,1.0,0.08111052960157394,0.802386462688446
173,1775455164.3202915,6,person,0.9973052144050598,0.6,0.41249197721481323,0.8102568984031677
173,1775455164.3202915,42,person,0.5,0.5,0.4352267384529114,0.4902840256690979
173,1775455164.3202915,62,person,0.5,1.0,0.17810329794883728,0.5767155289649963
174,1775455166.5079105,2,person,0.5,1.0,0.14415554702281952,0.5716233253479004
174,1775455166.5079105,3,person,0.5,0.6,0.38612720370292664,0.5079190731048584
174,1775455166.5079105,7,person,0.5,0.5,0.2191189080476761,0.4578678607940674
174,1775455166.5079105,9,person,0.5,1.0,0.045868970453739166,0.5568803548812866
174,1775455166.5079105,11,person,0.5,0.5,0.2628785967826843,0.4644317924976349
174,1775455166.5079105,37,person,0.9372138381004333,1.0,0.0546937957406044,0.8205323219299316
174,1775455166.5079105,5,person,0.8870251774787903,1.0,0.050631314516067505,0.7898098230361938
174,1775455166.5079105,6,person,0.973177433013916,0.6,0.26144540309906006,0.7731232643127441
174,1775455166.5079105,42,person,0.5,0.5,0.1557004749774933,0.4483550786972046
174,1775455166.5079105,62,person,0.5,0.5,0.5219217538833618,0.5032882690429688
175,1775455168.2381685,2,person,0.5,1.0,0.17212966084480286,0.5758194923400879
175,1775455168.2381685,3,person,0.5,0.6,0.12546192109584808,0.4688192903995514
175,1775455168.2381685,7,person,0.5,0.5,0.2498205453157425,0.4624730944633484
175,1775455168.2381685,9,person,0.9574738144874573,1.0,0.09774433821439743,0.8391459584236145
175,1775455168.2381685,11,person,0.5,0.5,0.2041424810886383,0.4556213915348053
175,1775455168.2381685,37,person,0.9420946836471558,1.0,0.044100165367126465,0.8218718767166138
175,1775455168.2381685,5,person,0.8417815566062927,1.0,0.0644117221236229,0.76473069190979
175,1775455168.2381685,6,person,0.9500465393066406,0.6,0.1721729189157486,0.745853841304779
175,1775455168.2381685,42,person,0.5,0.5,0.20944353938102722,0.4564165472984314
175,1775455168.2381685,62,person,0.5,0.5,0.3969821631908417,0.48454734683036804
176,1775455169.9597197,2,person,0.5,1.0,0.18141111731529236,0.5772116780281067
176,1775455169.9597197,3,person,0.5,0.6,0.13395538926124573,0.470093309879303
176,1775455169.9597197,7,person,0.5,1.0,0.09682982414960861,0.5645244717597961
176,1775455169.9597197,9,person,0.5,1.0,0.10045342147350311,0.5650680065155029
176,1775455169.9597197,11,person,0.5,0.5,0.15440934896469116,0.44816142320632935
176,1775455169.9597197,37,person,0.9537773728370667,1.0,0.12439651787281036,0.8409258723258972
176,1775455169.9597197,5,person,0.847877025604248,1.0,0.043859902769327164,0.76530522108078
176,1775455169.9597197,6,person,0.9653385877609253,0.6,0.3511430621147156,0.7818746566772461
176,1775455169.9597197,42,person,0.5,0.5,0.31841617822647095,0.47276243567466736
176,1775455169.9597197,62,person,0.5,0.5,0.3496209383010864,0.4774431586265564
177,1775455171.7792842,2,person,0.5,1.0,0.13769440352916718,0.5706541538238525
177,1775455171.7792842,3,person,0.5,0.6,0.11907628923654556,0.46786144375801086
177,1775455171.7792842,7,person,0.5,0.5,0.04704033583402634,0.4320560693740845
177,1775455171.7792842,9,person,0.9775149822235107,1.0,0.07480363547801971,0.8477295637130737
177,1775455171.7792842,11,person,0.5,0.5,0.1437496840953827,0.4465624690055847
177,1775455171.7792842,37,person,0.9649167060852051,1.0,0.13046403229236603,0.8485196828842163
177,1775455171.7792842,5,person,0.8689260482788086,1.0,0.07956701517105103,0.783290684223175
177,1775455171.7792842,6,person,0.9621387720108032,0.6,0.21857579052448273,0.7600696086883545
177,1775455171.7792842,42,person,0.5,0.5,0.3449157774448395,0.476737380027771
177,1775455171.7792842,62,person,0.5,0.3,0.2640243172645569,0.41460365056991577
178,1775455173.7873464,2,person,0.5,1.0,0.11544466018676758,0.5673167109489441
178,1775455173.7873464,3,person,0.5,0.6,0.07849844545125961,0.4617747664451599
178,1775455173.7873464,7,person,0.5,0.5,0.13344407081604004,0.44501662254333496
178,1775455173.7873464,9,person,0.5,1.0,0.1653972715139389,0.5748096108436584
178,1775455173.7873464,11,person,0.5,0.5,0.096767857670784,0.43951520323753357
178,1775455173.7873464,37,person,0.9735329747200012,1.0,0.1383059322834015,0.8548656702041626
178,1775455173.7873464,5,person,0.8593676686286926,1.0,0.14652200043201447,0.7875989079475403
178,1775455173.7873464,6,person,0.9540523290634155,0.6,0.21203544735908508,0.7542367577552795
178,1775455173.7873464,42,person,0.5,0.5,0.17813745141029358,0.45172062516212463
178,1775455173.7873464,62,person,0.5,0.5,0.5452181100845337,0.5067827105522156
179,1775455175.5452905,2,person,0.5,1.0,0.30462777614593506,0.5956941843032837
179,1775455175.5452905,3,person,0.5,0.6,0.20163097977638245,0.48024463653564453
179,1775455175.5452905,7,person,0.5,0.5,0.18937291204929352,0.4534059464931488
179,1775455175.5452905,9,person,0.5,1.0,0.08323492109775543,0.5624852776527405
179,1775455175.5452905,11,person,0.5,0.5,0.09098376333713531,0.4386475682258606
179,1775455175.5452905,37,person,0.991890549659729,1.0,0.07715003937482834,0.8567067980766296
179,1775455175.5452905,5,person,0.876014232635498,1.0,0.08627112209796906,0.7885491847991943
179,1775455175.5452905,6,person,0.9424188733100891,0.6,0.14082156121730804,0.7365745306015015
179,1775455175.5452905,42,person,0.5,0.5,0.2677762806415558,0.46516644954681396
179,1775455175.5452905,62,person,0.5,0.5,0.4207509160041809,0.4881126582622528
179,1775455175.5452905,33,person,0.5,0.5,1.0,0.575
180,1775455177.348334,2,person,0.5,1.0,0.19424256682395935,0.5791363716125488
180,1775455177.348334,3,person,0.5,0.6,0.19767720997333527,0.4796515703201294
180,1775455177.348334,7,person,0.5,0.5,0.13238447904586792,0.4448576867580414
180,1775455177.348334,9,person,0.9498056173324585,1.0,0.06455694139003754,0.8295668959617615
180,1775455177.348334,11,person,0.5,0.5,0.10123524814844131,0.4401853084564209
180,1775455177.348334,37,person,0.9608088731765747,1.0,0.09098871052265167,0.8401336669921875
180,1775455177.348334,5,person,0.8959601521492004,1.0,0.09437999874353409,0.8017330765724182
180,1775455177.348334,6,person,0.9622558355331421,0.6,0.10040178149938583,0.7424137592315674
180,1775455177.348334,42,person,0.5,0.5,0.2901250422000885,0.46851876378059387
180,1775455177.348334,62,person,0.5,0.5,0.23889362812042236,0.4608340561389923
180,1775455177.348334,33,person,0.5,0.5,0.15042635798454285,0.4475639760494232
181,1775455179.144339,2,person,0.5,1.0,0.19276106357574463,0.5789141654968262
181,1775455179.144339,3,person,0.5880672931671143,0.6,0.060126304626464844,0.5118593573570251
181,1775455179.144339,7,person,0.5,0.5,0.05825786665081978,0.43373867869377136
181,1775455179.144339,9,person,0.5,1.0,0.036010779440402985,0.555401623249054
181,1775455179.144339,11,person,0.5,0.6,0.14643560349941254,0.47196534276008606
181,1775455179.144339,37,person,0.9843322038650513,1.0,0.05777837708592415,0.8492660522460938
181,1775455179.144339,5,person,0.8816685676574707,1.0,0.09471640735864639,0.7932085990905762
181,1775455179.144339,6,person,0.9596577286720276,0.6,0.11190918833017349,0.7425810098648071
181,1775455179.144339,62,person,0.5,0.5,0.21310734748840332,0.4569661021232605
182,1775455180.7171538,2,person,0.5,1.0,0.11976516246795654,0.5679647922515869
182,1775455180.7171538,3,person,0.6297933459281921,0.6,0.0856793075799942,0.5407279133796692
182,1775455180.7171538,7,person,0.5,0.5,0.06405939161777496,0.43460893630981445
182,1775455180.7171538,9,person,0.5,1.0,0.08447999507188797,0.5626720190048218
182,1775455180.7171538,11,person,0.5,0.5,0.09590689092874527,0.4393860399723053
182,1775455180.7171538,37,person,0.9770935773849487,1.0,0.07962177693843842,0.8481994271278381
182,1775455180.7171538,5,person,0.8702126741409302,1.0,0.11448810994625092,0.7893008589744568
182,1775455180.7171538,6,person,0.9480473399162292,0.6,0.052568696439266205,0.7267136573791504
182,1775455180.7171538,62,person,0.5,0.5,0.230381578207016,0.4595572352409363
183,1775455182.3000891,2,person,0.5,1.0,0.15503141283988953,0.5732547044754028
183,1775455182.3000891,3,person,0.5721629858016968,0.6,0.14474932849407196,0.5150101780891418
183,1775455182.3000891,7,person,0.5,0.5,0.11290030181407928,0.44193506240844727
183,1775455182.3000891,9,person,0.5,1.0,0.10207577794790268,0.5653113722801208
183,1775455182.3000891,11,person,0.5,0.5,0.14635153114795685,0.4469527304172516
183,1775455182.3000891,37,person,0.9279391765594482,1.0,0.09329715371131897,0.8207581043243408
183,1775455182.3000891,5,person,0.8564368486404419,1.0,0.0890963226556778,0.7772265672683716
183,1775455182.3000891,6,person,0.9552212357521057,0.6,0.22687013447284698,0.7571632266044617
183,1775455182.3000891,62,person,0.5,0.3,0.5803154706954956,0.4620473384857178
183,1775455182.3000891,42,person,0.5,0.5,0.13569410145282745,0.4453541338443756
183,1775455182.3000891,33,person,0.5,0.5,0.8281798362731934,0.5492269992828369
184,1775455184.1824522,2,person,0.5,1.0,0.1744745969772339,0.5761712193489075
184,1775455184.1824522,3,person,0.5,0.6,0.11096347868442535,0.4666445255279541
184,1775455184.1824522,7,person,0.5,0.5,0.18069589138031006,0.452104389667511
184,1775455184.1824522,9,person,0.5,1.0,0.05212324112653732,0.5578184723854065
184,1775455184.1824522,11,person,0.5,0.5,0.07935087382793427,0.43690264225006104
184,1775455184.1824522,37,person,0.9868908524513245,1.0,0.16701963543891907,0.8671875
184,1775455184.1824522,5,person,0.8261606693267822,1.0,0.0770091563463211,0.757247805595398
184,1775455184.1824522,6,person,0.9996795058250427,0.6,0.11680977046489716,0.7673291563987732
184,1775455184.1824522,62,person,0.5,0.3,0.5115368962287903,0.45173054933547974
185,1775455185.892325,2,person,0.5,1.0,0.157755047082901,0.5736632943153381
185,1775455185.892325,3,person,0.5,0.6,0.0959160104393959,0.4643873870372772
185,1775455185.892325,7,person,0.5,0.5,0.1158674955368042,0.4423801302909851
185,1775455185.892325,9,person,0.5,1.0,0.13316334784030914,0.5699745416641235
185,1775455185.892325,11,person,0.5,0.5,0.13345959782600403,0.4450189471244812
185,1775455185.892325,37,person,0.9040894508361816,1.0,0.25469323992729187,0.8306576609611511
185,1775455185.892325,5,person,0.8634666204452515,1.0,0.088656947016716,0.7813785672187805
185,1775455185.892325,6,person,0.9993256330490112,0.6,0.14164850115776062,0.7708426713943481
185,1775455185.892325,62,person,0.5,0.5,0.38752490282058716,0.48312875628471375
186,1775455187.5742624,2,person,0.5,1.0,0.1432778537273407,0.5714917182922363
186,1775455187.5742624,3,person,0.5,0.6,0.08330117911100388,0.46249517798423767
186,1775455187.5742624,7,person,0.5,0.5,0.14358171820640564,0.4465372562408447
186,1775455187.5742624,9,person,0.9880269765853882,1.0,0.08672501891851425,0.8558249473571777
186,1775455187.5742624,11,person,0.5,0.5,0.06766223162412643,0.43514934182167053
186,1775455187.5742624,37,person,0.5,0.5,0.16555823385715485,0.4498337507247925
186,1775455187.5742624,5,person,0.7918434739112854,1.0,0.10693224519491196,0.74114590883255
186,1775455187.5742624,6,person,0.9961686730384827,0.6,0.1579490602016449,0.7713935971260071
186,1775455187.5742624,54,person,0.5,0.5,0.21838276088237762,0.4577574133872986
186,1775455187.5742624,42,person,0.5,0.5,0.5190565586090088,0.5028585195541382
187,1775455189.2591403,2,person,0.5,1.0,0.08008476346731186,0.5620127320289612
187,1775455189.2591403,3,person,0.5,0.6,0.10292337834835052,0.46543848514556885
187,1775455189.2591403,7,person,0.5,0.5,0.18355724215507507,0.4525336027145386
187,1775455189.2591403,9,person,0.5,1.0,0.03941704332828522,0.5559125542640686
187,1775455189.2591403,11,person,0.5,0.5,0.06359998136758804,0.4345400035381317
187,1775455189.2591403,37,person,0.9317111968994141,1.0,0.07501671463251114,0.8202792406082153
187,1775455189.2591403,5,person,0.8043925762176514,1.0,0.04588041082024574,0.7395176291465759
187,1775455189.2591403,6,person,0.9993628859519958,0.6,0.36199456453323364,0.8039169311523438
187,1775455189.2591403,54,person,0.5,0.5,0.05604788661003113,0.433407187461853
187,1775455189.2591403,42,person,0.5,0.5,0.267129123210907,0.46506938338279724
188,1775455191.004975,3,person,0.5,0.6,0.1269644796848297,0.46904465556144714
188,1775455191.004975,7,person,0.8295589089393616,0.5,0.20645514130592346,0.6537035703659058
188,1775455191.004975,9,person,0.5,1.0,0.12557081878185272,0.5688356161117554
188,1775455191.004975,11,person,0.5,0.5,0.11058859527111053,0.44158831238746643
188,1775455191.004975,37,person,0.945458173751831,1.0,0.0875866562128067,0.8304129242897034
188,1775455191.004975,5,person,0.788509726524353,1.0,0.11462513357400894,0.740299642086029
188,1775455191.004975,6,person,0.9863658547401428,0.6,0.13480526208877563,0.7620403170585632
188,1775455191.004975,54,person,0.5,0.5,0.11345873028039932,0.4420188069343567
188,1775455191.004975,42,person,0.5,0.5,0.25680309534072876,0.46352046728134155
189,1775455192.614049,3,person,0.5,0.6,0.09645730257034302,0.4644685983657837
189,1775455192.614049,7,person,0.5,0.5,0.2023882418870926,0.45535823702812195
189,1775455192.614049,9,person,0.5,1.0,0.07949423044919968,0.561924159526825
189,1775455192.614049,11,person,0.5,0.5,0.07944758236408234,0.43691715598106384
189,1775455192.614049,37,person,0.933042049407959,1.0,0.07129716873168945,0.8205198049545288
189,1775455192.614049,5,person,0.8373783826828003,1.0,0.07703444361686707,0.7639822363853455
189,1775455192.614049,6,person,0.9829703569412231,0.6,0.17516566812992096,0.7660570740699768
189,1775455192.614049,54,person,0.5,0.5,0.10054484754800797,0.44008174538612366
189,1775455192.614049,42,person,0.5,0.5,0.16109442710876465,0.44916418194770813
189,1775455192.614049,2,person,0.5,1.0,0.14518199861049652,0.5717772841453552
190,1775455194.3692064,3,person,0.5,0.6,0.13085785508155823,0.4696286618709564
190,1775455194.3692064,7,person,0.5,0.5,0.23948852717876434,0.46092328429222107
190,1775455194.3692064,9,person,0.5,1.0,0.11133696883916855,0.5667005777359009
190,1775455194.3692064,11,person,0.5,0.5,0.1137637048959732,0.4420645833015442
190,1775455194.3692064,37,person,0.5,0.5,0.1152130588889122,0.44228196144104004
190,1775455194.3692064,5,person,0.8439743518829346,1.0,0.09307940304279327,0.7703465223312378
190,1775455194.3692064,6,person,0.9960845112800598,0.6,0.10628918558359146,0.7635940313339233
190,1775455194.3692064,54,person,0.5,0.5,0.09107212722301483,0.4386608302593231
190,1775455194.3692064,42,person,0.5,0.5,0.1857660859823227,0.4528649151325226
190,1775455194.3692064,2,person,0.5,1.0,0.1352984458208084,0.5702947974205017
191,1775455196.0890326,3,person,0.5,0.3,0.1141706109046936,0.39212560653686523
191,1775455196.0890326,7,person,0.7625185251235962,0.5,0.07753263413906097,0.5941410064697266
191,1775455196.0890326,9,person,0.5,1.0,0.08249057084321976,0.5623735785484314
191,1775455196.0890326,11,person,0.5,0.5,0.09810596704483032,0.4397159218788147
191,1775455196.0890326,37,person,0.5,0.5,0.10182017087936401,0.4402730464935303
191,1775455196.0890326,5,person,0.8692612648010254,1.0,0.09928111732006073,0.7864488959312439
191,1775455196.0890326,6,person,0.9978002309799194,0.6,0.15012027323246002,0.7711981534957886
191,1775455196.0890326,54,person,0.5,0.5,0.1477942019701004,0.44716915488243103
191,1775455196.0890326,42,person,0.5,0.5,0.06191951781511307,0.4342879354953766
191,1775455196.0890326,2,person,0.5,1.0,0.10006387531757355,0.565009593963623
192,1775455197.8484237,3,person,0.5,0.6,0.07931828498840332,0.46189773082733154
192,1775455197.8484237,7,person,0.5,0.5,0.05859820917248726,0.4337897300720215
192,1775455197.8484237,9,person,0.5,1.0,0.07775901257991791,0.5616638660430908
192,1775455197.8484237,11,person,0.5,0.5,0.13671442866325378,0.4455071687698364
192,1775455197.8484237,37,person,0.5,1.0,0.14392682909965515,0.5715890526771545
192,1775455197.8484237,5,person,0.8861491680145264,1.0,0.1406055986881256,0.8027803897857666
192,1775455197.8484237,6,person,0.9882927536964417,0.6,0.24932055175304413,0.780373752117157
192,1775455197.8484237,54,person,0.5,0.5,0.11754035949707031,0.4426310658454895
192,1775455197.8484237,42,person,0.5,0.5,0.17948749661445618,0.451923131942749
192,1775455197.8484237,2,person,0.5,1.0,0.08067063242197037,0.5621005892753601
193,1775455199.5406218,3,person,0.5,0.3,0.1638120412826538,0.39957180619239807
193,1775455199.5406218,7,person,0.9964092969894409,0.5,0.09213887155056,0.7366663813591003
193,1775455199.5406218,9,person,0.5,1.0,0.10275443643331528,0.5654131770133972
193,1775455199.5406218,11,person,0.5,0.5,0.14247813820838928,0.44637173414230347
193,1775455199.5406218,37,person,0.5,1.0,0.21375957131385803,0.5820639729499817
193,1775455199.5406218,5,person,0.8211404085159302,1.0,0.09598510712385178,0.7570819854736328
193,1775455199.5406218,6,person,0.978754997253418,0.6,0.1528259962797165,0.7601768970489502
193,1775455199.5406218,54,person,0.5,0.5,0.1543222963809967,0.44814836978912354
193,1775455199.5406218,42,person,0.5,0.5,0.30335667729377747,0.4705035090446472
193,1775455199.5406218,2,person,0.5,1.0,0.08061452209949493,0.5620921850204468
194,1775455201.3638046,3,person,0.5,0.6,0.15038397908210754,0.47255757451057434
194,1775455201.3638046,7,person,0.5,0.5,0.0697537213563919,0.4354630708694458
194,1775455201.3638046,9,person,0.5,1.0,0.10591831058263779,0.5658877491950989
194,1775455201.3638046,11,person,0.5,0.5,0.05384523794054985,0.43307679891586304
194,1775455201.3638046,37,person,0.5,1.0,0.12624122202396393,0.5689361691474915
194,1775455201.3638046,5,person,0.8343079090118408,1.0,0.14672479033470154,0.7725934386253357
194,1775455201.3638046,6,person,0.9757419228553772,0.6,0.396236389875412,0.7948806285858154
194,1775455201.3638046,54,person,0.5,0.5,0.09079574048519135,0.43861937522888184
194,1775455201.3638046,42,person,0.5,0.5,0.40067258477211,0.4851008951663971
194,1775455201.3638046,2,person,0.5,1.0,0.11836379766464233,0.5677545666694641
194,1775455201.3638046,62,person,0.5,0.5,0.15368612110614777,0.44805294275283813
195,1775455203.3086917,3,person,0.5,0.6,0.1057557687163353,0.46586334705352783
195,1775455203.3086917,7,person,0.5,0.5,0.0898105576634407,0.43847158551216125
195,1775455203.3086917,9,person,0.5,1.0,0.08754325658082962,0.5631315112113953
195,1775455203.3086917,11,person,0.5,0.5,0.06842571496963501,0.43526387214660645
195,1775455203.3086917,37,person,0.5,0.5,0.11750886589288712,0.44262635707855225
195,1775455203.3086917,5,person,0.8472206592559814,1.0,0.11351677030324936,0.7753598690032959
195,1775455203.3086917,6,person,0.9699475765228271,0.6,0.0835271030664444,0.7444975972175598
195,1775455203.3086917,54,person,0.5,0.5,0.06194080039858818,0.43429112434387207
195,1775455203.3086917,42,person,0.5,0.5,0.4350908696651459,0.4902636408805847
195,1775455203.3086917,2,person,0.5,1.0,0.21914255619049072,0.5828713774681091
195,1775455203.3086917,62,person,0.5,0.5,0.3232472538948059,0.47348710894584656
196,1775455205.2748306,3,person,0.5,0.6,0.0846298485994339,0.4626944661140442
196,1775455205.2748306,7,person,0.5,0.5,0.20675405859947205,0.45601311326026917
196,1775455205.2748306,9,person,0.5,1.0,0.15266631543636322,0.5728999376296997
196,1775455205.2748306,11,person,0.5,0.5,0.09142462909221649,0.4387136995792389
196,1775455205.2748306,37,person,0.5,0.5,0.20843467116355896,0.4562652111053467
196,1775455205.2748306,5,person,0.8550176620483398,1.0,0.04580356180667877,0.7698811292648315
196,1775455205.2748306,6,person,0.9996721744537354,0.6,0.15861627459526062,0.7735957503318787
196,1775455205.2748306,62,person,0.5,0.5,0.15978188812732697,0.448967307806015
197,1775455206.924412,3,person,0.5,0.6,0.11885064840316772,0.46782758831977844
197,1775455206.924412,7,person,0.5,0.5,0.025495698675513268,0.42882436513900757
197,1775455206.924412,9,person,0.5,1.0,0.045615311712026596,0.5568423271179199
197,1775455206.924412,11,person,0.5,0.5,0.1164344772696495,0.4424651861190796
197,1775455206.924412,37,person,0.5,0.5,0.09807415306568146,0.4397111237049103
197,1775455206.924412,5,person,0.8865271210670471,1.0,0.07820702344179153,0.793647289276123
197,1775455206.924412,6,person,0.9857473373413086,0.6,0.1356053352355957,0.7617892026901245
197,1775455206.924412,62,person,0.5,0.5,0.5605566501617432,0.5090835094451904
197,1775455206.924412,42,person,0.5,0.5,0.5872875452041626,0.513093113899231
197,1775455206.924412,2,person,0.5,1.0,0.15172699093818665,0.5727590322494507
198,1775455208.6424258,3,person,0.5,0.6,0.086359404027462,0.4629538953304291
198,1775455208.6424258,7,person,0.5,0.5,0.18073663115501404,0.45211049914360046
198,1775455208.6424258,9,person,0.5,1.0,0.08022136986255646,0.5620332360267639
198,1775455208.6424258,11,person,0.5,0.5,0.08116380125284195,0.43717458844184875
198,1775455208.6424258,37,person,0.5,0.5,0.13200531899929047,0.44480082392692566
198,1775455208.6424258,5,person,0.8943039178848267,1.0,0.030202185735106468,0.7911126613616943
198,1775455208.6424258,6,person,0.9970577955245972,0.6,0.15720497071743011,0.7718154191970825
198,1775455208.6424258,62,person,0.5,0.5,0.4388798773288727,0.49083200097084045
198,1775455208.6424258,42,person,0.5,0.5,0.3881400227546692,0.48322102427482605
198,1775455208.6424258,2,person,0.5,1.0,0.10176648199558258,0.5652649998664856
199,1775455210.540125,3,person,0.5,0.6,0.0832461267709732,0.4624869227409363
199,1775455210.540125,7,person,0.5,0.5,0.04710310697555542,0.432065486907959
199,1775455210.540125,9,person,0.5,1.0,0.07866562902927399,0.5617998838424683
199,1775455210.540125,11,person,0.5,0.5,0.10520754009485245,0.4407811462879181
199,1775455210.540125,37,person,0.5,0.5,0.11174895614385605,0.44176235795021057
199,1775455210.540125,5,person,0.8906520009040833,1.0,0.08835915476083755,0.797645092010498
199,1775455210.540125,6,person,0.9952631592750549,0.6,0.13555161654949188,0.7674906253814697
199,1775455210.540125,62,person,0.5,0.5,0.4228697717189789,0.4884304702281952
199,1775455210.540125,2,person,0.5,1.0,0.113191619515419,0.5669787526130676
200,1775455212.3685038,3,person,0.5,0.6,0.07497779279947281,0.46124666929244995
200,1775455212.3685038,7,person,0.5,0.5,0.07605984807014465,0.43640899658203125
200,1775455212.3685038,9,person,0.5,1.0,0.05330668017268181,0.5579960346221924
200,1775455212.3685038,11,person,0.5,0.5,0.1681358814239502,0.45022040605545044
200,1775455212.3685038,37,person,0.5,0.5,0.16039404273033142,0.4490591287612915
200,1775455212.3685038,5,person,0.9071629643440247,1.0,0.13536714017391205,0.8146028518676758
200,1775455212.3685038,6,person,0.9844092726707458,0.6,0.07642271369695663,0.7521089911460876
200,1775455212.3685038,62,person,0.5,0.5,0.5621327757835388,0.5093199014663696
200,1775455212.3685038,2,person,0.5,1.0,0.158702090382576,0.5738053321838379
201,1775455214.0347617,3,person,0.5,0.6,0.07998748123645782,0.4619981050491333
201,1775455214.0347617,7,person,0.5,0.5,0.023920979350805283,0.4285881519317627
201,1775455214.0347617,9,person,0.5,1.0,0.08443985879421234,0.5626659989356995
201,1775455214.0347617,11,person,0.5899553894996643,1.0,0.0902087539434433,0.6175045371055603
201,1775455214.0347617,37,person,0.5,0.5,0.1227617859840393,0.44341427087783813
201,1775455214.0347617,5,person,0.8880645632743835,1.0,0.06571409106254578,0.7926958799362183
201,1775455214.0347617,6,person,0.9789912700653076,0.6,0.09645318984985352,0.7518627047538757
201,1775455214.0347617,62,person,0.5,0.5,0.5897086262702942,0.5134562849998474
201,1775455214.0347617,2,person,0.5,1.0,0.09181560575962067,0.5637723803520203
201,1775455214.0347617,42,person,0.5,0.5,0.5086605548858643,0.5012990832328796
202,1775455215.7801113,3,person,0.5,0.6,0.08944360911846161,0.46341651678085327
202,1775455215.7801113,7,person,0.5,0.5,0.1708628237247467,0.45062944293022156
202,1775455215.7801113,9,person,0.5,1.0,0.09309757500886917,0.5639646649360657
202,1775455215.7801113,11,person,0.5,0.5,0.11448553949594498,0.4421728551387787
202,1775455215.7801113,37,person,0.5,0.5,0.1882663369178772,0.45323997735977173
202,1775455215.7801113,5,person,0.8671568632125854,1.0,0.05818529054522514,0.7790219187736511
202,1775455215.7801113,6,person,0.9948802590370178,0.6,0.32511281967163086,0.7956950664520264
202,1775455215.7801113,62,person,0.5,0.5,0.4084100127220154,0.4862615168094635
202,1775455215.7801113,2,person,0.5,1.0,0.06430865079164505,0.5596463084220886
202,1775455215.7801113,42,person,0.5,0.5,0.42899709939956665,0.4893495738506317
202,1775455215.7801113,54,person,0.5,0.5,0.09299696981906891,0.4389495551586151
203,1775455217.944466,3,person,0.5,0.6,0.070717453956604,0.4606076180934906
203,1775455217.944466,7,person,0.5,0.5,0.08082328736782074,0.43712350726127625
203,1775455217.944466,9,person,0.5,1.0,0.10051988065242767,0.5650780200958252
203,1775455217.944466,11,person,0.5,0.5,0.026077594608068466,0.42891165614128113
203,1775455217.944466,37,person,0.9358318448066711,1.0,0.10303232818841934,0.8269539475440979
203,1775455217.944466,5,person,0.8709323406219482,1.0,0.10150901228189468,0.7877857685089111
203,1775455217.944466,6,person,0.9618344306945801,0.6,0.18892507255077362,0.7554394602775574
203,1775455217.944466,62,person,0.5,0.5,0.5228936076164246,0.5034340620040894
203,1775455217.944466,2,person,0.5,1.0,0.20228946208953857,0.5803434252738953
203,1775455217.944466,42,person,0.5,0.3,0.46776527166366577,0.4451647996902466
203,1775455217.944466,54,person,0.5,0.5,0.06891905516386032,0.4353378713130951
204,1775455219.9487398,3,person,0.5,0.6,0.10293996334075928,0.4654409885406494
204,1775455219.9487398,7,person,0.5,0.5,0.17008812725543976,0.45051324367523193
204,1775455219.9487398,9,person,0.5,1.0,0.08716658502817154,0.5630750060081482
204,1775455219.9487398,11,person,0.5,0.5,0.04725342616438866,0.4320880174636841
204,1775455219.9487398,37,person,0.8887043595314026,1.0,0.11016422510147095,0.7997472286224365
204,1775455219.9487398,5,person,0.8019998073577881,1.0,0.04584860801696777,0.7380771636962891
204,1775455219.9487398,6,person,0.9548369646072388,0.6,0.21472671627998352,0.7551112174987793
204,1775455219.9487398,62,person,0.5,0.5,0.3648020029067993,0.4797203242778778
204,1775455219.9487398,2,person,0.5,1.0,0.1908939778804779,0.5786340832710266
204,1775455219.9487398,42,person,0.5,0.5,0.36878111958503723,0.4803171753883362
204,1775455219.9487398,54,person,0.5,0.5,0.05434083938598633,0.43315112590789795
205,1775455222.0338647,3,person,0.5,0.6,0.09092219918966293,0.4636383056640625
205,1775455222.0338647,7,person,0.5320888757705688,0.5,0.023378323763608932,0.44776007533073425
205,1775455222.0338647,9,person,0.5,1.0,0.03969920799136162,0.5559548735618591
205,1775455222.0338647,11,person,0.5,0.5,0.054735131561756134,0.4332102835178375
205,1775455222.0338647,37,person,0.9867242574691772,1.0,0.08641158044338226,0.8549963235855103
205,1775455222.0338647,5,person,0.8743749856948853,1.0,0.08633160591125488,0.7875747680664062
205,1775455222.0338647,6,person,0.9919686913490295,0.6,0.1563592255115509,0.768635094165802
205,1775455222.0338647,62,person,0.5,0.5,0.43877744674682617,0.4908166229724884
205,1775455222.0338647,2,person,0.5,1.0,0.2493406981229782,0.5874010920524597
206,1775455223.8203368,3,person,0.5,0.6,0.09825636446475983,0.4647384285926819
206,1775455223.8203368,7,person,0.5,0.5,0.09100677818059921,0.43865102529525757
206,1775455223.8203368,9,person,0.5,1.0,0.17295131087303162,0.5759426951408386
206,1775455223.8203368,11,person,0.5,0.5,0.18361271917819977,0.45254191756248474
206,1775455223.8203368,37,person,0.5,0.5,0.10046090185642242,0.44006913900375366
206,1775455223.8203368,5,person,0.8881753087043762,1.0,0.13455191254615784,0.8030879497528076
206,1775455223.8203368,6,person,0.9651484489440918,0.6,0.1592129021883011,0.7529709935188293
206,1775455223.8203368,62,person,0.5,0.5,0.37403300404548645,0.4811049699783325
206,1775455223.8203368,2,person,0.5,1.0,0.2801942229270935,0.5920291543006897
207,1775455225.4319723,3,person,0.5,0.6,0.15284577012062073,0.4729268550872803
207,1775455225.4319723,7,person,0.65384840965271,0.5,0.10682797431945801,0.5333332419395447
207,1775455225.4319723,9,person,0.5,1.0,0.11631882190704346,0.56744784116745
207,1775455225.4319723,11,person,0.5,0.5,0.1205117255449295,0.4430767595767975
207,1775455225.4319723,37,person,0.5,0.5,0.07528804242610931,0.43629321455955505
207,1775455225.4319723,5,person,0.9189817905426025,1.0,0.15271811187267303,0.8242968320846558
207,1775455225.4319723,6,person,0.9385882616043091,0.6,0.1836995780467987,0.7407078742980957
207,1775455225.4319723,62,person,0.5,0.5,0.39304348826408386,0.48395654559135437
207,1775455225.4319723,2,person,0.5,1.0,0.48279184103012085,0.6224187612533569
208,1775455227.042044,3,person,0.5,0.6,0.1798708289861679,0.47698062658309937
208,1775455227.042044,7,person,0.7672614455223083,0.5,0.1601955145597458,0.6093862056732178
208,1775455227.042044,9,person,0.5,1.0,0.07795445621013641,0.5616931915283203
208,1775455227.042044,11,person,0.5,0.5,0.1644919216632843,0.4496738016605377
208,1775455227.042044,37,person,0.5,0.5,0.13150805234909058,0.44472622871398926
208,1775455227.042044,5,person,0.863156795501709,1.0,0.17882700264453888,0.7947181463241577
208,1775455227.042044,6,person,0.9426665902137756,0.6,0.23905837535858154,0.7514587044715881
208,1775455227.042044,62,person,0.5,0.5,0.4960816502571106,0.49941226840019226
208,1775455227.042044,2,person,0.5,1.0,0.40465959906578064,0.610698938369751
209,1775455228.6055615,3,person,0.5,0.6,0.22766849398612976,0.4841502606868744
209,1775455228.6055615,7,person,0.5,0.5,0.10117115825414658,0.4401756823062897
209,1775455228.6055615,9,person,0.5,1.0,0.10071359574794769,0.5651070475578308
209,1775455228.6055615,11,person,0.5,0.5,0.09259375184774399,0.4388890862464905
209,1775455228.6055615,37,person,0.9740281701087952,1.0,0.07891511917114258,0.8462541699409485
209,1775455228.6055615,5,person,0.8531569242477417,1.0,0.07910682260990143,0.773760199546814
209,1775455228.6055615,6,person,0.9483999609947205,0.6,0.3644857108592987,0.7737128138542175
209,1775455228.6055615,62,person,0.5,0.5,0.4876421391963959,0.49814632534980774
209,1775455228.6055615,2,person,0.5,1.0,0.6077058911323547,0.6411558985710144
210,1775455230.3372533,3,person,0.5,0.6,0.12135080248117447,0.4682026207447052
210,1775455230.3372533,7,person,0.5,0.5,0.11012725532054901,0.4415191113948822
210,1775455230.3372533,9,person,0.5,1.0,0.08116947114467621,0.562175452709198
210,1775455230.3372533,11,person,0.5,0.5,0.08391228318214417,0.43758684396743774
210,1775455230.3372533,37,person,0.9326296448707581,1.0,0.07688166201114655,0.8211100101470947
210,1775455230.3372533,5,person,0.8737942576408386,1.0,0.1406303346157074,0.7953711152076721
210,1775455230.3372533,6,person,0.9528821110725403,0.6,0.2580423653125763,0.7604356408119202
210,1775455230.3372533,62,person,0.5,0.5,0.5065228939056396,0.5009784698486328
210,1775455230.3372533,2,person,0.5,1.0,0.5679927468299866,0.6351989507675171
211,1775455231.9966207,3,person,0.5,0.6,0.11422371864318848,0.4671335518360138
211,1775455231.9966207,7,person,0.5,0.5,0.17972621321678162,0.45195895433425903
211,1775455231.9966207,9,person,0.5,1.0,0.12121383100748062,0.568182110786438
211,1775455231.9966207,11,person,0.5,0.5,0.2160731852054596,0.457410991191864
211,1775455231.9966207,37,person,0.9315448999404907,1.0,0.12023439258337021,0.8269621133804321
211,1775455231.9966207,5,person,0.8311147689819336,1.0,0.172277569770813,0.7745105028152466
211,1775455231.9966207,6,person,0.9371954202651978,0.6,0.47050705552101135,0.7828933000564575
211,1775455231.9966207,62,person,0.5,0.5,0.6679695844650269,0.5251954793930054
211,1775455231.9966207,2,person,0.5,1.0,0.5213471055030823,0.6282020807266235
211,1775455231.9966207,71,person,0.5,0.5,0.0,0.425
212,1775455233.79819,3,person,0.5,0.6,0.1321994662284851,0.4698299169540405
212,1775455233.79819,7,person,0.5,0.5,0.15855295956134796,0.44878295063972473
212,1775455233.79819,9,person,0.5,1.0,0.0715818852186203,0.5607373118400574
212,1775455233.79819,11,person,0.5,0.5,0.20878246426582336,0.45631739497184753
212,1775455233.79819,37,person,0.5,0.5,0.11775648593902588,0.4426634907722473
212,1775455233.79819,5,person,0.8419302701950073,1.0,0.1836847960948944,0.7827109098434448
212,1775455233.79819,6,person,0.9061954617500305,0.6,0.2670745253562927,0.7337784767150879
212,1775455233.79819,62,person,0.5,0.5,0.8056789636611938,0.5458518862724304
212,1775455233.79819,2,person,0.5,1.0,0.9135080575942993,0.6870262622833252
213,1775455235.5573142,3,person,0.5,0.6,0.1690288633108139,0.47535431385040283
213,1775455235.5573142,7,person,0.5,0.5,0.06337469816207886,0.43450620770454407
213,1775455235.5573142,9,person,0.5,1.0,0.06860222667455673,0.5602903366088867
213,1775455235.5573142,11,person,0.5,0.5,0.1333606094121933,0.44500410556793213
213,1775455235.5573142,37,person,0.9010022878646851,1.0,0.06953832507133484,0.8010321259498596
213,1775455235.5573142,5,person,0.83188796043396,1.0,0.0846983939409256,0.7618374824523926
213,1775455235.5573142,6,person,0.9184978008270264,0.6,0.2721982002258301,0.7419283986091614
213,1775455235.5573142,62,person,0.5,0.5,0.8478695750236511,0.5521804690361023
213,1775455235.5573142,2,person,0.5,1.0,0.7500174045562744,0.662502646446228
213,1775455235.5573142,54,person,0.5,0.5,0.12134668976068497,0.44320201873779297
214,1775455237.4075005,3,person,0.5,0.6,0.10994669049978256,0.4664919972419739
214,1775455237.4075005,7,person,0.5,0.5,0.2307744324207306,0.45961618423461914
214,1775455237.4075005,9,person,0.5,1.0,0.13649360835552216,0.5704740285873413
214,1775455237.4075005,11,person,0.5,0.5,0.12297077476978302,0.44344562292099
214,1775455237.4075005,37,person,0.5,1.0,0.11708398163318634,0.5675625801086426
214,1775455237.4075005,5,person,0.7911959886550903,1.0,0.08622284233570099,0.7376510500907898
214,1775455237.4075005,6,person,0.931764543056488,0.6,0.31282752752304077,0.7559828162193298
214,1775455237.4075005,62,person,0.5,1.0,0.8151891827583313,0.6722784042358398
214,1775455237.4075005,2,person,0.5,0.6,0.5853283405303955,0.5377992391586304
214,1775455237.4075005,54,person,0.5,0.5,0.16147147119045258,0.4492207467556
215,1775455239.2646475,3,person,0.5430184602737427,0.6,0.2080882489681244,0.5070242881774902
215,1775455239.2646475,7,person,0.51197749376297,0.5,0.07777715474367142,0.4438530504703522
215,1775455239.2646475,9,person,0.5,1.0,0.13162054121494293,0.5697430968284607
215,1775455239.2646475,11,person,0.5,0.5,0.05052982643246651,0.43257948756217957
215,1775455239.2646475,37,person,0.9366700649261475,1.0,0.08486832678318024,0.8247323036193848
215,1775455239.2646475,5,person,0.8130021691322327,1.0,0.0949675664305687,0.7520464658737183
215,1775455239.2646475,6,person,0.9398255348205566,0.3,0.4054816663265228,0.6997175812721252
215,1775455239.2646475,62,person,0.5,1.0,0.557833731174469,0.6336750984191895
215,1775455239.2646475,2,person,0.5,0.6,0.5600353479385376,0.5340052843093872
216,1775455240.945917,3,person,0.5,0.6,0.15490111708641052,0.473235160112381
216,1775455240.945917,7,person,0.5,0.5,0.05897277593612671,0.4338459372520447
216,1775455240.945917,9,person,0.5,1.0,0.13883790373802185,0.5708256959915161
216,1775455240.945917,11,person,0.5,0.5,0.131794735789299,0.4447692334651947
216,1775455240.945917,37,person,0.9264510273933411,1.0,0.0731533020734787,0.816843569278717
216,1775455240.945917,5,person,0.7707976698875427,1.0,0.13200819492340088,0.7322797775268555
216,1775455240.945917,6,person,0.8978151082992554,0.3,0.4200659394264221,0.6766989827156067
216,1775455240.945917,62,person,0.5,1.0,0.6059253811836243,0.6408888101577759
216,1775455240.945917,2,person,0.5,0.6,0.624932050704956,0.5437397956848145
217,1775455242.7219756,3,person,0.45279574394226074,0.6,0.11269055306911469,0.43858101963996887
217,1775455242.7219756,7,person,0.5,0.5,0.29418712854385376,0.4691280722618103
217,1775455242.7219756,9,person,0.5,1.0,0.09384924173355103,0.5640773773193359
217,1775455242.7219756,11,person,0.5,0.5,0.10241750627756119,0.4403626322746277
217,1775455242.7219756,37,person,0.9866876602172852,1.0,0.12026228755712509,0.8600519299507141
217,1775455242.7219756,5,person,0.8100680112838745,1.0,0.11144338548183441,0.7527573108673096
217,1775455242.7219756,6,person,0.886978030204773,0.6,0.3096885085105896,0.7286401391029358
217,1775455242.7219756,62,person,0.5,1.0,0.5413534045219421,0.6312030553817749
217,1775455242.7219756,2,person,0.5,0.6,0.5042479038238525,0.525637149810791
218,1775455244.3831842,3,person,0.45703625679016113,0.6,0.17559565603733063,0.4505611062049866
218,1775455244.3831842,7,person,0.523672342300415,0.5,0.24080321192741394,0.475323885679245
218,1775455244.3831842,9,person,0.5,1.0,0.06431248784065247,0.5596469044685364
218,1775455244.3831842,11,person,0.5,0.5,0.10398558527231216,0.44059786200523376
218,1775455244.3831842,37,person,0.9672673344612122,1.0,0.13313765823841095,0.8503310680389404
218,1775455244.3831842,5,person,0.8337048888206482,1.0,0.10876278579235077,0.7665373682975769
218,1775455244.3831842,6,person,0.902888834476471,0.6,0.3063611388206482,0.7376874685287476
218,1775455244.3831842,62,person,0.5,1.0,0.3976766765117645,0.609651505947113
218,1775455244.3831842,2,person,0.5,0.6,0.6495629549026489,0.5474344491958618
219,1775455246.113341,3,person,0.5,0.6,0.1468445062637329,0.47202667593955994
219,1775455246.113341,7,person,0.5,0.5,0.12728789448738098,0.4440931975841522
219,1775455246.113341,9,person,0.5,1.0,0.12700171768665314,0.5690502524375916
219,1775455246.113341,11,person,0.5,0.5,0.15257234871387482,0.4478858709335327
219,1775455246.113341,37,person,0.5,1.0,0.1032605767250061,0.5654891133308411
219,1775455246.113341,5,person,0.8243815302848816,1.0,0.11166131496429443,0.7613781094551086
219,1775455246.113341,6,person,0.9023959636688232,0.6,0.2845936715602875,0.734126627445221
219,1775455246.113341,62,person,0.5,1.0,0.26522523164749146,0.589783787727356
219,1775455246.113341,2,person,0.5,0.6,0.28302040696144104,0.49245303869247437
220,1775455248.1176143,3,person,0.5,0.6,0.18215814232826233,0.4773237109184265
220,1775455248.1176143,7,person,0.5351596474647522,0.5,0.14066950976848602,0.4671962261199951
220,1775455248.1176143,9,person,0.5,1.0,0.05754021927714348,0.5586310625076294
220,1775455248.1176143,11,person,0.5,0.5,0.09370698034763336,0.43905606865882874
220,1775455248.1176143,37,person,0.908701479434967,1.0,0.06717370450496674,0.8052969574928284
220,1775455248.1176143,5,person,0.7863938212394714,1.0,0.08582030981779099,0.7347093224525452
220,1775455248.1176143,6,person,0.9211669564247131,0.3,0.23656336963176727,0.663184642791748
220,1775455248.1176143,62,person,0.5,1.0,0.25424322485923767,0.5881364941596985
220,1775455248.1176143,2,person,0.5,0.6,0.4009576737880707,0.5101436376571655
221,1775455250.1328561,3,person,0.5,0.6,0.190114825963974,0.47851720452308655
221,1775455250.1328561,7,person,0.5,0.5,0.2718450427055359,0.4657767713069916
221,1775455250.1328561,9,person,0.5,1.0,0.0946885496377945,0.5642033219337463
221,1775455250.1328561,11,person,0.5,0.3,0.07658936828374863,0.3864884078502655
221,1775455250.1328561,37,person,0.8880268335342407,1.0,0.09913907200098038,0.7976869940757751
221,1775455250.1328561,5,person,0.8191813230514526,1.0,0.11909884214401245,0.7593736052513123
221,1775455250.1328561,6,person,0.9394715428352356,0.6,0.1861095130443573,0.7415993809700012
221,1775455250.1328561,62,person,0.5,1.0,0.2028142511844635,0.5804221630096436
221,1775455250.1328561,2,person,0.5,0.3,0.3233307898044586,0.42349961400032043
222,1775455251.9868054,3,person,0.5,0.6,0.24527713656425476,0.48679155111312866
222,1775455251.9868054,7,person,0.5,0.5,0.09717974066734314,0.43957698345184326
222,1775455251.9868054,9,person,0.5,1.0,0.06877219676971436,0.5603158473968506
222,1775455251.9868054,11,person,0.5,0.5,0.0853976458311081,0.43780964612960815
222,1775455251.9868054,37,person,0.9789078831672668,1.0,0.13770778477191925,0.8580008745193481
222,1775455251.9868054,5,person,0.811169445514679,1.0,0.08662080019712448,0.7496947646141052
222,1775455251.9868054,6,person,0.9320899844169617,0.3,0.2782147526741028,0.6759861707687378
222,1775455251.9868054,62,person,0.5,1.0,0.1353699117898941,0.5703055262565613
222,1775455251.9868054,2,person,0.5,0.6,0.24480673670768738,0.486721009016037
223,1775455253.6266682,3,person,0.5,0.3,0.18304796516895294,0.40245720744132996
223,1775455253.6266682,7,person,0.5,0.5,0.21254229545593262,0.4568813443183899
223,1775455253.6266682,9,person,0.5,1.0,0.1044192761182785,0.5656629204750061
223,1775455253.6266682,11,person,0.5,0.5,0.13409116864204407,0.4451136887073517
223,1775455253.6266682,37,person,0.9070641994476318,1.0,0.0711229145526886,0.804906964302063
223,1775455253.6266682,5,person,0.8325979709625244,1.0,0.13691376149654388,0.7700958847999573
223,1775455253.6266682,6,person,0.9173466563224792,0.3,0.30080240964889526,0.6705283522605896
223,1775455253.6266682,62,person,0.5,1.0,0.08195341378450394,0.5622930526733398
223,1775455253.6266682,2,person,0.5,0.6,0.3248648941516876,0.49872973561286926
224,1775455255.3183908,3,person,0.5,0.3,0.20245997607707977,0.40536898374557495
224,1775455255.3183908,7,person,0.5,0.5,0.168199360370636,0.4502299129962921
224,1775455255.3183908,9,person,0.5,1.0,0.12633012235164642,0.5689495205879211
224,1775455255.3183908,11,person,0.5,0.5,0.13310834765434265,0.44496625661849976
224,1775455255.3183908,37,person,0.8923708200454712,1.0,0.056175630539655685,0.7938488721847534
224,1775455255.3183908,5,person,0.834540605545044,1.0,0.07302345335483551,0.7616779208183289
224,1775455255.3183908,6,person,0.9161784052848816,0.3,0.12392963469028473,0.643296480178833
224,1775455255.3183908,62,person,0.5,1.0,0.07181631773710251,0.5607724785804749
224,1775455255.3183908,2,person,0.5,0.6,0.2608986496925354,0.4891347885131836
225,1775455257.0492342,3,person,0.5286141633987427,0.6,0.1046946793794632,0.48287272453308105
225,1775455257.0492342,7,person,0.5,0.5,0.2100926637649536,0.456513911485672
225,1775455257.0492342,9,person,0.5,1.0,0.11461737006902695,0.5671926140785217
225,1775455257.0492342,11,person,0.5,0.5,0.20171844959259033,0.455257773399353
225,1775455257.0492342,37,person,0.963394045829773,1.0,0.08911239355802536,0.8414033055305481
225,1775455257.0492342,5,person,0.8680542707443237,1.0,0.12528881430625916,0.789625883102417
225,1775455257.0492342,6,person,0.9496243000030518,0.3,0.1245642676949501,0.6634591817855835
225,1775455257.0492342,62,person,0.5,1.0,0.14525571465492249,0.5717883706092834
225,1775455257.0492342,2,person,0.5,0.6,0.160822331905365,0.4741233289241791
226,1775455258.7687235,3,person,0.5263426303863525,0.6,0.19033941626548767,0.49435651302337646
226,1775455258.7687235,7,person,0.5,0.5,0.12987440824508667,0.44448116421699524
226,1775455258.7687235,9,person,0.5,1.0,0.06086920574307442,0.5591303706169128
226,1775455258.7687235,11,person,0.5,0.5,0.10897661745548248,0.44134649634361267
226,1775455258.7687235,37,person,0.9237697720527649,1.0,0.07477530092000961,0.8154781460762024
226,1775455258.7687235,5,person,0.8679562211036682,1.0,0.1911548376083374,0.7994469404220581
226,1775455258.7687235,6,person,0.9545173048973083,0.3,0.15209423005580902,0.670524537563324
226,1775455258.7687235,62,person,0.5,1.0,0.23674598336219788,0.5855119228363037
226,1775455258.7687235,2,person,0.5,0.6,0.16706861555576324,0.47506028413772583
227,1775455260.442909,3,person,0.4895665645599365,0.6,0.22646065056324005,0.4777090549468994
227,1775455260.442909,7,person,0.5,0.5,0.08970025926828384,0.4384550452232361
227,1775455260.442909,9,person,0.5,1.0,0.15114879608154297,0.5726723074913025
227,1775455260.442909,11,person,0.5,0.5,0.14577707648277283,0.44686657190322876
227,1775455260.442909,37,person,0.9524589776992798,1.0,0.1424155831336975,0.8428377509117126
227,1775455260.442909,5,person,0.8823936581611633,1.0,0.12460194528102875,0.7981264591217041
227,1775455260.442909,6,person,0.93445885181427,0.3,0.23774051666259766,0.6713364124298096
227,1775455260.442909,62,person,0.5,1.0,0.1794893592596054,0.5769234299659729
227,1775455260.442909,2,person,0.5,0.3,0.20829398930072784,0.40624409914016724
228,1775455262.1750922,3,person,0.49862200021743774,0.6,0.17720824480056763,0.47575443983078003
228,1775455262.1750922,7,person,0.5,0.5,0.11207373440265656,0.44181108474731445
228,1775455262.1750922,9,person,0.5,1.0,0.11354213953018188,0.5670313239097595
228,1775455262.1750922,11,person,0.5,0.5,0.11766497790813446,0.4426497519016266
228,1775455262.1750922,37,person,0.9751914143562317,1.0,0.12088106572628021,0.8532469868659973
228,1775455262.1750922,5,person,0.8958089351654053,1.0,0.12430350482463837,0.8061308860778809
228,1775455262.1750922,6,person,0.93204665184021,0.3,0.11623232066631317,0.6516628265380859
228,1775455262.1750922,62,person,0.5,1.0,0.17488333582878113,0.5762324929237366
228,1775455262.1750922,2,person,0.5,0.3,0.3128502368927002,0.4219275414943695
229,1775455263.8798518,3,person,0.4124343991279602,0.6,0.17899379134178162,0.42430970072746277
229,1775455263.8798518,7,person,0.5,0.5,0.1552242636680603,0.4482836425304413
229,1775455263.8798518,9,person,0.5,1.0,0.032162826508283615,0.5548244118690491
229,1775455263.8798518,11,person,0.5,0.5,0.12475190311670303,0.4437128007411957
229,1775455263.8798518,37,person,0.9390884637832642,1.0,0.10381434112787247,0.8290252089500427
229,1775455263.8798518,5,person,0.8412601947784424,1.0,0.09723274409770966,0.769340991973877
229,1775455263.8798518,6,person,0.9278966188430786,0.6,0.3004596531391144,0.7518069744110107
229,1775455263.8798518,62,person,0.5,1.0,0.1791837066411972,0.5768775939941406
229,1775455263.8798518,2,person,0.5,0.3,0.2272677719593048,0.40909016132354736
230,1775455265.5558317,3,person,0.44541019201278687,0.6,0.14025333523750305,0.43828409910202026
230,1775455265.5558317,7,person,0.5,0.5,0.055560845881700516,0.4333341419696808
230,1775455265.5558317,9,person,0.5,1.0,0.1710021048784256,0.5756503343582153
230,1775455265.5558317,11,person,0.5,0.5,0.08935598284006119,0.4384033977985382
230,1775455265.5558317,37,person,0.9251187443733215,1.0,0.1380424201488495,0.8257775902748108
230,1775455265.5558317,5,person,0.8093510866165161,1.0,0.06906640529632568,0.745970606803894
230,1775455265.5558317,6,person,0.9251260757446289,0.6,0.23970095813274384,0.741030752658844
230,1775455265.5558317,62,person,0.5,1.0,0.16781102120876312,0.5751716494560242
230,1775455265.5558317,2,person,0.5,0.3,0.4025208353996277,0.43537813425064087
230,1775455265.5558317,54,person,0.5,0.5,0.1762087643146515,0.4514313340187073
231,1775455267.3852162,3,person,0.42427611351013184,0.6,0.17781049013137817,0.43123725056648254
231,1775455267.3852162,7,person,0.5,0.5,0.1244720071554184,0.4436708092689514
231,1775455267.3852162,9,person,0.5,1.0,0.08115579187870026,0.5621733665466309
231,1775455267.3852162,11,person,0.5,0.5,0.0834636390209198,0.43751955032348633
231,1775455267.3852162,37,person,0.9271128177642822,1.0,0.07883290946483612,0.8180926442146301
231,1775455267.3852162,5,person,0.8208776712417603,1.0,0.1697741597890854,0.7679927349090576
231,1775455267.3852162,6,person,0.8986740112304688,0.6,0.1360306590795517,0.7096089720726013
231,1775455267.3852162,62,person,0.5,1.0,0.12193026393651962,0.568289577960968
231,1775455267.3852162,2,person,0.5,0.3,0.19931194186210632,0.4048967957496643
231,1775455267.3852162,54,person,0.5,0.5,0.07826117426156998,0.4367391765117645
232,1775455269.2370567,3,person,0.5,0.6,0.15106931328773499,0.4726603925228119
232,1775455269.2370567,7,person,0.5,0.5,0.12884598970413208,0.44432690739631653
232,1775455269.2370567,9,person,0.5,1.0,0.141707643866539,0.571256160736084
232,1775455269.2370567,11,person,0.5,0.5,0.044403888285160065,0.43166059255599976
232,1775455269.2370567,37,person,0.9216076135635376,1.0,0.11138279736042023,0.8196719884872437
232,1775455269.2370567,5,person,0.8554093241691589,1.0,0.11657120287418365,0.7807312607765198
232,1775455269.2370567,6,person,0.8798253536224365,0.6,0.08690541237592697,0.6909310221672058
232,1775455269.2370567,62,person,0.5,1.0,0.07952098548412323,0.5619281530380249
232,1775455269.2370567,2,person,0.5,0.3,0.22342078387737274,0.4085131287574768
232,1775455269.2370567,54,person,0.5,0.5,0.10412247478961945,0.4406183958053589
233,1775455271.3191855,3,person,0.5,0.6,0.13860586285591125,0.4707908630371094
233,1775455271.3191855,7,person,0.5,0.5,0.12296426296234131,0.4434446394443512
233,1775455271.3191855,9,person,0.5,1.0,0.14649781584739685,0.5719746947288513
233,1775455271.3191855,11,person,0.5,0.5,0.14950355887413025,0.4474255442619324
233,1775455271.3191855,37,person,0.5,1.0,0.05487499758601189,0.5582312345504761
233,1775455271.3191855,5,person,0.8287655711174011,1.0,0.1287035197019577,0.7665648460388184
233,1775455271.3191855,6,person,0.8997223973274231,0.6,0.19123618304729462,0.7185189127922058
233,1775455271.3191855,62,person,0.5,1.0,0.1295822113752365,0.5694373250007629
233,1775455271.3191855,2,person,0.5,0.3,0.10731855779886246,0.3910977840423584
233,1775455271.3191855,54,person,0.5,0.5,0.04330053925514221,0.4314951002597809
234,1775455273.3530507,3,person,0.5408628582954407,0.6,0.1334046721458435,0.4945284128189087
234,1775455273.3530507,7,person,0.7243693470954895,0.5,0.06303603947162628,0.5690770149230957
234,1775455273.3530507,9,person,0.5,1.0,0.16506224870681763,0.5747593641281128
234,1775455273.3530507,11,person,0.5,0.3,0.16564103960990906,0.3998461663722992
234,1775455273.3530507,37,person,0.5,1.0,0.1009742021560669,0.5651461482048035
234,1775455273.3530507,5,person,0.8179693222045898,1.0,0.08285074681043625,0.7532092332839966
234,1775455273.3530507,6,person,0.8914769887924194,0.6,0.1305941790342331,0.7044753432273865
234,1775455273.3530507,62,person,0.5,1.0,0.2274392545223236,0.5841159224510193
234,1775455273.3530507,2,person,0.5,0.3,0.23343928158283234,0.41001588106155396
235,1775455275.2058973,3,person,0.6519566774368286,0.6,0.155674546957016,0.5645251870155334
235,1775455275.2058973,7,person,0.5,0.5,0.08147537708282471,0.43722131848335266
235,1775455275.2058973,9,person,0.5,1.0,0.10485003143548965,0.5657275319099426
235,1775455275.2058973,11,person,0.5,0.5,0.17059651017189026,0.45058947801589966
235,1775455275.2058973,37,person,0.9039645195007324,1.0,0.10822419822216034,0.8086123466491699
235,1775455275.2058973,5,person,0.8981186747550964,1.0,0.18340161442756653,0.8163814544677734
235,1775455275.2058973,6,person,0.8689354062080383,0.6,0.1231566071510315,0.6898347735404968
235,1775455275.2058973,62,person,0.5,1.0,0.39753609895706177,0.6096304059028625
235,1775455275.2058973,2,person,0.5,0.3,0.1957705318927765,0.40436556935310364
236,1775455276.784933,3,person,0.5940982699394226,0.6,0.1561225801706314,0.5298773050308228
236,1775455276.784933,7,person,0.5,0.5,0.0907660573720932,0.43861493468284607
236,1775455276.784933,9,person,0.5,1.0,0.08412481099367142,0.5626187324523926
236,1775455276.784933,11,person,0.5,0.5,0.11220536381006241,0.4418308138847351
236,1775455276.784933,37,person,0.9795947670936584,1.0,0.09649873524904251,0.8522316813468933
236,1775455276.784933,5,person,0.8971555829048157,1.0,0.11759549379348755,0.8059327006340027
236,1775455276.784933,6,person,0.8614839315414429,0.6,0.13217845559120178,0.68671715259552
236,1775455276.784933,62,person,0.5,1.0,0.26801714301109314,0.5902025699615479
236,1775455276.784933,2,person,0.5,0.3,0.08061613142490387,0.3870924115180969
237,1775455278.467713,3,person,0.576616644859314,0.6,0.2278767079114914,0.5301514863967896
237,1775455278.467713,7,person,0.5,0.5,0.05002182722091675,0.43250328302383423
237,1775455278.467713,9,person,0.9911466836929321,1.0,0.08714345842599869,0.8577595353126526
237,1775455278.467713,11,person,0.5,0.5,0.07632650434970856,0.43644899129867554
237,1775455278.467713,37,person,0.9436636567115784,1.0,0.1000436395406723,0.8312047123908997
237,1775455278.467713,5,person,0.9398917555809021,1.0,0.11102159321308136,0.8305882811546326
237,1775455278.467713,6,person,0.8907007575035095,0.6,0.1347070187330246,0.7046265006065369
237,1775455278.467713,62,person,0.5,1.0,0.4851611256599426,0.6227741837501526
237,1775455278.467713,2,person,0.5,0.3,0.3162500560283661,0.42243751883506775
238,1775455280.0866423,3,person,0.5,0.6,0.1594543159008026,0.4739181399345398
238,1775455280.0866423,7,person,0.5,0.5,0.10924968868494034,0.44138747453689575
238,1775455280.0866423,9,person,0.5,1.0,0.15500465035438538,0.5732507109642029
238,1775455280.0866423,11,person,0.5,0.5,0.21992862224578857,0.45798930525779724
238,1775455280.0866423,37,person,0.9554003477096558,1.0,0.10914720594882965,0.8396123051643372
238,1775455280.0866423,5,person,0.9697216153144836,1.0,0.1404622495174408,0.8529022932052612
238,1775455280.0866423,6,person,0.8872323632240295,0.6,0.17269167304039001,0.708243191242218
238,1775455280.0866423,62,person,0.5,1.0,0.5225977897644043,0.6283897161483765
238,1775455280.0866423,2,person,0.5,0.3,0.26973071694374084,0.41545960307121277
239,1775455281.7238135,3,person,0.4716801643371582,0.3,0.23413828015327454,0.3931288421154022
239,1775455281.7238135,7,person,0.5,0.5,0.1672438532114029,0.4500865936279297
239,1775455281.7238135,9,person,0.5,1.0,0.22817936539649963,0.5842269062995911
239,1775455281.7238135,11,person,0.5,0.5,0.09357743710279465,0.43903663754463196
239,1775455281.7238135,37,person,0.9935948252677917,1.0,0.14440275728702545,0.8678172826766968
239,1775455281.7238135,5,person,0.9309127330780029,1.0,0.16210845112800598,0.8328638672828674
239,1775455281.7238135,6,person,0.8964676856994629,0.6,0.3817835748195648,0.7451481819152832
239,1775455281.7238135,62,person,0.5,1.0,0.659105658531189,0.6488658785820007
239,1775455281.7238135,2,person,0.5,0.3,0.40367212891578674,0.4355508089065552
240,1775455283.3449552,3,person,0.5,0.6,0.3504830002784729,0.5025724172592163
240,1775455283.3449552,7,person,0.5,0.5,0.10822050273418427,0.4412330985069275
240,1775455283.3449552,9,person,0.5,1.0,0.1110256090760231,0.566653847694397
240,1775455283.3449552,11,person,0.5,0.5,0.20636096596717834,0.4559541642665863
240,1775455283.3449552,37,person,0.9761472344398499,1.0,0.07133080065250397,0.8463879823684692
240,1775455283.3449552,5,person,0.9504497051239014,1.0,0.09574441611766815,0.8346315026283264
240,1775455283.3449552,6,person,0.9157173037528992,0.6,0.20229700207710266,0.7297749519348145
240,1775455283.3449552,62,person,0.5,0.5,0.8254402875900269,0.5488160848617554
240,1775455283.3449552,2,person,0.5,0.3,0.5632055401802063,0.45948082208633423
241,1775455284.9951086,3,person,0.5,0.3,0.20908915996551514,0.4063633680343628
241,1775455284.9951086,7,person,0.5,0.5,0.09561605006456375,0.4393424093723297
241,1775455284.9951086,9,person,0.9755519032478333,1.0,0.15001285076141357,0.8578330874443054
241,1775455284.9951086,11,person,0.5,0.6,0.20278561115264893,0.48041781783103943
241,1775455284.9951086,37,person,0.914341390132904,1.0,0.17583400011062622,0.8249799609184265
241,1775455284.9951086,5,person,0.9299384355545044,1.0,0.11089670658111572,0.8245975971221924
241,1775455284.9951086,6,person,0.8619105815887451,0.6,0.23267428576946259,0.7020474672317505
241,1775455284.9951086,62,person,0.5,0.5,0.7777140736579895,0.5416571497917175
241,1775455284.9951086,2,person,0.5,0.3,0.686419665813446,0.4779629707336426
241,1775455284.9951086,54,person,0.5,0.5,0.2456865757703781,0.4618529975414276
242,1775455286.9098394,3,person,0.5383424758911133,0.3,0.27331551909446716,0.4390028119087219
242,1775455286.9098394,7,person,0.5,0.5,0.19619598984718323,0.45442941784858704
242,1775455286.9098394,9,person,0.9922875761985779,1.0,0.1522034853696823,0.8682031035423279
242,1775455286.9098394,11,person,0.5,0.5,0.1706903874874115,0.45060357451438904
242,1775455286.9098394,37,person,0.9210761189460754,1.0,0.12712326645851135,0.8217141628265381
242,1775455286.9098394,5,person,0.9868160486221313,1.0,0.22631677985191345,0.8760371804237366
242,1775455286.9098394,6,person,0.8519672155380249,0.6,0.21508558094501495,0.6934431791305542
242,1775455286.9098394,62,person,0.5,0.5,0.8656970262527466,0.5548545718193054
242,1775455286.9098394,2,person,0.5,0.6,0.5253673791885376,0.5288050770759583
243,1775455288.5941455,3,person,0.5,0.3,0.3784198462963104,0.4317629933357239
243,1775455288.5941455,7,person,0.5,0.5,0.18936456739902496,0.4534046947956085
243,1775455288.5941455,9,person,0.9764644503593445,1.0,0.08924436569213867,0.8492653369903564
243,1775455288.5941455,11,person,0.5,0.5,0.11741216480731964,0.44261184334754944
243,1775455288.5941455,37,person,0.8687416911125183,1.0,0.09386865794658661,0.785325288772583
243,1775455288.5941455,5,person,0.9776695370674133,1.0,0.07626665383577347,0.8480417132377625
243,1775455288.5941455,6,person,0.8861261606216431,0.6,0.3069506287574768,0.7277182936668396
243,1775455288.5941455,62,person,0.5,0.5,1.0,0.575
243,1775455288.5941455,2,person,0.5,0.6,0.717732310295105,0.5576598644256592
244,1775455290.3406196,3,person,0.5,0.3,0.4446919560432434,0.44170379638671875
244,1775455290.3406196,7,person,0.5,0.5,0.10421490669250488,0.44063225388526917
244,1775455290.3406196,9,person,0.5,1.0,0.0605090968310833,0.5590763688087463
244,1775455290.3406196,11,person,0.5,0.5,0.20477774739265442,0.45571666955947876
244,1775455290.3406196,37,person,0.9087846875190735,1.0,0.16279667615890503,0.8196902871131897
244,1775455290.3406196,5,person,0.9644889235496521,1.0,0.15448375046253204,0.8518658876419067
244,1775455290.3406196,6,person,0.8314733505249023,0.6,0.5008090138435364,0.7240053415298462
244,1775455290.3406196,62,person,0.5,0.5,1.0,0.575
244,1775455290.3406196,2,person,0.5,0.6,0.8979836702346802,0.5846975445747375
245,1775455292.2367322,3,person,0.5,0.3,0.4280758798122406,0.439211368560791
245,1775455292.2367322,7,person,0.5,0.5,0.15492400527000427,0.4482386112213135
245,1775455292.2367322,9,person,0.5,1.0,0.09117498248815536,0.5636762380599976
245,1775455292.2367322,11,person,0.5,0.5,0.07724849134683609,0.43658727407455444
245,1775455292.2367322,37,person,0.5,1.0,0.1960723102092743,0.5794108510017395
245,1775455292.2367322,5,person,0.9601595997810364,1.0,0.09697257727384567,0.8406416177749634
245,1775455292.2367322,6,person,0.8985604047775269,0.6,0.27349528670310974,0.7301605343818665
245,1775455292.2367322,62,person,0.5,0.5,0.6970592141151428,0.5295588970184326
245,1775455292.2367322,2,person,0.5,0.6,0.5442017316818237,0.531630277633667
246,1775455293.9906323,3,person,0.5,0.5,0.37530723214149475,0.4812960922718048
246,1775455293.9906323,7,person,0.5,0.5,0.11136277765035629,0.4417044222354889
246,1775455293.9906323,9,person,0.9958551526069641,1.0,0.06668619066476822,0.8575159907341003
246,1775455293.9906323,11,person,0.5,0.5,0.36617180705070496,0.4799257814884186
246,1775455293.9906323,37,person,0.8856763243675232,1.0,0.23892733454704285,0.8172448873519897
246,1775455293.9906323,5,person,0.9290904998779297,1.0,0.10425553470849991,0.8230926394462585
246,1775455293.9906323,6,person,0.9174887537956238,0.6,0.2793770432472229,0.7423998117446899
246,1775455293.9906323,62,person,0.5,0.5,0.7168715000152588,0.5325307250022888
246,1775455293.9906323,2,person,0.5,0.3,0.5438347458839417,0.4565752148628235
247,1775455295.6834962,3,person,0.5,0.5,0.3468521237373352,0.4770278334617615
247,1775455295.6834962,7,person,0.5,0.5,0.261699378490448,0.4642549157142639
247,1775455295.6834962,9,person,0.5,1.0,0.1921924352645874,0.5788288712501526
247,1775455295.6834962,11,person,0.5,0.5,0.126283198595047,0.44394248723983765
247,1775455295.6834962,37,person,0.892341136932373,1.0,0.20977351069450378,0.8168706893920898
247,1775455295.6834962,5,person,0.9218559265136719,1.0,0.17612603306770325,0.8295325040817261
247,1775455295.6834962,6,person,0.8820393085479736,0.6,0.2333216667175293,0.7142218351364136
247,1775455295.6834962,62,person,0.5,0.5,0.6758983731269836,0.5263847708702087
247,1775455295.6834962,2,person,0.5,0.6,1.0,0.6
248,1775455297.2456393,3,person,0.5,0.5,0.4385964274406433,0.4907894730567932
248,1775455297.2456393,7,person,0.5,0.5,0.14838840067386627,0.44725826382637024
248,1775455297.2456393,9,person,0.5,1.0,0.10968197882175446,0.5664523243904114
248,1775455297.2456393,11,person,0.5,0.5,0.2558979094028473,0.4633846879005432
248,1775455297.2456393,37,person,0.9148191809654236,1.0,0.11308933794498444,0.8158549070358276
248,1775455297.2456393,5,person,0.936740517616272,1.0,0.12268159538507462,0.8304465413093567
248,1775455297.2456393,6,person,0.8823557496070862,0.6,0.2519674301147461,0.7172085642814636
248,1775455297.2456393,2,person,0.5,0.5,0.7337778210639954,0.5350666642189026
248,1775455297.2456393,54,person,0.5,0.5,0.27658796310424805,0.46648821234703064
249,1775455298.9406917,3,person,0.5,0.5,0.41820254921913147,0.48773038387298584
249,1775455298.9406917,7,person,0.5,0.5,0.060178615152835846,0.4340268075466156
249,1775455298.9406917,9,person,0.5,1.0,0.07251349836587906,0.5608770251274109
249,1775455298.9406917,11,person,0.5,0.5,0.30934202671051025,0.4714013338088989
249,1775455298.9406917,37,person,0.9895355701446533,1.0,0.1673719584941864,0.8688271045684814
249,1775455298.9406917,5,person,0.9816673398017883,1.0,0.10996143519878387,0.8554946184158325
249,1775455298.9406917,6,person,0.8624204397201538,0.6,0.18113674223423004,0.694622814655304
249,1775455298.9406917,2,person,0.5,0.5,0.338556706905365,0.4757835268974304
250,1775455300.3795578,3,person,0.5,0.6,0.3463042080402374,0.5019456148147583
250,1775455300.3795578,7,person,0.5,0.5,0.11406639963388443,0.44210997223854065
250,1775455300.3795578,9,person,0.5,1.0,0.1821737140417099,0.5773260593414307
250,1775455300.3795578,11,person,0.5,0.5,0.15538206696510315,0.4483073353767395
250,1775455300.3795578,37,person,0.9851024150848389,1.0,0.23833675682544708,0.8768119812011719
250,1775455300.3795578,5,person,0.9319400191307068,1.0,0.6573408842086792,0.9077651500701904
250,1775455300.3795578,6,person,0.9027480483055115,0.6,0.12800996005535126,0.7108503580093384
250,1775455300.3795578,2,person,0.5,0.5,0.2595171332359314,0.46392756700515747
250,1775455300.3795578,79,person,0.5,0.5,0.0,0.425
250,1775455300.3795578,54,person,0.5,0.5,0.12115006148815155,0.44317251443862915
251,1775455302.1404583,3,person,0.5,0.3,0.31884509325027466,0.42282676696777344
251,1775455302.1404583,7,person,0.5,0.5,0.1264955848455429,0.4439743459224701
251,1775455302.1404583,9,person,0.9160932898521423,1.0,0.10320452600717545,0.8151366710662842
251,1775455302.1404583,11,person,0.5,0.5,0.24089482426643372,0.4611342251300812
251,1775455302.1404583,37,person,0.9841094613075256,1.0,0.17848458886146545,0.8672383427619934
251,1775455302.1404583,5,person,0.9565168023109436,1.0,0.9111961126327515,0.9605894684791565
251,1775455302.1404583,6,person,0.8782342672348022,0.6,0.268059104681015,0.7171494364738464
251,1775455302.1404583,2,person,0.5,0.5,0.48542460799217224,0.49781370162963867
251,1775455302.1404583,79,person,0.5,0.5,0.5276526212692261,0.5041478872299194
252,1775455303.7421875,3,person,0.5,0.3,0.34010952711105347,0.4260164201259613
252,1775455303.7421875,7,person,0.5,0.5,0.19885113835334778,0.4548276960849762
252,1775455303.7421875,9,person,0.5,1.0,0.05924485996365547,0.5588867664337158
252,1775455303.7421875,11,person,0.5,0.5,0.1258988082408905,0.44388484954833984
252,1775455303.7421875,37,person,0.8948608636856079,1.0,1.0,0.9369165182113648
252,1775455303.7421875,5,person,0.9469204545021057,1.0,0.8817588686943054,0.950416088104248
252,1775455303.7421875,6,person,0.9043862819671631,0.6,0.15722063183784485,0.7162148952484131
252,1775455303.7421875,2,person,0.5,0.5,0.21913468837738037,0.457870215177536
252,1775455303.7421875,79,person,0.5,0.5,0.9207220077514648,0.5631083250045776
253,1775455305.4587262,3,person,0.5,0.5,0.20768900215625763,0.45615336298942566
253,1775455305.4587262,7,person,0.5,0.5,0.10406637191772461,0.44060996174812317
253,1775455305.4587262,9,person,0.5,1.0,0.11285670101642609,0.566928505897522
253,1775455305.4587262,11,person,0.5,0.5,0.14002035558223724,0.4460030794143677
253,1775455305.4587262,37,person,0.8612454533576965,1.0,1.0,0.9167472720146179
253,1775455305.4587262,5,person,0.963859498500824,1.0,0.8510745167732239,0.9559768438339233
253,1775455305.4587262,6,person,0.8550884127616882,0.6,0.26195546984672546,0.7023463845252991
253,1775455305.4587262,2,person,0.5,1.0,0.19751307368278503,0.5796269774436951
253,1775455305.4587262,79,person,0.5,0.5,1.0,0.575
253,1775455305.4587262,54,person,0.5,0.5,0.11014912277460098,0.44152238965034485
254,1775455307.1318283,3,person,0.5,0.3,0.18223890662193298,0.4023358225822449
254,1775455307.1318283,7,person,0.5,0.5,0.18806174397468567,0.4532092809677124
254,1775455307.1318283,9,person,0.5,1.0,0.14051379263401031,0.5710771083831787
254,1775455307.1318283,11,person,0.5,0.5,0.1082698330283165,0.44124048948287964
254,1775455307.1318283,37,person,0.8715941309928894,1.0,0.26956871151924133,0.8133918046951294
254,1775455307.1318283,5,person,0.997397780418396,1.0,0.823370635509491,0.971944272518158
254,1775455307.1318283,6,person,0.8778846859931946,0.6,0.1114954724907875,0.693455159664154
254,1775455307.1318283,2,person,0.5,1.0,0.20292958617210388,0.5804394483566284
254,1775455307.1318283,79,person,0.5,0.5,0.9870425462722778,0.5730563998222351
255,1775455308.832858,3,person,0.5,0.5,0.16432277858257294,0.4496484398841858
255,1775455308.832858,7,person,0.5,0.5,0.21279343962669373,0.45691901445388794
255,1775455308.832858,9,person,0.5,1.0,0.1854744255542755,0.5778211951255798
255,1775455308.832858,11,person,0.5,0.5,0.1417820155620575,0.446267306804657
255,1775455308.832858,37,person,0.9314557909965515,1.0,0.35864099860191345,0.8626696467399597
255,1775455308.832858,5,person,0.5,0.5,0.7343502044677734,0.5351525545120239
255,1775455308.832858,6,person,0.9071612358093262,0.6,0.1103978157043457,0.7108563780784607
255,1775455308.832858,2,person,0.5,0.5,0.331162691116333,0.47467440366744995
255,1775455308.832858,79,person,0.5,0.5,0.9262335896492004,0.5639350414276123
255,1775455308.832858,82,person,0.5,0.5,0.0,0.425
256,1775455310.4991996,3,person,0.5,0.5,0.24023942649364471,0.46103593707084656
256,1775455310.4991996,7,person,0.5,0.5,0.17418797314167023,0.451128214597702
256,1775455310.4991996,9,person,0.5,1.0,0.1773460954427719,0.5766019225120544
256,1775455310.4991996,11,person,0.5,0.5,0.1274440884590149,0.44411662220954895
256,1775455310.4991996,37,person,0.9105830192565918,1.0,0.2319273054599762,0.8311389088630676
256,1775455310.4991996,5,person,0.5,0.5,0.6771734952926636,0.526576042175293
256,1775455310.4991996,6,person,0.8918012380599976,0.6,0.12350374460220337,0.7036063075065613
256,1775455310.4991996,2,person,0.5,0.5,0.2983570694923401,0.46975356340408325
256,1775455310.4991996,79,person,0.5,0.5,0.8551236391067505,0.553268551826477
256,1775455310.4991996,82,person,0.5,0.5,0.49661827087402344,0.4994927644729614
257,1775455312.148248,3,person,0.5,0.5,0.2084038257598877,0.4562605917453766
257,1775455312.148248,7,person,0.5,0.6,0.17442193627357483,0.47616326808929443
257,1775455312.148248,9,person,0.5,1.0,0.0782003253698349,0.5617300868034363
257,1775455312.148248,11,person,0.5,0.5,0.0860791951417923,0.43791189789772034
257,1775455312.148248,37,person,0.9241159558296204,1.0,0.4244612157344818,0.8681387901306152
257,1775455312.148248,5,person,0.5,0.5,0.7320889830589294,0.5348133444786072
257,1775455312.148248,6,person,0.5,0.6,0.13516169786453247,0.4702742397785187
257,1775455312.148248,2,person,0.5,0.5,0.30626076459884644,0.47093912959098816
257,1775455312.148248,79,person,0.5,0.5,0.985366940498352,0.5728050470352173
258,1775455313.7311504,3,person,0.5,0.5,0.3243457078933716,0.4736518859863281
258,1775455313.7311504,7,person,0.5,0.6,0.164163738489151,0.47462454438209534
258,1775455313.7311504,9,person,0.5,1.0,0.06365934759378433,0.5595489144325256
258,1775455313.7311504,11,person,0.5,0.5,0.08225174993276596,0.4373377859592438
258,1775455313.7311504,37,person,0.8984782695770264,1.0,0.5534074306488037,0.8720980882644653
258,1775455313.7311504,5,person,0.5,0.5,0.7117097973823547,0.5317564606666565
258,1775455313.7311504,6,person,0.9655728340148926,0.6,0.2779303193092346,0.7710332870483398
258,1775455313.7311504,2,person,0.5,0.5,0.3885636627674103,0.4832845628261566
258,1775455313.7311504,79,person,0.5,0.5,0.9856683611869812,0.5728502869606018
258,1775455313.7311504,82,person,0.5,1.0,1.0,0.7000000000000001
259,1775455315.3719895,3,person,0.5,0.5,0.2757827043533325,0.4663674235343933
259,1775455315.3719895,7,person,0.5,0.5,0.1914113163948059,0.45371171832084656
259,1775455315.3719895,9,person,0.5,1.0,0.11421861499547958,0.567132830619812
259,1775455315.3719895,11,person,0.5,0.5,0.12261265516281128,0.44339191913604736
259,1775455315.3719895,37,person,0.9251628518104553,1.0,0.5726776123046875,0.8909993171691895
259,1775455315.3719895,5,person,0.5,0.5,0.530797004699707,0.5046195983886719
259,1775455315.3719895,6,person,0.9472833871841431,0.6,0.2794618308544159,0.7602893114089966
259,1775455315.3719895,2,person,0.5,0.5,0.42953771352767944,0.48943066596984863
259,1775455315.3719895,79,person,0.5,0.5,0.6937242746353149,0.5290586352348328
259,1775455315.3719895,82,person,0.5,0.3,0.8364577293395996,0.5004686713218689
260,1775455317.1434581,3,person,0.5,0.5,0.22268669307231903,0.4584030210971832
260,1775455317.1434581,7,person,0.5,0.5,0.16461507976055145,0.4496922791004181
260,1775455317.1434581,9,person,0.5,1.0,0.07851023972034454,0.5617765188217163
260,1775455317.1434581,11,person,0.5,0.5,0.2309953272342682,0.45964932441711426
260,1775455317.1434581,37,person,0.8869861364364624,1.0,0.6822102069854736,0.8845232129096985
260,1775455317.1434581,5,person,0.5,0.5,0.6965395212173462,0.5294809341430664
260,1775455317.1434581,6,person,0.9392621517181396,0.6,0.12064224481582642,0.73165363073349
260,1775455317.1434581,2,person,0.5,0.5,0.3435206413269043,0.4765281081199646
260,1775455317.1434581,79,person,0.5,0.5,1.0,0.575
260,1775455317.1434581,82,person,0.5,0.3,0.914425253868103,0.5121637582778931
261,1775455318.942127,3,person,0.5,0.5,0.39720410108566284,0.4845806360244751
261,1775455318.942127,7,person,0.5,0.5,0.1341027319431305,0.44511541724205017
261,1775455318.942127,9,person,0.5,1.0,0.14406201243400574,0.5716093182563782
261,1775455318.942127,11,person,0.5,0.3,0.23734335601329803,0.41060149669647217
261,1775455318.942127,37,person,0.8577011823654175,1.0,0.5346001386642456,0.8448107242584229
261,1775455318.942127,5,person,0.5,0.5,0.5806208848953247,0.5120931267738342
261,1775455318.942127,6,person,0.9244250059127808,0.6,0.18943056464195251,0.7330695986747742
261,1775455318.942127,2,person,0.5,0.5,0.33076992630958557,0.47461551427841187
261,1775455318.942127,79,person,0.5,0.5,1.0,0.575
261,1775455318.942127,82,person,0.5,0.5,0.6449823379516602,0.521747350692749
262,1775455320.6991942,3,person,0.5,0.3,0.3743094503879547,0.43114641308784485
262,1775455320.6991942,7,person,0.5,0.5,0.20164749026298523,0.4552471339702606
262,1775455320.6991942,9,person,0.5,1.0,0.1547253429889679,0.5732088088989258
262,1775455320.6991942,11,person,0.5,0.6,0.09534837305545807,0.4643022418022156
262,1775455320.6991942,37,person,0.5,1.0,0.5318304300308228,0.6297745704650879
262,1775455320.6991942,5,person,0.5,0.5,0.7139917612075806,0.5320987701416016
262,1775455320.6991942,6,person,0.9269999861717224,0.6,0.2546706199645996,0.7444006204605103
262,1775455320.6991942,2,person,0.5,0.5,0.47581085562705994,0.49637162685394287
262,1775455320.6991942,79,person,0.5,0.5,1.0,0.575
262,1775455320.6991942,82,person,0.5,0.5,0.5735333561897278,0.5110300183296204
263,1775455322.5793626,3,person,0.5,0.3,0.27730172872543335,0.4165952503681183
263,1775455322.5793626,7,person,0.5,0.5,0.15951856970787048,0.44892778992652893
263,1775455322.5793626,9,person,0.5,1.0,0.13247442245483398,0.569871187210083
263,1775455322.5793626,11,person,0.5,0.6,0.0917331874370575,0.4637599587440491
263,1775455322.5793626,37,person,0.5,1.0,0.7509016990661621,0.6626352667808533
263,1775455322.5793626,6,person,0.9571738839149475,0.6,0.1593654602766037,0.7482091188430786
263,1775455322.5793626,2,person,0.5,0.5,0.37375253438949585,0.4810628890991211
263,1775455322.5793626,79,person,0.5,0.5,1.0,0.575
263,1775455322.5793626,82,person,0.5,0.5,0.730480968952179,0.534572184085846
264,1775455324.328539,3,person,0.5,0.5,0.4873273968696594,0.49809911847114563
264,1775455324.328539,7,person,0.5,0.5,0.20021231472492218,0.4550318717956543
264,1775455324.328539,9,person,0.5,1.0,0.08645781874656677,0.5629686713218689
264,1775455324.328539,11,person,0.5,0.3,0.1711951643228531,0.4006792902946472
264,1775455324.328539,37,person,0.5,0.5,0.7424033284187317,0.536360502243042
264,1775455324.328539,6,person,0.5,1.0,0.1673600971698761,0.5751039981842041
264,1775455324.328539,2,person,0.5,0.5,0.4110240936279297,0.4866536259651184
264,1775455324.328539,79,person,0.5,0.5,1.0,0.575
264,1775455324.328539,82,person,0.5,0.5,0.7637200355529785,0.5395580530166626
265,1775455325.9695108,3,person,0.5,0.5,0.3832124173641205,0.48248186707496643
265,1775455325.9695108,9,person,0.5,1.0,0.16754256188869476,0.5751314163208008
265,1775455325.9695108,11,person,0.5,0.6,0.11544489860534668,0.46731671690940857
265,1775455325.9695108,37,person,0.5,0.5,0.8149794340133667,0.5472469329833984
265,1775455325.9695108,6,person,0.95867520570755,0.6,0.17646989226341248,0.7516756057739258
265,1775455325.9695108,2,person,0.5,0.5,1.0,0.575
265,1775455325.9695108,79,person,0.5,0.6,0.7989866137504578,0.5698480010032654
265,1775455325.9695108,82,person,0.5,0.5,0.5116701126098633,0.5017505288124084
266,1775455327.427097,3,person,0.5,0.5,1.0,0.575
266,1775455327.427097,9,person,0.5,1.0,0.16926245391368866,0.5753893852233887
266,1775455327.427097,37,person,0.5,0.5,0.8291202783584595,0.5493680834770203
266,1775455327.427097,6,person,0.9661465287208557,0.6,0.15980449318885803,0.7536585927009583
266,1775455327.427097,2,person,0.5,1.0,1.0,0.7000000000000001
266,1775455327.427097,79,person,0.5,0.6,0.8641191720962524,0.5796178579330444
266,1775455327.427097,82,person,0.5,0.5,0.3342192471027374,0.47513291239738464
266,1775455327.427097,7,person,0.5,1.0,0.42945271730422974,0.6144179105758667
267,1775455329.0004852,3,person,0.5,0.3,1.0,0.525
267,1775455329.0004852,9,person,0.5,1.0,0.17457571625709534,0.5761863589286804
267,1775455329.0004852,37,person,0.5,0.5,0.8938043713569641,0.5590707063674927
267,1775455329.0004852,6,person,0.9380777478218079,0.6,0.22303268313407898,0.746301531791687
267,1775455329.0004852,2,person,0.5,1.0,0.31991058588027954,0.5979865789413452
267,1775455329.0004852,79,person,0.5,0.5,0.6669827103614807,0.5250474214553833
267,1775455329.0004852,82,person,0.5,1.0,0.18613848090171814,0.5779207944869995
267,1775455329.0004852,7,person,0.6315717697143555,1.0,1.0,0.7789430618286133
268,1775455330.3959522,3,person,0.5,0.5,1.0,0.575
268,1775455330.3959522,9,person,0.5,1.0,0.07839787751436234,0.5617597103118896
268,1775455330.3959522,37,person,0.5,0.5,0.825391411781311,0.548808753490448
268,1775455330.3959522,6,person,0.5,1.0,0.24381880462169647,0.5865728259086609
268,1775455330.3959522,2,person,0.5,1.0,0.270013689994812,0.5905020833015442
268,1775455330.3959522,79,person,0.5,0.6,0.7379651665687561,0.5606947541236877
268,1775455330.3959522,82,person,0.5,1.0,0.1595992147922516,0.5739399194717407
268,1775455330.3959522,7,person,0.5,1.0,0.7345088124275208,0.6601763367652893
268,1775455330.3959522,11,person,0.5,0.3,0.11876358091831207,0.3928145468235016
269,1775455331.9633856,3,person,0.5,0.3,1.0,0.525
269,1775455331.9633856,9,person,0.5,1.0,0.07071681320667267,0.5606075525283813
269,1775455331.9633856,37,person,0.5,0.6,0.7656574845314026,0.5648486018180847
269,1775455331.9633856,6,person,0.9948694109916687,1.0,0.1576901376247406,0.8705751299858093
269,1775455331.9633856,2,person,0.5,1.0,0.2676216661930084,0.5901432633399963
269,1775455331.9633856,79,person,0.5,0.6,0.6834821701049805,0.5525223016738892
269,1775455331.9633856,82,person,0.5,0.6,0.17275963723659515,0.475913941860199
269,1775455331.9633856,7,person,0.5,1.0,0.38156574964523315,0.6072348952293396
269,1775455331.9633856,11,person,0.5,0.6,0.08313491940498352,0.46247023344039917
270,1775455333.4970272,3,person,0.5,0.6,1.0,0.6
270,1775455333.4970272,9,person,0.5,1.0,0.17786672711372375,0.5766800045967102
270,1775455333.4970272,37,person,0.5,0.5,0.7434698343276978,0.5365204811096191
270,1775455333.4970272,6,person,0.5,1.0,0.19637873768806458,0.5794568061828613
270,1775455333.4970272,2,person,0.5,1.0,0.23844249546527863,0.5857663750648499
270,1775455333.4970272,79,person,0.5,0.3,0.6358504295349121,0.4703775644302368
270,1775455333.4970272,82,person,0.5,1.0,0.23477277159690857,0.5852159261703491
270,1775455333.4970272,11,person,0.5,0.3,0.12595966458320618,0.3938939571380615
271,1775455334.941345,3,person,0.5,1.0,0.9360997080802917,0.6904149651527405
271,1775455334.941345,9,person,0.5,1.0,0.07333920896053314,0.5610008835792542
271,1775455334.941345,37,person,0.5,0.5,0.654754102230072,0.5232131481170654
271,1775455334.941345,6,person,0.5,0.6,0.22639408707618713,0.4839591085910797
271,1775455334.941345,2,person,0.5,1.0,0.28406643867492676,0.5926100015640259
271,1775455334.941345,79,person,0.5,0.3,0.6773277521133423,0.47659915685653687
271,1775455334.941345,82,person,0.5,0.6,0.22576172649860382,0.4838642477989197
271,1775455334.941345,7,person,0.5,1.0,0.7552240490913391,0.66328364610672
272,1775455336.461177,3,person,0.5,0.3,0.8442603349685669,0.5016390681266785
272,1775455336.461177,9,person,0.5,1.0,0.07894387096166611,0.561841607093811
272,1775455336.461177,37,person,0.5,0.5,0.6429213285446167,0.5214382410049438
272,1775455336.461177,6,person,0.5,0.6,0.2207266390323639,0.4831089973449707
272,1775455336.461177,2,person,0.5,0.5,0.28223946690559387,0.46733593940734863
272,1775455336.461177,79,person,0.5,0.6,0.49806302785873413,0.5247094631195068
272,1775455336.461177,82,person,0.5,1.0,0.21194298565387726,0.5817914605140686
272,1775455336.461177,7,person,0.9648804068565369,1.0,0.7893154621124268,0.947325587272644
272,1775455336.461177,11,person,0.5,0.5,0.622710645198822,0.5184066295623779
273,1775455338.0968032,3,person,0.5,0.3,0.7912557125091553,0.49368834495544434
273,1775455338.0968032,9,person,0.5,1.0,0.04153470695018768,0.5562302470207214
273,1775455338.0968032,37,person,0.5,0.5,0.494296133518219,0.49914443492889404
273,1775455338.0968032,6,person,0.5,0.6,0.20926475524902344,0.48138970136642456
273,1775455338.0968032,2,person,0.5,0.5,0.3276209831237793,0.4741431474685669
273,1775455338.0968032,79,person,0.5,0.6,0.2909856140613556,0.49364784359931946
273,1775455338.0968032,82,person,0.5,0.6,0.1365315318107605,0.47047972679138184
273,1775455338.0968032,7,person,0.8138065934181213,1.0,0.8180263638496399,0.8609879016876221
273,1775455338.0968032,11,person,0.5,0.6,0.6456748843193054,0.5468512177467346
274,1775455339.597988,3,person,0.5,0.6,0.7064765095710754,0.5559714436531067
274,1775455339.597988,9,person,0.5,1.0,0.15438613295555115,0.5731579065322876
274,1775455339.597988,37,person,0.5,0.5,0.48589402437210083,0.4978841245174408
274,1775455339.597988,6,person,0.5,0.6,0.22276823222637177,0.4834152162075043
274,1775455339.597988,2,person,0.5,1.0,0.28926995396614075,0.5933905243873596
274,1775455339.597988,79,person,0.5,0.6,0.6163379549980164,0.5424506664276123
274,1775455339.597988,82,person,0.5,0.3,0.22709660232067108,0.40906450152397156
274,1775455339.597988,11,person,0.5,0.6,0.563304603099823,0.5344957113265991
275,1775455341.1611469,3,person,0.5,1.0,0.6853391528129578,0.6528009176254272
275,1775455341.1611469,9,person,0.5,1.0,0.13514363765716553,0.5702715516090393
275,1775455341.1611469,37,person,0.5,0.5,0.5569217801094055,0.5085383057594299
275,1775455341.1611469,6,person,0.5,0.6,0.36901453137397766,0.5053521394729614
275,1775455341.1611469,2,person,0.5,1.0,0.32529306411743164,0.5987939834594727
275,1775455341.1611469,79,person,0.5,0.3,1.0,0.525
275,1775455341.1611469,82,person,0.5,0.6,0.1923566609621048,0.4788534939289093
275,1775455341.1611469,7,person,0.8804363012313843,1.0,0.946087658405304,0.9201749563217163
276,1775455342.70351,3,person,0.5,1.0,0.6749408841133118,0.6512411236763
276,1775455342.70351,9,person,0.5,1.0,0.10883451998233795,0.5663251876831055
276,1775455342.70351,37,person,0.5,0.5,0.49098819494247437,0.4986482262611389
276,1775455342.70351,6,person,0.5,0.6,0.18763509392738342,0.4781452417373657
276,1775455342.70351,2,person,0.5,1.0,0.4035639762878418,0.6105346083641052
276,1775455342.70351,79,person,0.5,0.6,0.7761732339859009,0.5664259791374207
276,1775455342.70351,82,person,0.5,0.6,0.19842007756233215,0.479763001203537
276,1775455342.70351,7,person,0.5,1.0,0.13840007781982422,0.5707600116729736
277,1775455344.284064,3,person,0.5,1.0,0.6768990755081177,0.6515348553657532
277,1775455344.284064,9,person,0.5,1.0,0.20194649696350098,0.5802919864654541
277,1775455344.284064,37,person,0.5,0.5,0.491001695394516,0.4986502528190613
277,1775455344.284064,6,person,0.5,0.6,0.19937275350093842,0.479905903339386
277,1775455344.284064,2,person,0.5,1.0,0.28031858801841736,0.5920478105545044
277,1775455344.284064,79,person,0.5,0.6,0.3994601368904114,0.5099189877510071
277,1775455344.284064,82,person,0.5,1.0,0.1753915697336197,0.5763087272644043
277,1775455344.284064,7,person,0.5,0.6,0.41632550954818726,0.512448787689209
277,1775455344.284064,11,person,0.5,0.6,0.7821950912475586,0.5673292875289917
278,1775455345.9800255,3,person,0.5,1.0,0.7255293130874634,0.658829391002655
278,1775455345.9800255,9,person,0.5,1.0,0.17816419899463654,0.576724648475647
278,1775455345.9800255,37,person,0.5,0.5,0.6660941243171692,0.5249141454696655
278,1775455345.9800255,6,person,0.5,0.6,0.2937394976615906,0.4940609037876129
278,1775455345.9800255,2,person,0.5,1.0,0.33172810077667236,0.5997592210769653
278,1775455345.9800255,79,person,0.5,0.6,1.0,0.6
278,1775455345.9800255,82,person,0.5,0.6,0.1495022028684616,0.47242531180381775
278,1775455345.9800255,7,person,0.5,0.6,0.29319220781326294,0.4939788281917572
278,1775455345.9800255,11,person,0.5,0.6,0.5002490282058716,0.5250373482704163
279,1775455347.5144107,3,person,0.5,1.0,0.6256794929504395,0.6438519358634949
279,1775455347.5144107,9,person,0.5,1.0,0.06824255734682083,0.560236394405365
279,1775455347.5144107,37,person,0.5,0.5,0.516135036945343,0.5024202466011047
279,1775455347.5144107,6,person,0.9346281886100769,0.6,0.2855268120765686,0.7536059617996216
279,1775455347.5144107,2,person,0.5,1.0,0.3065446615219116,0.5959817171096802
279,1775455347.5144107,79,person,0.5,0.6,0.7793371081352234,0.5669005513191223
279,1775455347.5144107,82,person,0.5,1.0,0.1880130022764206,0.578201949596405
279,1775455347.5144107,7,person,0.5,0.6,0.20949551463127136,0.48142433166503906
279,1775455347.5144107,11,person,0.5,0.6,0.12068244069814682,0.468102365732193
280,1775455349.0585701,3,person,0.5,1.0,0.7535475492477417,0.6630321741104126
280,1775455349.0585701,9,person,0.5,1.0,0.11354921758174896,0.5670323967933655
280,1775455349.0585701,37,person,0.5,0.5,0.5848196744918823,0.5127229690551758
280,1775455349.0585701,2,person,0.5,1.0,0.3185897469520569,0.5977884531021118
280,1775455349.0585701,79,person,0.5,0.6,1.0,0.6
280,1775455349.0585701,82,person,0.5,0.6,0.14914867281913757,0.47237229347229004
280,1775455349.0585701,7,person,0.5,0.6,0.38627615571022034,0.5079414248466492
280,1775455349.0585701,11,person,0.5,0.6,0.26907670497894287,0.4903615117073059
281,1775455350.5069017,3,person,0.5,1.0,0.7136407494544983,0.6570461392402649
281,1775455350.5069017,9,person,0.5,1.0,0.10507223755121231,0.5657608509063721
281,1775455350.5069017,37,person,0.5,0.5,0.5972508192062378,0.5145876407623291
281,1775455350.5069017,2,person,0.5,0.5,0.40243393182754517,0.485365092754364
281,1775455350.5069017,79,person,0.5,0.6,1.0,0.6
281,1775455350.5069017,82,person,0.5,0.6,0.16194948554039001,0.4742923974990845
281,1775455350.5069017,7,person,0.5,1.0,0.16109159588813782,0.5741637349128723
281,1775455350.5069017,11,person,0.5,1.0,0.3422490060329437,0.6013373732566833
281,1775455350.5069017,6,person,0.9438460469245911,0.6,0.5455460548400879,0.7981395721435547
282,1775455352.113601,3,person,0.5,0.5,1.0,0.575
282,1775455352.113601,9,person,0.5,1.0,0.13401660323143005,0.5701025128364563
282,1775455352.113601,2,person,0.5,1.0,0.3233705461025238,0.5985056161880493
282,1775455352.113601,79,person,0.5,0.6,0.8287343978881836,0.5743101835250854
282,1775455352.113601,82,person,0.5,0.3,0.17952224612236023,0.4019283354282379
282,1775455352.113601,7,person,0.5,1.0,0.3356197476387024,0.6003429889678955
282,1775455352.113601,6,person,0.9292131066322327,1.0,0.2287965714931488,0.84184730052948
283,1775455353.550827,3,person,0.5,0.5,1.0,0.575
283,1775455353.550827,9,person,0.5,1.0,0.1234685629606247,0.5685203075408936
283,1775455353.550827,2,person,0.5,1.0,0.330722838640213,0.5996084213256836
283,1775455353.550827,79,person,0.5,1.0,0.5473292469978333,0.6320993900299072
283,1775455353.550827,82,person,0.5,0.6,0.15900982916355133,0.4738514721393585
283,1775455353.550827,7,person,0.5,1.0,0.16595759987831116,0.5748936533927917
283,1775455353.550827,6,person,0.5,0.6,0.28657591342926025,0.49298638105392456
283,1775455353.550827,91,person,0.5,0.5,0.0,0.425
283,1775455353.550827,11,person,0.5,0.6,0.45942506194114685,0.518913745880127
284,1775455355.1946614,3,person,0.5,0.5,0.7370147705078125,0.5355522632598877
284,1775455355.1946614,9,person,0.5,1.0,0.0658671110868454,0.5598800778388977
284,1775455355.1946614,2,person,0.5,1.0,0.3065100610256195,0.5959765315055847
284,1775455355.1946614,79,person,0.5,0.6,0.4331442415714264,0.5149716138839722
284,1775455355.1946614,82,person,0.5,1.0,0.14916275441646576,0.5723744034767151
284,1775455355.1946614,7,person,0.5,1.0,0.20435607433319092,0.5806534290313721
284,1775455355.1946614,6,person,0.9087581634521484,0.6,0.2483629286289215,0.7325093746185303
284,1775455355.1946614,91,person,0.5,0.5,0.6226218938827515,0.5183932781219482
284,1775455355.1946614,11,person,0.5,0.5,0.6602184772491455,0.5240327715873718
285,1775455356.877111,3,person,0.5,0.5,0.9247404932975769,0.5637111067771912
285,1775455356.877111,9,person,0.5,1.0,0.11923621594905853,0.5678854584693909
285,1775455356.877111,2,person,0.5,1.0,0.3056245446205139,0.5958436727523804
285,1775455356.877111,79,person,0.5,1.0,0.31346210837364197,0.5970193147659302
285,1775455356.877111,82,person,0.5,0.6,0.31249743700027466,0.49687460064888
285,1775455356.877111,6,person,0.5,0.6,0.23468172550201416,0.48520225286483765
285,1775455356.877111,91,person,0.5,0.5,0.8076383471488953,0.5461457967758179
285,1775455356.877111,11,person,0.5,0.3,0.7960916757583618,0.4944137632846832
286,1775455358.3294914,3,person,0.5,0.5,0.6381229162216187,0.5207184553146362
286,1775455358.3294914,9,person,0.5,1.0,0.2074114978313446,0.58111172914505
286,1775455358.3294914,2,person,0.5,1.0,0.26215046644210815,0.589322566986084
286,1775455358.3294914,79,person,0.5,0.6,0.16188494861125946,0.47428274154663086
286,1775455358.3294914,82,person,0.5,1.0,0.20989291369915009,0.5814839601516724
286,1775455358.3294914,6,person,0.882839560508728,0.6,0.21135255694389343,0.7114065885543823
286,1775455358.3294914,91,person,0.5,0.5,0.6910848021507263,0.5286627411842346
286,1775455358.3294914,11,person,0.5,0.6,0.928695023059845,0.5893042683601379
286,1775455358.3294914,7,person,0.5,1.0,0.8479083776473999,0.6771862506866455
287,1775455359.9486237,3,person,0.5,0.5,0.5172050595283508,0.5025807619094849
287,1775455359.9486237,9,person,0.5,1.0,0.14823241531848907,0.5722348690032959
287,1775455359.9486237,2,person,0.5,0.5,0.37963807582855225,0.4819457232952118
287,1775455359.9486237,79,person,0.5,0.6,0.21261334419250488,0.4818919897079468
287,1775455359.9486237,82,person,0.5,0.6,0.2213158905506134,0.4831973612308502
287,1775455359.9486237,6,person,0.5,0.6,0.3309189975261688,0.4996378421783447
287,1775455359.9486237,91,person,0.5,0.5,0.5309593677520752,0.5046439170837402
288,1775455361.414468,3,person,0.5,0.5,0.6090568900108337,0.5163585543632507
288,1775455361.414468,9,person,0.5,1.0,0.44718924164772034,0.617078423500061
288,1775455361.414468,2,person,0.5,1.0,0.2488989531993866,0.5873348712921143
288,1775455361.414468,79,person,0.5,0.6,0.13884882628917694,0.4708273112773895
288,1775455361.414468,82,person,0.5,0.6,0.13517478108406067,0.47027620673179626
288,1775455361.414468,6,person,0.9904153943061829,0.6,0.27963975071907043,0.7861951589584351
288,1775455361.414468,91,person,0.5,0.5,0.8089491128921509,0.5463423728942871
288,1775455361.414468,11,person,0.5,0.6,0.20107218623161316,0.48016083240509033
288,1775455361.414468,7,person,0.5,0.5,1.0,0.575
289,1775455363.1019442,3,person,0.5,0.5,0.7269132137298584,0.5340369939804077
289,1775455363.1019442,9,person,0.5,1.0,0.8255143165588379,0.6738271713256836
289,1775455363.1019442,2,person,0.5,0.5,0.23281291127204895,0.4599219560623169
289,1775455363.1019442,79,person,0.5,1.0,0.28330856561660767,0.5924962759017944
289,1775455363.1019442,82,person,0.5,0.6,0.1680137813091278,0.4752020537853241
289,1775455363.1019442,6,person,0.9955060482025146,0.6,0.22020192444324493,0.7803338766098022
289,1775455363.1019442,91,person,0.5,0.3,0.8822531700134277,0.5073379874229431
289,1775455363.1019442,11,person,0.5,1.0,0.3993712067604065,0.6099057197570801
290,1775455364.6526935,3,person,0.5,0.5,0.7545480728149414,0.538182258605957
290,1775455364.6526935,9,person,0.5,0.5,0.7651767134666443,0.5397765040397644
290,1775455364.6526935,2,person,0.5,0.5,0.32440224289894104,0.47366034984588623
290,1775455364.6526935,79,person,0.5,0.6,0.2636377215385437,0.48954564332962036
290,1775455364.6526935,82,person,0.5,0.6,0.07285600900650024,0.46092838048934937
290,1775455364.6526935,6,person,0.5,0.6,0.35917744040489197,0.5038766264915466
290,1775455364.6526935,91,person,0.5,0.3,0.7306791543960571,0.4846018850803375
290,1775455364.6526935,11,person,0.5,0.5,0.7111127972602844,0.5316669344902039
290,1775455364.6526935,7,person,0.5,0.6,1.0,0.6
291,1775455366.3679237,9,person,0.5,1.0,1.0,0.7000000000000001
291,1775455366.3679237,2,person,0.5,0.5,0.33124297857284546,0.47468647360801697
291,1775455366.3679237,79,person,0.5,0.6,0.16441719233989716,0.47466257214546204
291,1775455366.3679237,82,person,0.5,0.5,0.26683861017227173,0.46502581238746643
291,1775455366.3679237,6,person,0.5,0.6,0.1607869416475296,0.47411802411079407
291,1775455366.3679237,91,person,0.5,0.3,0.7130857706069946,0.4819628596305847
291,1775455366.3679237,11,person,0.5,0.5,0.9571925401687622,0.5685788989067078
291,1775455366.3679237,7,person,0.5,1.0,1.0,0.7000000000000001
292,1775455368.1135798,9,person,0.5,1.0,1.0,0.7000000000000001
292,1775455368.1135798,2,person,0.5,1.0,0.2450922727584839,0.586763858795166
292,1775455368.1135798,79,person,0.5,0.6,1.0,0.6
292,1775455368.1135798,82,person,0.5,0.5,0.38333237171173096,0.4824998676776886
292,1775455368.1135798,6,person,0.5,0.6,0.22439804673194885,0.48365968465805054
292,1775455368.1135798,91,person,0.5,0.3,0.9117547273635864,0.5117632150650024
292,1775455368.1135798,11,person,0.5,0.5,0.5810328722000122,0.5121549367904663
292,1775455368.1135798,7,person,0.5,1.0,0.5412832498550415,0.6311925053596497
293,1775455369.79932,9,person,0.5,1.0,0.9664310216903687,0.6949646472930908
293,1775455369.79932,2,person,0.5,1.0,0.25430867075920105,0.5881463289260864
293,1775455369.79932,79,person,0.5,0.6,0.8464444875717163,0.5769666433334351
293,1775455369.79932,82,person,0.5,0.5,0.23819689452648163,0.46072953939437866
293,1775455369.79932,6,person,0.9090316891670227,0.6,0.24949979782104492,0.7328439950942993
293,1775455369.79932,91,person,0.5,0.6,0.5943285226821899,0.539149284362793
293,1775455369.79932,7,person,0.5,1.0,0.2621874511241913,0.5893281102180481
294,1775455371.2926912,9,person,0.5,0.5,0.6306200623512268,0.5195930004119873
294,1775455371.2926912,2,person,0.5,1.0,0.1799239218235016,0.5769885778427124
294,1775455371.2926912,79,person,0.5,0.6,0.3841289281845093,0.507619321346283
294,1775455371.2926912,82,person,0.5,0.5,0.24973464012145996,0.4624602198600769
294,1775455371.2926912,6,person,0.5,0.6,0.3734825849533081,0.5060223937034607
294,1775455371.2926912,91,person,0.5,0.6,0.2492089569568634,0.48738133907318115
294,1775455371.2926912,7,person,0.5,1.0,0.40789204835891724,0.6111838221549988
294,1775455371.2926912,95,person,0.5,0.5,0.0,0.425
295,1775455372.866549,9,person,0.5,0.5,0.45067086815834045,0.4926006495952606
295,1775455372.866549,2,person,0.5,1.0,0.3355831503868103,0.6003375053405762
295,1775455372.866549,79,person,0.5,0.6,0.2971309721469879,0.4945696294307709
295,1775455372.866549,82,person,0.5,0.5,0.3914519250392914,0.48371779918670654
295,1775455372.866549,6,person,0.5,1.0,0.208461195230484,0.5812692046165466
295,1775455372.866549,91,person,0.5,0.6,0.14524626731872559,0.4717869162559509
295,1775455372.866549,7,person,0.5,1.0,0.22403690218925476,0.5836055278778076
295,1775455372.866549,95,person,0.5,0.5,1.0,0.575
295,1775455372.866549,11,person,0.5,0.5,0.18447604775428772,0.4526714086532593
296,1775455374.5657341,9,person,0.5,0.5,0.6184319257736206,0.5177648067474365
296,1775455374.5657341,2,person,0.5,1.0,0.31267985701560974,0.5969020128250122
296,1775455374.5657341,79,person,0.5,0.6,0.11466826498508453,0.46720021963119507
296,1775455374.5657341,82,person,0.5,0.3,0.19742821156978607,0.40461423993110657
296,1775455374.5657341,6,person,0.5,1.0,0.24701392650604248,0.5870521068572998
296,1775455374.5657341,91,person,0.5,0.6,0.07098177075386047,0.46064725518226624
296,1775455374.5657341,7,person,0.5,0.5,0.22204263508319855,0.4583064019680023
296,1775455374.5657341,95,person,0.5,0.5,1.0,0.575
296,1775455374.5657341,11,person,0.5,0.5,0.6512348651885986,0.5226852297782898
297,1775455376.3041537,2,person,0.8351086974143982,1.0,0.29138386249542236,0.794772744178772
297,1775455376.3041537,79,person,0.5,0.6,0.17352113127708435,0.4760281443595886
297,1775455376.3041537,82,person,0.5,1.0,0.20318205654621124,0.5804772973060608
297,1775455376.3041537,6,person,0.5,0.6,0.2518360912799835,0.48777541518211365
297,1775455376.3041537,91,person,0.5,0.6,0.12921848893165588,0.46938276290893555
297,1775455376.3041537,7,person,0.5,0.5,0.39993053674697876,0.48498958349227905
297,1775455376.3041537,95,person,0.5,0.5,1.0,0.575
297,1775455376.3041537,11,person,0.5,0.6,0.6897572875022888,0.5534635782241821
298,1775455378.1447403,2,person,0.5,1.0,0.8778755068778992,0.6816813349723816
298,1775455378.1447403,79,person,0.5,0.6,0.19149239361286163,0.4787238538265228
298,1775455378.1447403,6,person,0.5,1.0,1.0,0.7000000000000001
298,1775455378.1447403,91,person,0.5,0.6,0.15486696362495422,0.4732300341129303
298,1775455378.1447403,7,person,0.5,0.5,0.4118214547634125,0.48677322268486023
298,1775455378.1447403,95,person,0.5,0.5,1.0,0.575
299,1775455379.839154,2,person,0.7731795907020569,1.0,1.0,0.8639077544212341
299,1775455379.839154,79,person,0.5,0.6,0.1484196037054062,0.4722629189491272
299,1775455379.839154,6,person,0.5,1.0,1.0,0.7000000000000001
299,1775455379.839154,91,person,0.5,0.6,0.07100425660610199,0.46065062284469604
299,1775455379.839154,7,person,0.5,1.0,0.2551649212837219,0.5882747769355774
299,1775455379.839154,95,person,0.5,0.5,1.0,0.575
299,1775455379.839154,82,person,0.5,0.5,0.7623264193534851,0.5393489599227905
300,1775455381.441488,2,person,0.6942518949508667,1.0,1.0,0.81655113697052
300,1775455381.441488,79,person,0.5,0.6,0.22358393669128418,0.48353758454322815
300,1775455381.441488,6,person,0.5,1.0,1.0,0.7000000000000001
300,1775455381.441488,91,person,0.5,0.6,0.07203422486782074,0.46080511808395386
300,1775455381.441488,7,person,0.5,0.5,0.2571719288825989,0.4635758101940155
300,1775455381.441488,95,person,0.5,0.5,0.8151189684867859,0.5472678542137146
300,1775455381.441488,82,person,0.5,0.3,0.09679674357175827,0.38951951265335083
301,1775455382.886638,2,person,0.5,1.0,0.9232760667800903,0.6884914636611938
301,1775455382.886638,79,person,0.5,0.6,0.2635098397731781,0.4895264506340027
301,1775455382.886638,6,person,0.5,1.0,1.0,0.7000000000000001
301,1775455382.886638,91,person,0.5,0.6,0.06741555035114288,0.4601123332977295
301,1775455382.886638,7,person,0.5,0.5,0.13026578724384308,0.444539874792099
301,1775455382.886638,95,person,0.5,0.5,0.9657071232795715,0.5698561072349548
301,1775455382.886638,82,person,0.5,0.3,0.21587495505809784,0.40738123655319214
302,1775455384.5050452,2,person,0.5,1.0,0.9371066093444824,0.6905660033226013
302,1775455384.5050452,79,person,0.5,0.6,0.08043638616800308,0.4620654582977295
302,1775455384.5050452,6,person,0.5,1.0,1.0,0.7000000000000001
302,1775455384.5050452,91,person,0.5,1.0,0.053160011768341064,0.5579740405082703
302,1775455384.5050452,7,person,0.5,0.5,0.2011542022228241,0.455173134803772
302,1775455384.5050452,95,person,0.5,0.5,0.7011352181434631,0.5301703214645386
302,1775455384.5050452,82,person,0.5,0.5,0.30761975049972534,0.47114297747612
302,1775455384.5050452,11,person,0.5,0.6,1.0,0.6
303,1775455386.155971,2,person,0.5,0.5,0.9986124038696289,0.5747919082641602
303,1775455386.155971,79,person,0.5,0.6,0.17681127786636353,0.47652167081832886
303,1775455386.155971,6,person,0.5,0.5,1.0,0.575
303,1775455386.155971,91,person,0.5,0.6,0.09531136602163315,0.46429669857025146
303,1775455386.155971,7,person,0.5,0.5,0.26117706298828125,0.46417656540870667
303,1775455386.155971,95,person,0.5,0.6,0.834979236125946,0.5752468705177307
303,1775455386.155971,82,person,0.5,0.6,0.21212807297706604,0.481819212436676
304,1775455387.5410852,2,person,0.5,1.0,0.9126593470573425,0.686898946762085
304,1775455387.5410852,79,person,0.5,1.0,0.11919261515140533,0.5678789019584656
304,1775455387.5410852,6,person,0.5,0.5,1.0,0.575
304,1775455387.5410852,91,person,0.5,0.6,0.10142823308706284,0.46521422266960144
304,1775455387.5410852,7,person,0.9073408842086792,1.0,0.9830223917961121,0.9418578743934631
304,1775455387.5410852,95,person,0.5,0.6,0.3052167296409607,0.4957824945449829
304,1775455387.5410852,82,person,0.5,1.0,0.13034962117671967,0.569552481174469
304,1775455387.5410852,11,person,0.5,0.6,0.26542526483535767,0.48981377482414246
305,1775455389.303603,2,person,0.5,1.0,0.8961755633354187,0.6844263672828674
305,1775455389.303603,79,person,0.5,1.0,0.10363801568746567,0.5655457377433777
305,1775455389.303603,6,person,0.5,0.5,1.0,0.575
305,1775455389.303603,91,person,0.5,0.6,0.09554672241210938,0.4643319845199585
305,1775455389.303603,95,person,0.5,0.3,0.1596006453037262,0.3989400863647461
305,1775455389.303603,82,person,0.5,0.3,0.18678772449493408,0.40301814675331116
305,1775455389.303603,100,person,0.5,0.5,0.0,0.425
305,1775455389.303603,11,person,0.5,0.6,0.16533538699150085,0.4748002886772156
306,1775455390.874153,2,person,0.5,1.0,0.8733353614807129,0.6810003519058228
306,1775455390.874153,79,person,0.5,1.0,0.18959735333919525,0.5784395933151245
306,1775455390.874153,6,person,0.5,0.5,1.0,0.575
306,1775455390.874153,91,person,0.5,0.6,0.10929276794195175,0.46639391779899597
306,1775455390.874153,95,person,0.5,0.6,0.16626466810703278,0.4749397039413452
306,1775455390.874153,82,person,0.5,0.6,0.19880640506744385,0.47982093691825867
306,1775455390.874153,100,person,0.5,0.5,0.6394661664962769,0.520919919013977
306,1775455390.874153,7,person,0.9193328022956848,1.0,0.17742598056793213,0.8282135725021362
307,1775455392.452504,2,person,0.5,0.5,0.9205320477485657,0.563079833984375
307,1775455392.452504,79,person,0.5,0.6,0.13548004627227783,0.47032198309898376
307,1775455392.452504,6,person,0.5,0.5,1.0,0.575
307,1775455392.452504,91,person,0.5,0.6,0.0860103964805603,0.4629015624523163
307,1775455392.452504,95,person,0.5,0.3,0.11300437152385712,0.39195066690444946
307,1775455392.452504,82,person,0.5,0.5,0.13609212636947632,0.44541382789611816
307,1775455392.452504,100,person,0.5,0.5,0.7852490544319153,0.5427873730659485
307,1775455392.452504,7,person,0.5,1.0,0.09814959019422531,0.56472247838974
308,1775455393.9277093,2,person,0.5,0.5,0.8034385442733765,0.545515775680542
308,1775455393.9277093,79,person,0.5,1.0,0.2514631152153015,0.5877195000648499
308,1775455393.9277093,6,person,0.5,0.6,0.8940626978874207,0.5841094255447388
308,1775455393.9277093,91,person,0.5,0.6,0.04978857934474945,0.45746827125549316
308,1775455393.9277093,95,person,0.5,0.3,0.0944063812494278,0.38916096091270447
308,1775455393.9277093,82,person,0.5,0.5,0.1657198667526245,0.4498579800128937
308,1775455393.9277093,100,person,0.5,0.5,0.8523160219192505,0.5528473854064941
308,1775455393.9277093,7,person,0.5,1.0,0.6072908043861389,0.6410936117172241
309,1775455395.418324,2,person,0.5,0.5,0.6829620599746704,0.5274443030357361
309,1775455395.418324,79,person,0.5,1.0,0.17027752101421356,0.575541615486145
309,1775455395.418324,6,person,0.5,1.0,1.0,0.7000000000000001
309,1775455395.418324,91,person,0.5,0.6,0.09871681034564972,0.46480751037597656
309,1775455395.418324,95,person,0.5,0.6,0.1675558239221573,0.47513335943222046
309,1775455395.418324,100,person,0.5,0.5,0.6636430025100708,0.5245464444160461
309,1775455395.418324,7,person,0.5,1.0,0.977157473564148,0.6965736150741577
310,1775455396.7620327,2,person,0.5,0.5,0.6485625505447388,0.5222843885421753
310,1775455396.7620327,79,person,0.5,1.0,0.24236087501049042,0.58635413646698
310,1775455396.7620327,6,person,0.5,0.5,0.9912931323051453,0.5736939907073975
310,1775455396.7620327,91,person,0.5,0.6,0.10576488077640533,0.46586471796035767
310,1775455396.7620327,95,person,0.5,0.6,0.16971667110919952,0.47545748949050903
310,1775455396.7620327,100,person,0.5,0.5,0.6728960871696472,0.5259344577789307
310,1775455396.7620327,7,person,0.5,1.0,0.16611678898334503,0.5749175548553467
310,1775455396.7620327,82,person,0.5,0.5,0.15905530750751495,0.4488583207130432
311,1775455398.2933195,2,person,0.5,0.5,0.6258091330528259,0.5188713669776917
311,1775455398.2933195,79,person,0.5,1.0,0.13721928000450134,0.570582926273346
311,1775455398.2933195,6,person,0.5,0.5,0.6569773554801941,0.5235466361045837
311,1775455398.2933195,91,person,0.5,0.6,0.1424928456544876,0.47137391567230225
311,1775455398.2933195,95,person,0.5,0.6,0.06207367777824402,0.45931103825569153
311,1775455398.2933195,100,person,0.5,0.5,0.5223957300186157,0.5033593773841858
311,1775455398.2933195,7,person,0.5,1.0,0.4030132293701172,0.6104519963264465
311,1775455398.2933195,82,person,0.5,0.5,0.18042951822280884,0.4520644545555115
311,1775455398.2933195,11,person,0.5,0.6,0.21321776509284973,0.48198264837265015
312,1775455399.9690025,2,person,0.5,0.5,0.5586932897567749,0.5088040232658386
312,1775455399.9690025,79,person,0.5,1.0,0.11477961391210556,0.5672169327735901
312,1775455399.9690025,6,person,0.5,0.5,0.673383355140686,0.5260075330734253
312,1775455399.9690025,91,person,0.5,0.6,0.09475697576999664,0.4642135500907898
312,1775455399.9690025,95,person,0.5,0.6,0.1190684586763382,0.46786025166511536
312,1775455399.9690025,100,person,0.5,0.5,0.6560091376304626,0.5234013795852661
312,1775455399.9690025,7,person,0.5,1.0,0.4385421872138977,0.6157813668251038
312,1775455399.9690025,82,person,0.5,0.5,0.11448248475790024,0.4421723783016205
313,1775455401.5153837,2,person,0.5,0.5,0.5000640749931335,0.5000096559524536
313,1775455401.5153837,79,person,0.5,1.0,0.19351017475128174,0.5790265202522278
313,1775455401.5153837,6,person,0.5,0.5,0.40404218435287476,0.4856063425540924
313,1775455401.5153837,91,person,0.5,0.6,0.17502756416797638,0.4762541353702545
313,1775455401.5153837,95,person,0.5,0.3,0.10940179973840714,0.3914102613925934
313,1775455401.5153837,100,person,0.5,0.5,0.5663222074508667,0.5099483728408813
313,1775455401.5153837,7,person,0.5,1.0,0.2691223621368408,0.590368390083313
313,1775455401.5153837,82,person,0.5,0.5,0.13863062858581543,0.44579461216926575
313,1775455401.5153837,11,person,0.5,0.5,0.6608911752700806,0.5241336822509766
314,1775455403.1029189,2,person,0.5,0.5,0.46961355209350586,0.4954420328140259
314,1775455403.1029189,79,person,0.5,1.0,0.19114550948143005,0.5786718130111694
314,1775455403.1029189,6,person,0.5,1.0,0.4263979494571686,0.6139597296714783
314,1775455403.1029189,91,person,0.5,0.6,0.07731875777244568,0.4615978002548218
314,1775455403.1029189,95,person,0.5,0.6,0.10298421233892441,0.46544763445854187
314,1775455403.1029189,100,person,0.5,0.5,0.4276515543460846,0.48914775252342224
314,1775455403.1029189,7,person,0.5,1.0,0.817583441734314,0.6726375222206116
314,1775455403.1029189,82,person,0.5,0.3,0.11711893230676651,0.39256784319877625
314,1775455403.1029189,11,person,0.5,0.5,0.9737517237663269,0.5710628032684326
315,1775455404.8780997,2,person,0.5,0.5,0.47298693656921387,0.49594804644584656
315,1775455404.8780997,79,person,0.5,1.0,0.18945060670375824,0.5784175992012024
315,1775455404.8780997,6,person,0.5,0.5,0.3888975977897644,0.48333466053009033
315,1775455404.8780997,91,person,0.5,0.6,0.11409316211938858,0.4671139717102051
315,1775455404.8780997,95,person,0.5,0.5,0.11031860113143921,0.44154781103134155
315,1775455404.8780997,100,person,0.5,0.5,0.27720287442207336,0.46658045053482056
315,1775455404.8780997,7,person,0.5,1.0,0.17466147243976593,0.5761992335319519
315,1775455404.8780997,82,person,0.5,0.5,0.17289182543754578,0.4509337842464447
315,1775455404.8780997,11,person,0.5,0.5,0.43495312333106995,0.49024298787117004
316,1775455406.4604485,2,person,0.5,0.5,0.4590199589729309,0.49385300278663635
316,1775455406.4604485,79,person,0.5,1.0,0.20124602317810059,0.5801869034767151
316,1775455406.4604485,6,person,0.5,0.5,0.39746129512786865,0.4846192002296448
316,1775455406.4604485,91,person,0.5,0.6,0.07431565225124359,0.46114733815193176
316,1775455406.4604485,95,person,0.5,0.5,0.14359551668167114,0.44653934240341187
316,1775455406.4604485,100,person,0.5,0.5,0.36420220136642456,0.47963035106658936
316,1775455406.4604485,7,person,0.5,1.0,0.13933999836444855,0.5709010362625122
316,1775455406.4604485,82,person,0.5,0.5,0.15824082493782043,0.44873613119125366
316,1775455406.4604485,11,person,0.5,0.5,0.09134785830974579,0.43870219588279724
317,1775455408.1530266,2,person,0.5,0.5,0.5054908990859985,0.5008236169815063
317,1775455408.1530266,79,person,0.5,1.0,0.16937413811683655,0.5754061341285706
317,1775455408.1530266,6,person,0.5,1.0,0.4344484806060791,0.6151672601699829
317,1775455408.1530266,91,person,0.5,0.6,0.08794233202934265,0.46319133043289185
317,1775455408.1530266,95,person,0.5,0.5,0.17012372612953186,0.45051857829093933
317,1775455408.1530266,100,person,0.5,0.5,0.2382725477218628,0.4607408940792084
317,1775455408.1530266,7,person,0.5,1.0,0.30899426341056824,0.5963491797447205
317,1775455408.1530266,82,person,0.5,0.3,0.2562955319881439,0.4134443402290344
317,1775455408.1530266,11,person,0.5,0.5,0.0837162584066391,0.4375574588775635
318,1775455409.726165,2,person,0.5,0.5,0.5984807014465332,0.5147721171379089
318,1775455409.726165,79,person,0.5,1.0,1.0,0.7000000000000001
318,1775455409.726165,6,person,0.5,0.5,0.516535222530365,0.5024802684783936
318,1775455409.726165,91,person,0.5,0.6,0.06800537556409836,0.46020078659057617
318,1775455409.726165,95,person,0.5,0.5,0.10864613950252533,0.44129693508148193
318,1775455409.726165,100,person,0.5,0.5,0.2711436152458191,0.4656715393066406
318,1775455409.726165,7,person,0.5,1.0,0.19848760962486267,0.5797731280326843
318,1775455409.726165,82,person,0.5,0.5,0.24238178133964539,0.4613572955131531
318,1775455409.726165,11,person,0.5,0.5,0.6116701364517212,0.5167505145072937
319,1775455411.3486698,2,person,0.5,0.5,0.5120798945426941,0.5018119812011719
319,1775455411.3486698,79,person,0.5,1.0,1.0,0.7000000000000001
319,1775455411.3486698,6,person,0.5,0.5,0.36172303557395935,0.4792584776878357
319,1775455411.3486698,91,person,0.5,0.6,0.14837393164634705,0.472256064414978
319,1775455411.3486698,95,person,0.5,0.5,0.27507632970809937,0.46626144647598267
319,1775455411.3486698,100,person,0.5,0.5,0.22758665680885315,0.45913800597190857
319,1775455411.3486698,7,person,0.5,1.0,0.19069136679172516,0.5786037445068359
319,1775455411.3486698,82,person,0.5,0.5,0.29969146847724915,0.4699537456035614
319,1775455411.3486698,102,person,0.5,0.5,0.0,0.425
320,1775455413.1318228,2,person,0.5,0.5,0.5066143870353699,0.5009921789169312
320,1775455413.1318228,79,person,0.5,1.0,0.43665948510169983,0.615498960018158
320,1775455413.1318228,6,person,0.5,1.0,0.508664608001709,0.6262997388839722
320,1775455413.1318228,91,person,0.5,0.6,0.12981900572776794,0.46947282552719116
320,1775455413.1318228,95,person,0.5,0.5,0.1352877914905548,0.4452931880950928
320,1775455413.1318228,100,person,0.5,0.5,0.1336197555065155,0.4450429677963257
320,1775455413.1318228,7,person,0.5,1.0,0.1328243762254715,0.5699236392974854
320,1775455413.1318228,82,person,0.5,0.5,0.22229251265525818,0.45834389328956604
320,1775455413.1318228,102,person,0.5,0.5,0.1178402453660965,0.44267603754997253
320,1775455413.1318228,11,person,0.5,0.6,0.8202188611030579,0.573032796382904
321,1775455414.884531,2,person,0.5,0.5,0.5670832991600037,0.5100625157356262
321,1775455414.884531,79,person,0.5,1.0,0.2235146313905716,0.5835272073745728
321,1775455414.884531,6,person,0.5,1.0,0.24434860050678253,0.5866522789001465
321,1775455414.884531,91,person,0.5,0.6,0.12409369647502899,0.46861404180526733
321,1775455414.884531,95,person,0.5,0.5,0.17195852100849152,0.4507938027381897
321,1775455414.884531,100,person,0.5,0.5,0.10386990010738373,0.44058048725128174
321,1775455414.884531,7,person,0.5,1.0,0.12621048092842102,0.5689315795898438
321,1775455414.884531,82,person,0.5,0.5,0.13025404512882233,0.4445381164550781
321,1775455414.884531,102,person,0.5,0.5,0.10645468533039093,0.44096821546554565
322,1775455416.5033443,2,person,0.5,0.5,0.5854377150535583,0.5128156542778015
322,1775455416.5033443,79,person,0.5,1.0,0.1504763960838318,0.5725714564323425
322,1775455416.5033443,6,person,0.5,1.0,0.27454203367233276,0.5911813378334045
322,1775455416.5033443,91,person,0.5,0.6,0.10300785303115845,0.465451180934906
322,1775455416.5033443,95,person,0.5,0.5,0.18332158029079437,0.45249825716018677
322,1775455416.5033443,100,person,0.5,0.5,0.9359113574028015,0.5653867125511169
322,1775455416.5033443,7,person,0.5,1.0,0.14439105987548828,0.5716586709022522
322,1775455416.5033443,82,person,0.5,0.5,0.22416043281555176,0.45862406492233276
322,1775455416.5033443,102,person,0.5,0.5,0.160614013671875,0.4490921199321747
323,1775455418.2361047,2,person,0.5,0.5,0.6492067575454712,0.5223810076713562
323,1775455418.2361047,79,person,0.5,1.0,0.2246224582195282,0.5836933851242065
323,1775455418.2361047,6,person,0.5,0.5,0.36440569162368774,0.47966086864471436
323,1775455418.2361047,91,person,0.5,0.6,0.14372339844703674,0.47155851125717163
323,1775455418.2361047,95,person,0.5,0.5,0.08306142687797546,0.43745923042297363
323,1775455418.2361047,100,person,0.5,0.5,0.4978533387184143,0.49967801570892334
323,1775455418.2361047,7,person,0.5,1.0,0.08400192856788635,0.562600314617157
323,1775455418.2361047,102,person,0.5,0.5,0.10379171371459961,0.4405687749385834
324,1775455419.6972647,2,person,0.5,0.5,0.6778678297996521,0.5266801714897156
324,1775455419.6972647,79,person,0.5,1.0,0.15942195057868958,0.5739133358001709
324,1775455419.6972647,6,person,0.5,0.5,0.578211784362793,0.5117318034172058
324,1775455419.6972647,91,person,0.5,0.3,0.11481398344039917,0.3922221064567566
324,1775455419.6972647,95,person,0.5,0.5,0.10657451301813126,0.44098618626594543
324,1775455419.6972647,100,person,0.5,0.5,0.36897364258766174,0.48034605383872986
324,1775455419.6972647,7,person,0.5,1.0,0.10879313945770264,0.5663189888000488
324,1775455419.6972647,102,person,0.5,0.5,0.16459718346595764,0.4496895968914032
324,1775455419.6972647,105,person,0.5,0.5,0.0,0.425
325,1775455421.2865763,2,person,0.5,0.5,0.7670985460281372,0.540064811706543
325,1775455421.2865763,79,person,0.5,1.0,0.10004989057779312,0.5650075078010559
325,1775455421.2865763,6,person,0.5,0.5,0.30524709820747375,0.47078707814216614
325,1775455421.2865763,91,person,0.5,0.3,0.11971291154623032,0.39295694231987
325,1775455421.2865763,95,person,0.5,0.5,0.16089263558387756,0.44913390278816223
325,1775455421.2865763,7,person,0.5,1.0,0.1267409771680832,0.5690111517906189
325,1775455421.2865763,102,person,0.5,0.5,0.1668083369731903,0.45002126693725586
326,1775455422.5461953,2,person,0.5,0.5,0.9130704998970032,0.5619605779647827
326,1775455422.5461953,79,person,0.5,1.0,0.20473046600818634,0.5807095766067505
326,1775455422.5461953,6,person,0.5,0.5,0.7808837890625,0.5421326160430908
326,1775455422.5461953,91,person,0.5,0.3,0.1673789918422699,0.40010684728622437
326,1775455422.5461953,95,person,0.5,0.5,0.1319548785686493,0.4447932541370392
326,1775455422.5461953,7,person,0.5,1.0,0.25609326362609863,0.5884140133857727
326,1775455422.5461953,100,person,0.5,0.5,0.8676176071166992,0.5551426410675049
327,1775455423.8774683,2,person,0.5,0.5,0.7382074594497681,0.5357311367988586
327,1775455423.8774683,79,person,0.5,1.0,0.14152969419956207,0.5712294578552246
327,1775455423.8774683,6,person,0.5,0.5,0.4636441171169281,0.4945466220378876
327,1775455423.8774683,91,person,0.5,0.3,0.1379789263010025,0.39569684863090515
327,1775455423.8774683,95,person,0.5,0.5,0.14550277590751648,0.44682544469833374
327,1775455423.8774683,7,person,0.5,1.0,0.15696898102760315,0.5735453367233276
327,1775455423.8774683,100,person,0.5,0.6,0.5611749291419983,0.534176230430603
327,1775455423.8774683,102,person,0.5,0.5,0.14021429419517517,0.44603216648101807
328,1775455425.3757396,2,person,0.5,0.5,0.6970174908638,0.5295526385307312
328,1775455425.3757396,79,person,0.5,1.0,0.19523771107196808,0.5792856812477112
328,1775455425.3757396,6,person,0.5,0.5,0.31112831830978394,0.4716692566871643
328,1775455425.3757396,91,person,0.5,0.6,0.052668727934360504,0.4579002857208252
328,1775455425.3757396,95,person,0.5,0.5,0.1310870349407196,0.44466307759284973
328,1775455425.3757396,7,person,0.5,1.0,0.09921763837337494,0.5648826360702515
328,1775455425.3757396,100,person,0.5,0.5,0.25361230969429016,0.46304187178611755
328,1775455425.3757396,102,person,0.5,0.5,0.15955869853496552,0.44893380999565125
329,1775455426.899722,2,person,0.5,0.5,0.754204273223877,0.5381306409835815
329,1775455426.899722,79,person,0.5,1.0,0.17357835173606873,0.5760367512702942
329,1775455426.899722,6,person,0.5,0.5,0.24885740876197815,0.46232861280441284
329,1775455426.899722,91,person,0.5,0.6,0.14918561279773712,0.47237783670425415
329,1775455426.899722,95,person,0.5,0.5,0.14205653965473175,0.4463084936141968
329,1775455426.899722,7,person,0.5,0.5,0.1442820131778717,0.44664230942726135
329,1775455426.899722,100,person,0.5,0.5,0.11290232092142105,0.44193536043167114
329,1775455426.899722,102,person,0.5,0.5,0.23205232620239258,0.4598078727722168
330,1775455428.3913825,2,person,0.5,0.5,0.5698059797286987,0.5104709267616272
330,1775455428.3913825,79,person,0.5,1.0,0.1357766091823578,0.5703665018081665
330,1775455428.3913825,6,person,0.5,0.5,0.23624737560749054,0.4604371190071106
330,1775455428.3913825,91,person,0.5,0.3,0.11505971103906631,0.3922589421272278
330,1775455428.3913825,95,person,0.5,0.6,0.1625458300113678,0.47438186407089233
330,1775455428.3913825,7,person,0.5,0.5,0.11706018447875977,0.44255903363227844
330,1775455428.3913825,100,person,0.5,0.5,0.1282956302165985,0.4442443549633026
330,1775455428.3913825,102,person,0.5,0.5,0.11902401596307755,0.4428536295890808
331,1775455429.9214983,2,person,0.5,0.5,0.5468817949295044,0.5070322751998901
331,1775455429.9214983,79,person,0.5,1.0,0.1329442411661148,0.5699416399002075
331,1775455429.9214983,6,person,0.5,0.5,0.19073709845542908,0.4536105692386627
331,1775455429.9214983,91,person,0.5,0.3,0.12178218364715576,0.39326733350753784
331,1775455429.9214983,95,person,0.5,0.6,0.11185391992330551,0.46677806973457336
331,1775455429.9214983,7,person,0.5,1.0,0.1567191481590271,0.5735079050064087
331,1775455429.9214983,100,person,0.5,0.5,0.1604032665491104,0.44906049966812134
331,1775455429.9214983,102,person,0.5,0.5,0.0985468253493309,0.4397820234298706
332,1775455431.4259663,2,person,0.5,0.5,0.5099318027496338,0.5014897584915161
332,1775455431.4259663,79,person,0.5,1.0,0.12009825557470322,0.5680147409439087
332,1775455431.4259663,6,person,0.5,0.5,0.3816000819206238,0.4822400212287903
332,1775455431.4259663,91,person,0.5,0.3,0.13739566504955292,0.3956093490123749
332,1775455431.4259663,95,person,0.5,0.6,0.0943550392985344,0.4641532301902771
332,1775455431.4259663,7,person,0.5,0.5,0.20296987891197205,0.4554454982280731
332,1775455431.4259663,100,person,0.5,0.5,0.10490439832210541,0.44073566794395447
332,1775455431.4259663,102,person,0.5,0.5,0.08582933992147446,0.4378744065761566
332,1775455431.4259663,11,person,0.5,0.6,1.0,0.6
333,1775455433.043312,2,person,0.5,0.5,0.6291229724884033,0.5193684697151184
333,1775455433.043312,79,person,0.5,1.0,0.22889646887779236,0.5843344926834106
333,1775455433.043312,6,person,0.5,0.5,0.2551075220108032,0.46326613426208496
333,1775455433.043312,91,person,0.5,0.6,0.12008120119571686,0.46801215410232544
333,1775455433.043312,95,person,0.5,0.6,0.09932734817266464,0.46489909291267395
333,1775455433.043312,7,person,0.5,0.5,0.254869282245636,0.4632304012775421
333,1775455433.043312,100,person,0.5,0.5,0.10282427072525024,0.4404236674308777
333,1775455433.043312,102,person,0.5,0.5,0.059997159987688065,0.43399959802627563
334,1775455434.536793,2,person,0.5,0.5,0.5496626496315002,0.5074493885040283
334,1775455434.536793,79,person,0.5,1.0,0.17037780582904816,0.5755566954612732
334,1775455434.536793,6,person,0.5,0.5,0.27411141991615295,0.466116726398468
334,1775455434.536793,91,person,0.5,0.3,0.16689316928386688,0.40003398060798645
334,1775455434.536793,95,person,0.5,0.6,0.08287634700536728,0.4624314308166504
334,1775455434.536793,7,person,0.5,0.5,0.1697162389755249,0.45045745372772217
334,1775455434.536793,100,person,0.5,0.5,0.19495123624801636,0.4542427062988281
334,1775455434.536793,102,person,0.5,0.5,0.4236525893211365,0.4885479211807251
334,1775455434.536793,11,person,0.5,1.0,0.40135136246681213,0.6102027297019958
335,1775455436.2132,79,person,0.5,1.0,0.17878633737564087,0.5768179893493652
335,1775455436.2132,6,person,0.5,0.5,0.32889264822006226,0.47433391213417053
335,1775455436.2132,91,person,0.5,0.6,0.1117766946554184,0.46676650643348694
335,1775455436.2132,95,person,0.5,0.6,0.10798773914575577,0.4661981463432312
335,1775455436.2132,7,person,0.5,0.5,0.33234477043151855,0.47485172748565674
335,1775455436.2132,100,person,0.5,0.5,0.25646862387657166,0.46347030997276306
335,1775455436.2132,102,person,0.5,0.5,0.1889336258172989,0.4533400535583496
335,1775455436.2132,82,person,0.5,0.6,1.0,0.6
336,1775455437.6812844,79,person,0.5,1.0,0.14374589920043945,0.571561872959137
336,1775455437.6812844,6,person,0.5,0.5,0.23221123218536377,0.45983171463012695
336,1775455437.6812844,91,person,0.5,0.6,0.10000725835561752,0.46500107645988464
336,1775455437.6812844,95,person,0.5,0.6,0.09402159601449966,0.46410322189331055
336,1775455437.6812844,7,person,0.5,0.5,0.21666964888572693,0.4575004577636719
336,1775455437.6812844,100,person,0.5,0.5,0.327780544757843,0.4741671085357666
336,1775455437.6812844,102,person,0.5,0.5,0.2801867127418518,0.46702802181243896
336,1775455437.6812844,82,person,0.5,0.3,0.6417284607887268,0.4712592661380768
337,1775455439.1397965,79,person,0.5,1.0,0.14061178267002106,0.5710917711257935
337,1775455439.1397965,91,person,0.5,0.6,0.10649542510509491,0.4659743010997772
337,1775455439.1397965,95,person,0.5,0.6,0.16255202889442444,0.47438278794288635
337,1775455439.1397965,7,person,0.5,0.5,0.20603784918785095,0.4559056758880615
337,1775455439.1397965,100,person,0.5,1.0,0.15883712470531464,0.5738255977630615
337,1775455439.1397965,102,person,0.5,0.5,0.13085788488388062,0.44462868571281433
337,1775455439.1397965,82,person,0.5,0.6,0.2992887496948242,0.49489331245422363
338,1775455440.494086,79,person,0.5,1.0,0.1732010692358017,0.5759801864624023
338,1775455440.494086,91,person,0.5,0.6,0.11212436109781265,0.466818630695343
338,1775455440.494086,95,person,0.5,0.5,0.14757132530212402,0.44713571667671204
338,1775455440.494086,7,person,0.5,0.5,0.20180252194404602,0.455270379781723
338,1775455440.494086,100,person,0.5,1.0,0.22433671355247498,0.583650529384613
338,1775455440.494086,102,person,0.5,0.5,0.06271207332611084,0.4344068169593811
338,1775455440.494086,82,person,0.5,0.3,0.22212454676628113,0.4083186984062195
339,1775455441.8603654,79,person,0.5,1.0,0.13179589807987213,0.5697693824768066
339,1775455441.8603654,91,person,0.5,0.6,0.10045526921749115,0.4650682806968689
339,1775455441.8603654,95,person,0.5,0.6,0.09983499348163605,0.4649752378463745
339,1775455441.8603654,7,person,0.5,0.5,0.29108375310897827,0.4686625599861145
339,1775455441.8603654,100,person,0.5,1.0,0.29604417085647583,0.5944066643714905
339,1775455441.8603654,102,person,0.5,0.5,0.11058937013149261,0.441588431596756
339,1775455441.8603654,82,person,0.5,0.6,1.0,0.6
340,1775455443.2366302,79,person,0.5,1.0,0.13769745826721191,0.5706546306610107
340,1775455443.2366302,91,person,0.5,0.3,0.07657095044851303,0.38648563623428345
340,1775455443.2366302,95,person,0.5,0.6,0.1966368854045868,0.4794955253601074
340,1775455443.2366302,7,person,0.5,0.5,0.2925794720649719,0.46888694167137146
340,1775455443.2366302,100,person,0.5,1.0,0.1802181452512741,0.577032744884491
340,1775455443.2366302,102,person,0.5,0.5,0.1669931858778,0.4500489830970764
340,1775455443.2366302,82,person,0.5,0.3,1.0,0.525
341,1775455444.58688,79,person,0.5,1.0,0.0983792096376419,0.5647568702697754
341,1775455444.58688,91,person,0.5,0.6,0.10799381881952286,0.4661990702152252
341,1775455444.58688,95,person,0.5,1.0,0.084795281291008,0.5627192854881287
341,1775455444.58688,7,person,0.5,0.5,0.3945086896419525,0.48417630791664124
341,1775455444.58688,100,person,0.5,0.5,0.3797340989112854,0.48196011781692505
341,1775455444.58688,102,person,0.5,0.5,0.11613625288009644,0.44242045283317566
341,1775455444.58688,82,person,0.5,0.3,0.7674039602279663,0.4901106059551239
342,1775455446.317746,79,person,0.5,1.0,0.14218170940876007,0.571327269077301
342,1775455446.317746,91,person,0.5,0.6,0.16895855963230133,0.4753437638282776
342,1775455446.317746,95,person,0.5,1.0,0.08381345123052597,0.5625720024108887
342,1775455446.317746,7,person,0.5,0.5,0.389932781457901,0.4834899306297302
342,1775455446.317746,100,person,0.5,0.5,0.3225141763687134,0.47337713837623596
342,1775455446.317746,102,person,0.5,0.5,0.08961111307144165,0.4384416937828064
342,1775455446.317746,82,person,0.5,0.3,1.0,0.525
343,1775455447.8388152,79,person,0.5,1.0,0.31577742099761963,0.5973666310310364
343,1775455447.8388152,91,person,0.5,0.6,0.05435798689723015,0.45815369486808777
343,1775455447.8388152,95,person,0.5,0.6,0.1439094990491867,0.4715864062309265
343,1775455447.8388152,7,person,0.5,0.5,0.8872551918029785,0.5580883026123047
343,1775455447.8388152,100,person,0.5,0.5,0.36953526735305786,0.4804303050041199
343,1775455447.8388152,102,person,0.5,0.5,0.1577126830816269,0.44865691661834717
343,1775455447.8388152,82,person,0.5,0.3,0.5455772876739502,0.4568365812301636
343,1775455447.8388152,105,person,0.5,0.5,0.318961501121521,0.4728442430496216
344,1775455449.5437803,79,person,0.5,1.0,0.19951306283473969,0.5799269676208496
344,1775455449.5437803,91,person,0.5,0.3,0.12488692998886108,0.39373302459716797
344,1775455449.5437803,95,person,0.5,1.0,0.10583274066448212,0.5658749341964722
344,1775455449.5437803,7,person,0.5,0.5,0.3995188772678375,0.48492783308029175
344,1775455449.5437803,100,person,0.5,0.5,0.6556743383407593,0.5233511924743652
344,1775455449.5437803,102,person,0.5,0.5,0.11216733604669571,0.44182512164115906
344,1775455449.5437803,82,person,0.5,0.3,0.21452870965003967,0.4071792960166931
345,1775455451.0907772,79,person,0.5,1.0,0.22617559134960175,0.5839263796806335
345,1775455451.0907772,91,person,0.5,0.6,0.10562743991613388,0.4658440947532654
345,1775455451.0907772,95,person,0.5,1.0,0.15368744730949402,0.5730531215667725
345,1775455451.0907772,7,person,0.5,0.5,0.6168153285980225,0.5175223350524902
345,1775455451.0907772,100,person,0.5,0.5,0.471113920211792,0.49566709995269775
345,1775455451.0907772,102,person,0.5,0.5,0.1445244401693344,0.44667866826057434
345,1775455451.0907772,105,person,0.5,0.5,0.22695858776569366,0.45904380083084106
346,1775455452.6722481,79,person,0.5,1.0,0.15903761982917786,0.5738556385040283
346,1775455452.6722481,91,person,0.5,0.6,0.13341185450553894,0.47001177072525024
346,1775455452.6722481,95,person,0.5,0.6,0.08572808653116226,0.46285921335220337
346,1775455452.6722481,7,person,0.5,0.5,0.5731611251831055,0.5109741687774658
346,1775455452.6722481,100,person,0.5,0.5,0.39250481128692627,0.48387575149536133
346,1775455452.6722481,102,person,0.5,0.5,0.11999108642339706,0.4429986774921417
346,1775455452.6722481,105,person,0.5,0.5,0.1409536898136139,0.4461430609226227
346,1775455452.6722481,82,person,0.5,0.3,0.8812287449836731,0.5071843266487122
347,1775455454.228154,79,person,0.5,1.0,0.15551260113716125,0.5733268857002258
347,1775455454.228154,91,person,0.5,0.3,0.11116111278533936,0.3916741609573364
347,1775455454.228154,95,person,0.5,1.0,0.2545812129974365,0.5881872177124023
347,1775455454.228154,7,person,0.5,0.5,0.5222432613372803,0.503336489200592
347,1775455454.228154,100,person,0.5,0.5,0.5066335797309875,0.5009950399398804
347,1775455454.228154,102,person,0.5,0.5,0.12515932321548462,0.44377392530441284
347,1775455454.228154,82,person,0.9076838493347168,0.3,0.6456173062324524,0.7164528965950012
348,1775455455.6365807,79,person,0.5,1.0,0.19302353262901306,0.5789535641670227
348,1775455455.6365807,91,person,0.5,0.3,0.12819084525108337,0.39422863721847534
348,1775455455.6365807,95,person,0.5,1.0,0.1742924600839615,0.5761438608169556
348,1775455455.6365807,100,person,0.5,0.5,0.2986726462841034,0.4698009192943573
348,1775455455.6365807,102,person,0.5,0.5,0.11861401796340942,0.4427921175956726
348,1775455455.6365807,82,person,0.5,0.6,0.6859943270683289,0.5528991222381592
349,1775455456.9569755,79,person,0.5,1.0,0.139842227101326,0.5709763765335083
349,1775455456.9569755,91,person,0.5,0.3,0.12858687341213226,0.394288033246994
349,1775455456.9569755,95,person,0.5,0.6,0.1068451777100563,0.46602675318717957
349,1775455456.9569755,100,person,0.5,0.5,0.39612212777137756,0.4844183325767517
349,1775455456.9569755,102,person,0.5,0.5,0.10927699506282806,0.44139155745506287
349,1775455456.9569755,82,person,0.5,0.3,0.5167504549026489,0.45251256227493286
349,1775455456.9569755,105,person,0.5,0.5,0.14557304978370667,0.4468359649181366
350,1775455458.4616508,79,person,0.5,1.0,0.10237213224172592,0.5653558373451233
350,1775455458.4616508,91,person,0.5,0.3,0.12001977860927582,0.3930029571056366
350,1775455458.4616508,95,person,0.5,1.0,0.10606341063976288,0.5659095048904419
350,1775455458.4616508,100,person,0.5,0.5,0.11866462230682373,0.44279971718788147
350,1775455458.4616508,82,person,0.5,0.3,0.5514965653419495,0.4577244818210602
350,1775455458.4616508,105,person,0.5,0.5,0.17645475268363953,0.45146822929382324
351,1775455459.725778,79,person,0.5,0.6,0.2445140779018402,0.4866771101951599
351,1775455459.725778,91,person,0.5,0.3,0.17454060912132263,0.40118110179901123
351,1775455459.725778,95,person,0.5,1.0,0.20466303825378418,0.5806994438171387
351,1775455459.725778,100,person,0.5,0.5,0.15015387535095215,0.4475230872631073
351,1775455459.725778,82,person,0.5,0.3,0.3144567310810089,0.4221685230731964
351,1775455459.725778,105,person,0.5,0.5,0.0786311998963356,0.4367946982383728
351,1775455459.725778,102,person,0.5,0.5,0.5031167268753052,0.5004675388336182
352,1775455461.0730858,79,person,0.5,1.0,0.12068967521190643,0.5681034922599792
352,1775455461.0730858,91,person,0.5,0.3,0.14610949158668518,0.3969164192676544
352,1775455461.0730858,95,person,0.5,1.0,0.0888470709323883,0.5633270740509033
352,1775455461.0730858,100,person,0.5,0.5,0.26059776544570923,0.46408969163894653
352,1775455461.0730858,82,person,0.5,0.3,0.2377660572528839,0.4106649160385132
352,1775455461.0730858,105,person,0.5,0.5,0.058600157499313354,0.43379002809524536
352,1775455461.0730858,102,person,0.5,0.5,0.23200006783008575,0.45980003476142883
353,1775455462.443492,79,person,0.5,1.0,0.1479862630367279,0.5721979737281799
353,1775455462.443492,91,person,0.5,0.3,0.16102096438407898,0.3991531431674957
353,1775455462.443492,95,person,0.5,0.6,0.06808915734291077,0.4602133631706238
353,1775455462.443492,100,person,0.5,0.3,0.13900944590568542,0.3958514332771301
353,1775455462.443492,82,person,0.5,0.3,0.18692225217819214,0.40303835272789
353,1775455462.443492,102,person,0.5,0.5,0.4745786786079407,0.4961868226528168
354,1775455463.689591,79,person,0.5,1.0,0.31648626923561096,0.5974729657173157
354,1775455463.689591,91,person,0.5,0.3,0.13406239449977875,0.3951093554496765
354,1775455463.689591,95,person,0.5,1.0,0.15604160726070404,0.5734062790870667
354,1775455463.689591,100,person,0.5,0.5,0.19029691815376282,0.453544557094574
354,1775455463.689591,82,person,0.5,0.3,0.15436241030693054,0.3981543779373169
354,1775455463.689591,102,person,0.5,0.5,0.42334967851638794,0.48850247263908386
354,1775455463.689591,105,person,0.5,0.5,0.10569560527801514,0.44085434079170227
355,1775455465.2212248,91,person,0.5,0.3,0.1458081603050232,0.3968712091445923
355,1775455465.2212248,95,person,0.5,1.0,0.11880284547805786,0.5678204298019409
355,1775455465.2212248,100,person,0.5,1.0,0.2341538667678833,0.5851230621337891
355,1775455465.2212248,82,person,0.5,0.3,0.7495661973953247,0.48743492364883423
355,1775455465.2212248,102,person,0.5,0.5,0.2984040379524231,0.46976062655448914
355,1775455465.2212248,105,person,0.5,0.5,0.10206735134124756,0.44031012058258057
356,1775455466.5240412,91,person,0.5,0.3,0.058440256863832474,0.3837660253047943
356,1775455466.5240412,95,person,0.5,1.0,0.07261781394481659,0.5608927011489868
356,1775455466.5240412,100,person,0.5,0.5,0.1550494134426117,0.4482574164867401
356,1775455466.5240412,82,person,0.5,0.3,0.12186135351657867,0.39327919483184814
356,1775455466.5240412,102,person,0.5,0.5,0.1353665292263031,0.4453049898147583
356,1775455466.5240412,105,person,0.5,0.5,0.030559411272406578,0.42958393692970276
356,1775455466.5240412,79,person,0.5,1.0,0.2537516951560974,0.5880627632141113
357,1775455467.9300585,91,person,0.5,0.3,0.11338628828525543,0.3920079469680786
357,1775455467.9300585,95,person,0.5,1.0,0.10160090774297714,0.5652401447296143
357,1775455467.9300585,100,person,0.5,0.5,0.219844251871109,0.45797663927078247
357,1775455467.9300585,82,person,0.5,0.3,0.3496801257133484,0.427452027797699
357,1775455467.9300585,105,person,0.5,0.5,0.1237199530005455,0.443558007478714
358,1775455469.0359423,91,person,0.5,0.3,0.17177139222621918,0.40076571702957153
358,1775455469.0359423,95,person,0.5,1.0,0.08071067929267883,0.5621066093444824
358,1775455469.0359423,100,person,0.5,1.0,0.25450223684310913,0.588175356388092
358,1775455469.0359423,82,person,0.5,0.3,0.13349470496177673,0.39502421021461487
358,1775455469.0359423,105,person,0.5,0.5,0.10044535249471664,0.4400668144226074
359,1775455470.1814942,91,person,0.5,0.3,0.07161886990070343,0.38574284315109253
359,1775455470.1814942,95,person,0.5,1.0,0.13302025198936462,0.5699530243873596
359,1775455470.1814942,100,person,0.5,1.0,0.2958749234676361,0.5943812727928162
359,1775455470.1814942,82,person,0.5,0.3,0.1138206347823143,0.3920730948448181
359,1775455470.1814942,105,person,0.5,0.5,0.1932874619960785,0.45399314165115356
359,1775455470.1814942,102,person,0.5,0.5,0.5090123414993286,0.5013518333435059
360,1775455471.4493692,91,person,0.5,0.3,0.14302988350391388,0.39645448327064514
360,1775455471.4493692,95,person,0.5,1.0,0.1401413530111313,0.5710211992263794
360,1775455471.4493692,100,person,0.5,1.0,0.19759829342365265,0.579639732837677
360,1775455471.4493692,82,person,0.5,0.3,0.19302573800086975,0.4039538502693176
360,1775455471.4493692,105,person,0.5,0.5,0.21112637221813202,0.4566689729690552
360,1775455471.4493692,102,person,0.5,0.6,0.21337763965129852,0.48200663924217224
361,1775455472.6383102,91,person,0.5,0.3,0.16564033925533295,0.39984604716300964
361,1775455472.6383102,95,person,0.5,1.0,0.057533811777830124,0.558630108833313
361,1775455472.6383102,100,person,0.5,1.0,0.08754836767911911,0.5631322860717773
361,1775455472.6383102,82,person,0.5,0.3,0.08618941158056259,0.38792842626571655
361,1775455472.6383102,105,person,0.5,0.5,0.1057833582162857,0.44086751341819763
361,1775455472.6383102,102,person,0.5,0.3,0.19861498475074768,0.40479224920272827
361,1775455472.6383102,79,person,0.5,1.0,0.41945648193359375,0.612918496131897
362,1775455474.010181,91,person,0.5,0.3,0.10979211330413818,0.3914688229560852
362,1775455474.010181,95,person,0.5,1.0,0.0737052783370018,0.5610557794570923
362,1775455474.010181,100,person,0.5,1.0,0.1780632734298706,0.576709508895874
362,1775455474.010181,82,person,0.5,0.3,0.1402299851179123,0.39603450894355774
362,1775455474.010181,105,person,0.5,0.5,0.16839590668678284,0.45025938749313354
362,1775455474.010181,102,person,0.5,1.0,0.19784846901893616,0.5796772837638855
363,1775455475.255754,91,person,0.5,0.3,0.14864499866962433,0.3972967565059662
363,1775455475.255754,95,person,0.5,0.5,0.08701349049806595,0.4380520284175873
363,1775455475.255754,100,person,0.5,0.5,0.269076406955719,0.46536147594451904
363,1775455475.255754,82,person,0.5,0.3,0.21402251720428467,0.40710338950157166
363,1775455475.255754,105,person,0.5,0.5,0.08512825518846512,0.4377692639827728
363,1775455475.255754,102,person,0.5,0.3,0.18389402329921722,0.40258410573005676
363,1775455475.255754,79,person,0.5,1.0,1.0,0.7000000000000001
364,1775455476.5539453,91,person,0.5,0.3,0.09302514791488647,0.3889537751674652
364,1775455476.5539453,95,person,0.5,1.0,0.08238734304904938,0.5623581409454346
364,1775455476.5539453,100,person,0.5,1.0,0.15146282315254211,0.5727194547653198
364,1775455476.5539453,82,person,0.5,0.3,0.12518635392189026,0.3937779664993286
364,1775455476.5539453,105,person,0.5,0.5,0.14780807495117188,0.4471712112426758
364,1775455476.5539453,102,person,0.5,0.5,0.21616379916667938,0.4574245810508728
364,1775455476.5539453,79,person,0.5,1.0,1.0,0.7000000000000001
365,1775455477.8596797,91,person,0.5,0.3,0.11625128984451294,0.3924376964569092
365,1775455477.8596797,95,person,0.5,1.0,0.07310185581445694,0.5609652996063232
365,1775455477.8596797,100,person,0.5,1.0,0.23054245114326477,0.5845813751220703
365,1775455477.8596797,82,person,0.5,0.3,0.15061840415000916,0.3975927531719208
365,1775455477.8596797,105,person,0.5,0.5,0.11295121908187866,0.4419426918029785
365,1775455477.8596797,102,person,0.5,0.3,0.212441086769104,0.4068661630153656
365,1775455477.8596797,79,person,0.5,1.0,0.2699977159500122,0.5904996395111084
366,1775455479.1424804,91,person,0.5,0.3,0.13674792647361755,0.395512193441391
366,1775455479.1424804,95,person,0.5,1.0,0.10296566784381866,0.5654448866844177
366,1775455479.1424804,100,person,0.5,0.6,0.21729807555675507,0.48259469866752625
366,1775455479.1424804,82,person,0.5,0.3,0.13288114964962006,0.39493218064308167
366,1775455479.1424804,105,person,0.5,0.5,0.06902597099542618,0.4353539049625397
366,1775455479.1424804,102,person,0.5,0.5,0.36055243015289307,0.4790828824043274
366,1775455479.1424804,79,person,0.5,1.0,0.15730054676532745,0.5735951066017151
367,1775455480.5064754,91,person,0.5,0.6,0.20352444052696228,0.48052865266799927
367,1775455480.5064754,95,person,0.5,0.5,0.1140604242682457,0.442109078168869
367,1775455480.5064754,100,person,0.5,0.6,0.18929027020931244,0.4783935248851776
367,1775455480.5064754,82,person,0.5,0.3,0.14641860127449036,0.3969627916812897
367,1775455480.5064754,105,person,0.5,0.5,0.05760321021080017,0.4336404800415039
367,1775455480.5064754,102,person,0.5,0.5,0.1853378713130951,0.4528006911277771
367,1775455480.5064754,79,person,0.5,0.6,0.11637548357248306,0.46745631098747253
368,1775455482.0354586,91,person,0.5,0.3,0.11971976608037949,0.3929579555988312
368,1775455482.0354586,95,person,0.5,0.5,0.11634856462478638,0.4424523115158081
368,1775455482.0354586,100,person,0.5,1.0,0.10803060233592987,0.5662046074867249
368,1775455482.0354586,82,person,0.7418657541275024,0.3,0.10839910805225372,0.5363792777061462
368,1775455482.0354586,105,person,0.5,0.5,0.09146694093942642,0.43872004747390747
368,1775455482.0354586,102,person,0.5,0.5,0.27632254362106323,0.4664483964443207
368,1775455482.0354586,79,person,0.5,0.6,0.09576322138309479,0.4643644690513611
369,1775455483.4018636,91,person,0.5,0.3,0.15358994901180267,0.39803850650787354
369,1775455483.4018636,95,person,0.5,0.6,0.10894478857517242,0.46634170413017273
369,1775455483.4018636,100,person,0.5,1.0,0.05333548039197922,0.5580003261566162
369,1775455483.4018636,82,person,0.5,0.3,0.15052048861980438,0.39757806062698364
369,1775455483.4018636,105,person,0.5,0.5,0.14796815812587738,0.44719523191452026
369,1775455483.4018636,79,person,0.5,0.6,0.14154112339019775,0.4712311625480652
370,1775455484.6092565,91,person,0.5,0.3,0.11902284622192383,0.39285343885421753
370,1775455484.6092565,95,person,0.5,0.6,0.07217200100421906,0.4608258008956909
370,1775455484.6092565,100,person,0.5,1.0,0.2732505202293396,0.5909875631332397
370,1775455484.6092565,82,person,0.7672871351242065,0.3,0.3251867890357971,0.5841502547264099
370,1775455484.6092565,105,person,0.5,0.5,0.21863190829753876,0.45779478549957275
370,1775455484.6092565,79,person,0.5,0.6,0.0911681056022644,0.46367520093917847
371,1775455485.9742508,91,person,0.5,0.3,0.0726630687713623,0.38589945435523987
371,1775455485.9742508,95,person,0.5,0.6,0.21940895915031433,0.4829113483428955
371,1775455485.9742508,100,person,0.5,1.0,0.15972930192947388,0.5739594101905823
371,1775455485.9742508,82,person,0.5,0.3,0.16547870635986328,0.39982181787490845
371,1775455485.9742508,105,person,0.5,0.5,0.0584549680352211,0.43376827239990234
371,1775455485.9742508,79,person,0.5,1.0,1.0,0.7000000000000001
372,1775455487.2669542,91,person,0.5,0.3,0.1069769486784935,0.39104655385017395
372,1775455487.2669542,95,person,0.5,0.6,0.130252406001091,0.4695378541946411
372,1775455487.2669542,100,person,0.5,1.0,0.16032299399375916,0.5740484595298767
372,1775455487.2669542,82,person,0.7727946043014526,0.3,0.20820942521095276,0.5699081420898438
372,1775455487.2669542,105,person,0.5,0.5,0.06455878168344498,0.43468382954597473
372,1775455487.2669542,79,person,0.5,1.0,1.0,0.7000000000000001
373,1775455488.8341458,91,person,0.5,0.3,0.10318287461996078,0.39047741889953613
373,1775455488.8341458,95,person,0.5,0.6,0.19212234020233154,0.4788183271884918
373,1775455488.8341458,100,person,0.5,1.0,0.18903189897537231,0.5783547759056091
373,1775455488.8341458,82,person,0.5,0.3,0.22393696010112762,0.40859055519104004
373,1775455488.8341458,105,person,0.5,0.5,0.11341880261898041,0.44201284646987915
373,1775455488.8341458,79,person,0.5,0.6,0.36288636922836304,0.5044329166412354
374,1775455490.0572762,91,person,0.5,0.3,0.1570242941379547,0.39855363965034485
374,1775455490.0572762,95,person,0.5,0.6,0.3698338270187378,0.5054750442504883
374,1775455490.0572762,100,person,0.5,1.0,0.0355566181242466,0.5553334951400757
374,1775455490.0572762,82,person,0.5,0.3,0.17230258882045746,0.40084537863731384
374,1775455490.0572762,105,person,0.5,0.5,0.1490723192691803,0.4473608732223511
374,1775455490.0572762,79,person,0.5,1.0,0.1935541331768036,0.5790331363677979
375,1775455491.217179,91,person,0.5,0.3,0.08088070154190063,0.38713210821151733
375,1775455491.217179,95,person,0.5,1.0,0.35587480664253235,0.6033812165260315
375,1775455491.217179,100,person,0.5,1.0,0.17435619235038757,0.5761534571647644
375,1775455491.217179,82,person,0.5,0.3,0.1857346147298813,0.40286019444465637
375,1775455491.217179,105,person,0.5,0.5,0.15794502198696136,0.4486917555332184
375,1775455491.217179,79,person,0.5,1.0,0.15789608657360077,0.5736844539642334
376,1775455492.377937,91,person,0.5,0.3,0.14303530752658844,0.3964552879333496
376,1775455492.377937,95,person,0.5,0.6,0.12249930948019028,0.4683748781681061
376,1775455492.377937,100,person,0.5,0.6,0.24874842166900635,0.4873122572898865
376,1775455492.377937,82,person,0.5,0.6,0.17702877521514893,0.4765543043613434
376,1775455492.377937,105,person,0.5,0.5,0.066334567964077,0.43495020270347595
376,1775455492.377937,79,person,0.5,1.0,0.17054884135723114,0.5755823254585266
377,1775455493.6379032,91,person,0.5,0.3,0.06444179266691208,0.3846662640571594
377,1775455493.6379032,95,person,0.5,1.0,0.3441005349159241,0.6016150712966919
377,1775455493.6379032,100,person,0.5,1.0,0.24429073929786682,0.586643636226654
377,1775455493.6379032,82,person,0.5,0.3,0.2912891209125519,0.4186933636665344
377,1775455493.6379032,105,person,0.5,0.5,0.14422544836997986,0.44663381576538086
377,1775455493.6379032,79,person,0.5,1.0,0.10139038413763046,0.5652085542678833
378,1775455494.7951126,91,person,0.5,0.3,0.09390748292207718,0.38908612728118896
378,1775455494.7951126,95,person,0.5,1.0,0.2303110808134079,0.584546685218811
378,1775455494.7951126,100,person,0.5,0.6,0.2619481682777405,0.4892922043800354
378,1775455494.7951126,82,person,0.9023981094360352,0.3,0.17860651016235352,0.6432298421859741
378,1775455494.7951126,105,person,0.5,0.5,0.13522550463676453,0.44528383016586304
378,1775455494.7951126,79,person,0.5,1.0,0.1395384669303894,0.5709307789802551
379,1775455495.9502842,91,person,0.5,0.3,0.13404232263565063,0.39510634541511536
379,1775455495.9502842,95,person,0.5,0.6,0.11831313371658325,0.4677469730377197
379,1775455495.9502842,100,person,0.5,0.6,0.14130263030529022,0.47119536995887756
379,1775455495.9502842,82,person,0.5,0.6,0.2252902090549469,0.4837935268878937
379,1775455495.9502842,105,person,0.5,0.5,0.1417754888534546,0.4462663233280182
379,1775455495.9502842,79,person,0.5,1.0,0.09979015588760376,0.5649685263633728
380,1775455497.1338212,91,person,0.5,0.3,0.14034000039100647,0.39605098962783813
380,1775455497.1338212,95,person,0.5,0.6,0.8448449373245239,0.5767267346382141
380,1775455497.1338212,100,person,0.5,0.6,0.15022863447666168,0.47253429889678955
380,1775455497.1338212,82,person,0.5,0.6,0.13395154476165771,0.4700927138328552
380,1775455497.1338212,105,person,0.5,0.5,0.1481686383485794,0.44722530245780945
380,1775455497.1338212,79,person,0.5,1.0,0.11405537277460098,0.5671083331108093
381,1775455498.2927463,91,person,0.5,0.6,0.12600117921829224,0.4689001739025116
381,1775455498.2927463,95,person,0.5,0.6,0.7228094935417175,0.5584214329719543
381,1775455498.2927463,100,person,0.5,1.0,0.1843966543674469,0.5776594877243042
381,1775455498.2927463,82,person,0.5,0.6,0.24276022613048553,0.48641401529312134
381,1775455498.2927463,105,person,0.5,0.5,0.10356472432613373,0.44053471088409424
381,1775455498.2927463,79,person,0.5,1.0,0.09628237783908844,0.5644423961639404
382,1775455499.4404933,91,person,0.5,0.6,0.08057810366153717,0.4620867073535919
382,1775455499.4404933,95,person,0.5,0.6,0.2691936492919922,0.4903790354728699
382,1775455499.4404933,100,person,0.5,1.0,0.19295209646224976,0.5789428353309631
382,1775455499.4404933,82,person,0.9173951745033264,0.3,0.18103663623332977,0.6525925993919373
382,1775455499.4404933,105,person,0.5,0.5,0.08911686390638351,0.4383675456047058
382,1775455499.4404933,79,person,0.5,1.0,0.12486491352319717,0.5687297582626343
383,1775455500.6506188,91,person,0.5,0.6,0.09078024327754974,0.4636170268058777
383,1775455500.6506188,95,person,0.5,0.6,0.7481685876846313,0.5622252821922302
383,1775455500.6506188,100,person,0.5,1.0,0.2542881667613983,0.5881432294845581
383,1775455500.6506188,82,person,0.9376600384712219,0.3,0.1625872701406479,0.6619840860366821
383,1775455500.6506188,105,person,0.5,0.5,0.15764856338500977,0.44864729046821594
383,1775455500.6506188,79,person,0.5,1.0,0.11435595899820328,0.5671533942222595
384,1775455501.9525907,91,person,0.5,0.3,0.17236080765724182,0.40085411071777344
384,1775455501.9525907,95,person,0.5,0.6,0.47091683745384216,0.5206375122070312
384,1775455501.9525907,100,person,0.5,0.6,0.21318063139915466,0.48197707533836365
384,1775455501.9525907,82,person,0.8978722095489502,0.3,0.18169920146465302,0.640978217124939
384,1775455501.9525907,105,person,0.5,0.5,0.06642498075962067,0.43496376276016235
384,1775455501.9525907,79,person,0.5,1.0,0.1961880922317505,0.5794282555580139
385,1775455503.3519988,91,person,0.5,0.6,0.09698338806629181,0.4645474851131439
385,1775455503.3519988,95,person,0.5,0.6,0.23101139068603516,0.48465168476104736
385,1775455503.3519988,100,person,0.5,1.0,0.07741552591323853,0.5616123676300049
385,1775455503.3519988,82,person,0.9150586128234863,0.3,0.16209226846694946,0.6483490467071533
385,1775455503.3519988,105,person,0.5,0.5,0.09160299599170685,0.43874046206474304
385,1775455503.3519988,79,person,0.5,1.0,0.13277417421340942,0.5699161291122437
386,1775455504.5785525,91,person,0.5,0.3,0.10576240718364716,0.39086437225341797
386,1775455504.5785525,95,person,0.5,0.6,0.17538201808929443,0.47630730271339417
386,1775455504.5785525,100,person,0.5,1.0,0.10178466886281967,0.5652677416801453
386,1775455504.5785525,82,person,0.9459792971611023,0.6,0.1598099321126938,0.7415590882301331
386,1775455504.5785525,105,person,0.5,0.5,0.08576957136392593,0.4378654360771179
386,1775455504.5785525,79,person,0.5,1.0,0.10378782451152802,0.565568208694458
387,1775455506.0226998,91,person,0.5,0.3,0.10380736738443375,0.39057111740112305
387,1775455506.0226998,95,person,0.5,0.6,0.10635193437337875,0.4659527838230133
387,1775455506.0226998,100,person,0.5,0.5,0.19997672736644745,0.4549965262413025
387,1775455506.0226998,82,person,0.9363091588020325,0.6,0.1939416080713272,0.7408767342567444
387,1775455506.0226998,105,person,0.5,0.5,0.13246658444404602,0.4448699951171875
387,1775455506.0226998,79,person,0.5,1.0,0.1591208279132843,0.5738681554794312
388,1775455507.4586477,91,person,0.5,0.3,0.12172307819128036,0.3932584524154663
388,1775455507.4586477,95,person,0.5,0.3,0.1486738622188568,0.3973010778427124
388,1775455507.4586477,100,person,0.5,0.6,0.07342471182346344,0.46101370453834534
388,1775455507.4586477,82,person,0.993025004863739,0.6,0.2444518506526947,0.7824827432632446
388,1775455507.4586477,105,person,0.5,0.5,0.06474900990724564,0.43471235036849976
388,1775455507.4586477,79,person,0.5,1.0,0.1055799275636673,0.565837025642395
389,1775455509.1171515,91,person,0.5,0.6,0.142709881067276,0.4714064598083496
389,1775455509.1171515,95,person,0.5,1.0,0.16116659343242645,0.5741750001907349
389,1775455509.1171515,100,person,0.5,0.3,0.05901865288615227,0.3838528096675873
389,1775455509.1171515,82,person,0.978618860244751,0.6,0.15614470839500427,0.7605929970741272
389,1775455509.1171515,105,person,0.5,0.5,0.06597322225570679,0.43489599227905273
389,1775455509.1171515,79,person,0.5,1.0,0.13988550007343292,0.570982813835144
390,1775455510.7410753,91,person,0.5,0.3,0.11866315454244614,0.3927994668483734
390,1775455510.7410753,95,person,0.5,0.3,0.08389884978532791,0.3875848352909088
390,1775455510.7410753,100,person,0.5,1.0,0.14470723271369934,0.5717061161994934
390,1775455510.7410753,82,person,0.9848164319992065,0.6,0.16901247203350067,0.766241729259491
390,1775455510.7410753,105,person,0.5,0.5,0.12176614999771118,0.4432649314403534
390,1775455510.7410753,79,person,0.5,1.0,0.13425715267658234,0.5701385736465454
391,1775455512.203264,91,person,0.5,0.3,0.10994426906108856,0.3914916515350342
391,1775455512.203264,95,person,0.5,0.6,0.14962464570999146,0.47244369983673096
391,1775455512.203264,100,person,0.5,0.6,0.16215239465236664,0.4743228554725647
391,1775455512.203264,82,person,0.8719133734703064,0.6,0.15508881211280823,0.6964113712310791
391,1775455512.203264,105,person,0.5,0.5,0.11841628700494766,0.44276246428489685
391,1775455512.203264,79,person,0.5,1.0,0.1489039808511734,0.5723356008529663
392,1775455513.5290065,91,person,0.5,0.3,0.07864527404308319,0.3867968022823334
392,1775455513.5290065,95,person,0.5,0.6,0.1984199732542038,0.4797629714012146
392,1775455513.5290065,100,person,0.5,0.6,0.12470531463623047,0.46870577335357666
392,1775455513.5290065,82,person,0.9041535258293152,0.6,0.12962409853935242,0.7119357585906982
392,1775455513.5290065,105,person,0.5,0.5,0.12216522544622421,0.4433248043060303
392,1775455513.5290065,79,person,0.5,1.0,0.11926456540822983,0.5678896903991699
393,1775455514.7310596,91,person,0.5,0.3,0.1373821198940277,0.3956073224544525
393,1775455514.7310596,95,person,0.5,1.0,0.3003849387168884,0.5950577259063721
393,1775455514.7310596,100,person,0.5,1.0,0.1804710328578949,0.5770706534385681
393,1775455514.7310596,82,person,0.9872684478759766,0.6,0.14531615376472473,0.7641584873199463
393,1775455514.7310596,105,person,0.5,0.5,0.12964759767055511,0.4444471597671509
393,1775455514.7310596,79,person,0.5,1.0,0.13779667019844055,0.5706695318222046
394,1775455515.929066,91,person,0.5,0.3,0.12499795854091644,0.3937496840953827
394,1775455515.929066,95,person,0.5,1.0,0.5025618672370911,0.6253842711448669
394,1775455515.929066,100,person,0.5,0.6,0.15903618931770325,0.4738554060459137
394,1775455515.929066,82,person,0.5,0.6,0.13692864775657654,0.47053927183151245
394,1775455515.929066,105,person,0.5,0.5,0.19214361906051636,0.4538215696811676
394,1775455515.929066,79,person,0.5,1.0,0.1138509064912796,0.56707763671875
395,1775455517.1320987,91,person,0.5,0.3,0.15648676455020905,0.39847302436828613
395,1775455517.1320987,95,person,0.5,1.0,0.2915180027484894,0.593727707862854
395,1775455517.1320987,100,person,0.5,1.0,0.20614337921142578,0.5809215307235718
395,1775455517.1320987,82,person,0.5,0.6,0.12441366910934448,0.4686620235443115
395,1775455517.1320987,105,person,0.5,0.5,0.28137731552124023,0.46720659732818604
395,1775455517.1320987,79,person,0.5,1.0,0.11753550916910172,0.5676303505897522
396,1775455518.334787,91,person,0.5,0.3,0.12664726376533508,0.39399710297584534
396,1775455518.334787,95,person,0.5,0.6,0.29781776666641235,0.49467265605926514
396,1775455518.334787,100,person,0.5,1.0,0.22051508724689484,0.5830772519111633
396,1775455518.334787,82,person,0.5,0.6,0.1408328264951706,0.47112491726875305
396,1775455518.334787,105,person,0.5,0.5,0.15242865681648254,0.4478643238544464
396,1775455518.334787,79,person,0.5,1.0,0.1578797996044159,0.5736820101737976
397,1775455519.536248,91,person,0.5,0.3,0.09275130182504654,0.38891270756721497
397,1775455519.536248,95,person,0.5,1.0,0.20610396564006805,0.580915629863739
397,1775455519.536248,100,person,0.5,1.0,0.17984387278556824,0.5769765973091125
397,1775455519.536248,82,person,0.8919709920883179,0.6,0.2170901745557785,0.7177460789680481
397,1775455519.536248,105,person,0.5,0.5,0.16850796341896057,0.4502761960029602
397,1775455519.536248,79,person,0.5,0.6,0.12119172513484955,0.46817874908447266
398,1775455520.8041039,91,person,0.5,0.6,0.12484563887119293,0.46872684359550476
398,1775455520.8041039,95,person,0.5,1.0,0.05908551067113876,0.5588628649711609
398,1775455520.8041039,100,person,0.5,1.0,0.12544098496437073,0.5688161849975586
398,1775455520.8041039,82,person,0.9292513728141785,0.6,0.13824886083602905,0.7282881736755371
398,1775455520.8041039,105,person,0.5,0.5,0.0961763933300972,0.4394264817237854
398,1775455520.8041039,79,person,0.5,0.6,0.1066376194357872,0.4659956395626068
399,1775455521.9575026,91,person,0.5,0.3,0.08839701116085052,0.38825955986976624
399,1775455521.9575026,95,person,0.5,1.0,0.09243040531873703,0.5638645887374878
399,1775455521.9575026,100,person,0.5,0.6,0.3363790214061737,0.5004568696022034
399,1775455521.9575026,82,person,0.9982527494430542,0.6,0.10014329105615616,0.7639731764793396
399,1775455521.9575026,105,person,0.5,0.5,0.08028165251016617,0.4370422661304474
399,1775455521.9575026,79,person,0.5,1.0,0.1401691883802414,0.5710253715515137
399,1775455521.9575026,125,person,0.5,0.5,0.0,0.425
400,1775455523.2452483,91,person,0.5,0.3,0.12300193309783936,0.3934502899646759
400,1775455523.2452483,95,person,0.5,0.6,0.2137749195098877,0.48206621408462524
400,1775455523.2452483,100,person,0.5,0.6,0.15945610404014587,0.4739184081554413
400,1775455523.2452483,82,person,0.9947975277900696,0.6,0.09481531381607056,0.7611008286476135
400,1775455523.2452483,105,person,0.5,0.5,0.15980088710784912,0.44897013902664185
400,1775455523.2452483,79,person,0.5,0.6,0.1599097102880478,0.4739864468574524
400,1775455523.2452483,125,person,0.5,1.0,0.6456471085548401,0.6468470692634583
401,1775455524.6046493,91,person,0.5,0.3,0.1227274164557457,0.3934091031551361
401,1775455524.6046493,95,person,0.5,0.6,0.13952480256557465,0.47092869877815247
401,1775455524.6046493,100,person,0.5,0.6,0.19848954677581787,0.4797734320163727
401,1775455524.6046493,82,person,0.5,0.6,0.13189908862113953,0.46978485584259033
401,1775455524.6046493,105,person,0.5,0.3,0.14519858360290527,0.39677977561950684
401,1775455524.6046493,79,person,0.5,1.0,0.21850237250328064,0.582775354385376
401,1775455524.6046493,125,person,0.5,0.5,0.6510257720947266,0.5226538777351379
402,1775455526.063684,91,person,0.5,0.3,0.15616564452648163,0.39842483401298523
402,1775455526.063684,95,person,0.5,0.6,0.08550290763378143,0.4628254175186157
402,1775455526.063684,100,person,0.5,0.3,0.1000962108373642,0.3900144398212433
402,1775455526.063684,82,person,0.9949422478675842,0.6,0.12101636081933975,0.7651178240776062
402,1775455526.063684,105,person,0.5,0.6,0.14140726625919342,0.4712110757827759
402,1775455526.063684,79,person,0.5,0.6,0.13922525942325592,0.4708837866783142
402,1775455526.063684,125,person,0.5,0.3,0.6716481447219849,0.4757472276687622
403,1775455527.4902058,91,person,0.5,0.3,0.2138441503047943,0.4070766270160675
403,1775455527.4902058,95,person,0.5,0.6,0.21928492188453674,0.4828927218914032
403,1775455527.4902058,100,person,0.5,0.6,0.13441070914268494,0.4701615869998932
403,1775455527.4902058,82,person,0.9177967309951782,0.3,0.13977226614952087,0.646643877029419
403,1775455527.4902058,105,person,0.5,0.6,0.049291886389255524,0.4573937654495239
403,1775455527.4902058,79,person,0.5,1.0,0.13272669911384583,0.5699090361595154
403,1775455527.4902058,125,person,0.5,0.5,0.6024913191795349,0.515373706817627
404,1775455528.9342103,91,person,0.5,0.3,0.12134669721126556,0.393202006816864
404,1775455528.9342103,95,person,0.5,0.3,0.06554124504327774,0.38483119010925293
404,1775455528.9342103,100,person,0.5,0.3,0.18173834681510925,0.40226075053215027
404,1775455528.9342103,82,person,0.5,0.3,0.1762869656085968,0.4014430344104767
404,1775455528.9342103,105,person,0.5,0.3,0.26315686106681824,0.4144735336303711
404,1775455528.9342103,79,person,0.5,1.0,0.1613834798336029,0.5742075443267822
404,1775455528.9342103,125,person,0.5,0.3,0.7696635723114014,0.49044954776763916
405,1775455530.3581347,91,person,0.5,0.3,0.10490572452545166,0.3907358646392822
405,1775455530.3581347,95,person,0.5,0.6,0.08836428821086884,0.4632546305656433
405,1775455530.3581347,100,person,0.5,0.5,0.12720367312431335,0.44408056139945984
405,1775455530.3581347,82,person,0.5,0.3,0.14751799404621124,0.3971276879310608
405,1775455530.3581347,105,person,0.5,0.3,0.17494253814220428,0.40124139189720154
405,1775455530.3581347,79,person,0.5,1.0,0.12845854461193085,0.5692688226699829
406,1775455531.667353,91,person,0.5,0.3,0.11008185148239136,0.39151227474212646
406,1775455531.667353,95,person,0.5,0.6,0.3279361128807068,0.49919041991233826
406,1775455531.667353,100,person,0.7172592878341675,1.0,0.2400347739458084,0.7163607478141785
406,1775455531.667353,82,person,0.5,0.3,0.12058315426111221,0.3930874764919281
406,1775455531.667353,105,person,0.5,0.3,0.10958804935216904,0.39143821597099304
406,1775455531.667353,79,person,0.5,0.6,0.13084301352500916,0.46962642669677734
407,1775455532.9588435,91,person,0.5,0.3,0.09132645279169083,0.3886989653110504
407,1775455532.9588435,95,person,0.5,0.6,0.27281469106674194,0.4909221827983856
407,1775455532.9588435,100,person,0.4994540810585022,1.0,0.540799081325531,0.6307922601699829
407,1775455532.9588435,82,person,0.9982015490531921,0.3,0.1613496094942093,0.6981233954429626
407,1775455532.9588435,105,person,0.5,0.6,0.1424976885318756,0.47137463092803955
407,1775455532.9588435,79,person,0.5,1.0,0.12674745917320251,0.5690121054649353
407,1775455532.9588435,125,person,0.5,0.3,0.14907163381576538,0.39736074209213257
408,1775455534.3225884,91,person,0.5,0.3,0.11777933686971664,0.39266690611839294
408,1775455534.3225884,95,person,0.5,0.6,0.14202824234962463,0.4713042378425598
408,1775455534.3225884,100,person,0.5,1.0,0.622094988822937,0.6433142423629761
408,1775455534.3225884,82,person,0.9011375904083252,0.3,0.14093945920467377,0.6368234753608704
408,1775455534.3225884,105,person,0.5,0.6,0.1697656214237213,0.4754648208618164
408,1775455534.3225884,79,person,0.5,0.6,0.14113593101501465,0.4711703658103943
408,1775455534.3225884,129,person,0.5,0.5,0.0,0.425
408,1775455534.3225884,125,person,0.5,0.5,0.19009537994861603,0.45351430773735046
409,1775455535.7401922,91,person,0.5,0.3,0.09845925867557526,0.38976889848709106
409,1775455535.7401922,95,person,0.5,0.6,0.10676976293325424,0.46601545810699463
409,1775455535.7401922,100,person,0.5,0.5,0.611812949180603,0.5167719721794128
409,1775455535.7401922,82,person,0.9229847192764282,0.3,0.13398705422878265,0.648888885974884
409,1775455535.7401922,105,person,0.5,0.6,0.1301569789648056,0.469523549079895
409,1775455535.7401922,79,person,0.5,0.6,0.07695718854665756,0.46154356002807617
409,1775455535.7401922,129,person,0.5,0.5,0.5566672682762146,0.5085000991821289
409,1775455535.7401922,125,person,0.5,0.5,0.18235743045806885,0.4523536264896393
410,1775455537.1362605,91,person,0.5,0.3,0.11508059501647949,0.3922621011734009
410,1775455537.1362605,95,person,0.5,0.6,0.16622650623321533,0.4749339520931244
410,1775455537.1362605,100,person,0.5,0.5,0.47522974014282227,0.49628448486328125
410,1775455537.1362605,82,person,0.5,0.3,0.18110428750514984,0.40216565132141113
410,1775455537.1362605,105,person,0.5,0.5,0.08402277529239655,0.4376034140586853
410,1775455537.1362605,79,person,0.5,0.6,0.13479258120059967,0.47021886706352234
410,1775455537.1362605,129,person,0.5,0.5,0.5461705327033997,0.5069255828857422
410,1775455537.1362605,125,person,0.5,1.0,0.1317085325717926,0.569756269454956
411,1775455538.573463,91,person,0.5,0.3,0.06738753616809845,0.3851081430912018
411,1775455538.573463,95,person,0.5,0.6,0.31437206268310547,0.4971557855606079
411,1775455538.573463,100,person,0.5,0.5,0.253434956073761,0.46301525831222534
411,1775455538.573463,82,person,0.5,0.3,0.14971140027046204,0.39745670557022095
411,1775455538.573463,105,person,0.5,0.6,0.2053758203983307,0.4808063507080078
411,1775455538.573463,79,person,0.5,0.6,0.18045254051685333,0.47706785798072815
411,1775455538.573463,129,person,0.5,0.5,0.5232890844345093,0.5034933686256409
412,1775455539.8318923,91,person,0.5,0.3,0.10226911306381226,0.3903403580188751
412,1775455539.8318923,95,person,0.5,0.6,0.1281278133392334,0.4692191481590271
412,1775455539.8318923,100,person,0.5,0.3,0.43169212341308594,0.43975383043289185
412,1775455539.8318923,82,person,0.9762347936630249,0.3,0.17395785450935364,0.6868345141410828
412,1775455539.8318923,105,person,0.5,0.5,0.7127479314804077,0.5319122076034546
412,1775455539.8318923,79,person,0.5,0.6,0.10013675689697266,0.4650205075740814
412,1775455539.8318923,129,person,0.5,0.5,0.5629916191101074,0.509448766708374
413,1775455541.123589,91,person,0.5,0.3,0.06768958270549774,0.3851534426212311
413,1775455541.123589,95,person,0.5,0.6,0.1841016262769699,0.47761523723602295
413,1775455541.123589,100,person,0.5,0.5,0.3004193902015686,0.47006291151046753
413,1775455541.123589,82,person,0.8988107442855835,0.3,0.10375286638736725,0.629849374294281
413,1775455541.123589,79,person,0.5,0.6,0.1379195749759674,0.4706879258155823
413,1775455541.123589,129,person,0.5,0.5,0.3955754339694977,0.48433631658554077
414,1775455542.3967617,91,person,0.5,0.3,0.07747500389814377,0.38662123680114746
414,1775455542.3967617,95,person,0.5,0.6,0.10481933504343033,0.4657228887081146
414,1775455542.3967617,100,person,0.5,0.6,0.21096989512443542,0.48164546489715576
414,1775455542.3967617,82,person,0.5,0.3,0.0934104323387146,0.38901156187057495
414,1775455542.3967617,79,person,0.5,0.6,0.15377457439899445,0.47306618094444275
414,1775455542.3967617,129,person,0.5,0.5,0.3585057854652405,0.47877588868141174
414,1775455542.3967617,125,person,0.5,0.6,1.0,0.6
414,1775455542.3967617,105,person,0.5,0.6,0.8101913332939148,0.5715286731719971
415,1775455543.9052665,91,person,0.5,0.3,0.12356557697057724,0.3935348391532898
415,1775455543.9052665,95,person,0.5,0.3,0.05220893770456314,0.382831335067749
415,1775455543.9052665,100,person,0.5,0.6,0.4897824823856354,0.5234673619270325
415,1775455543.9052665,82,person,0.5,0.3,0.1291823834180832,0.39437735080718994
415,1775455543.9052665,79,person,0.5,1.0,0.14717607200145721,0.5720764398574829
415,1775455543.9052665,129,person,0.5,0.5,0.5650122165679932,0.5097518563270569
415,1775455543.9052665,125,person,0.5,0.5,0.2182191163301468,0.4577328860759735
415,1775455543.9052665,105,person,0.5,0.6,0.8044805526733398,0.5706720948219299
416,1775455545.520132,91,person,0.5,0.3,0.0755034014582634,0.38632550835609436
416,1775455545.520132,95,person,0.5,0.6,0.13718579709529877,0.4705778658390045
416,1775455545.520132,100,person,0.5,0.6,0.18789972364902496,0.47818493843078613
416,1775455545.520132,82,person,0.9662541747093201,0.3,0.10043289512395859,0.6698174476623535
416,1775455545.520132,79,person,0.5,1.0,0.1684335172176361,0.5752650499343872
416,1775455545.520132,129,person,0.5,0.5,0.5679534673690796,0.5101930499076843
416,1775455545.520132,125,person,0.5,0.5,0.21296313405036926,0.4569444954395294
416,1775455545.520132,105,person,0.5,0.6,0.2983775734901428,0.49475663900375366
417,1775455546.9579382,91,person,0.5,0.3,0.11865399777889252,0.3927980959415436
417,1775455546.9579382,95,person,0.5,1.0,0.1541181355714798,0.573117733001709
417,1775455546.9579382,100,person,0.5,0.5,0.41766461730003357,0.48764970898628235
417,1775455546.9579382,82,person,0.5,0.3,0.0721215158700943,0.3858182430267334
417,1775455546.9579382,79,person,0.5,0.6,0.13215908408164978,0.46982383728027344
417,1775455546.9579382,129,person,0.5,0.5,0.5659281611442566,0.5098892450332642
417,1775455546.9579382,125,person,0.5,0.6,0.08096374571323395,0.46214455366134644
417,1775455546.9579382,105,person,0.5,0.6,0.12454941123723984,0.4686824083328247
418,1775455548.5073125,91,person,0.7947834730148315,0.3,0.07746385782957077,0.5634896755218506
418,1775455548.5073125,95,person,0.5,0.6,0.13112224638462067,0.46966832876205444
418,1775455548.5073125,100,person,0.5,0.5,0.24458825588226318,0.46168825030326843
418,1775455548.5073125,82,person,0.5,0.3,0.08018887042999268,0.3870283365249634
418,1775455548.5073125,79,person,0.5,0.6,0.07760556042194366,0.4616408348083496
418,1775455548.5073125,129,person,0.5,0.5,0.4051753878593445,0.4857763350009918
418,1775455548.5073125,125,person,0.5,1.0,0.29014575481414795,0.5935218930244446
418,1775455548.5073125,105,person,0.5,0.6,0.2329050600528717,0.4849357604980469
419,1775455550.0342085,91,person,0.5,0.3,0.09887079894542694,0.389830619096756
419,1775455550.0342085,95,person,0.5,1.0,0.10836644470691681,0.5662549734115601
419,1775455550.0342085,100,person,0.5,0.5,0.2530911862850189,0.46296370029449463
419,1775455550.0342085,82,person,0.5,0.3,0.13958309590816498,0.3959374725818634
419,1775455550.0342085,79,person,0.5,1.0,0.2201683074235916,0.5830252766609192
419,1775455550.0342085,125,person,0.5,1.0,0.1276596486568451,0.5691489577293396
419,1775455550.0342085,105,person,0.5,0.6,0.09359855949878693,0.46403977274894714
420,1775455551.6270726,91,person,0.5,0.3,0.1025523990392685,0.3903828561306
420,1775455551.6270726,95,person,0.5,1.0,0.1470450758934021,0.572056770324707
420,1775455551.6270726,100,person,0.5,0.3,0.22942861914634705,0.40941429138183594
420,1775455551.6270726,82,person,0.5,0.3,0.07105015963315964,0.38565751910209656
420,1775455551.6270726,79,person,0.5,1.0,0.15695741772651672,0.5735436081886292
420,1775455551.6270726,125,person,0.5,0.5,0.05607183650135994,0.43341079354286194
420,1775455551.6270726,105,person,0.5,0.6,0.09171845763921738,0.4637577533721924
420,1775455551.6270726,129,person,0.5,0.5,0.48002591729164124,0.4970039129257202
421,1775455553.1148279,91,person,0.5,0.3,0.08474143594503403,0.38771122694015503
421,1775455553.1148279,95,person,0.5,1.0,0.32206714153289795,0.598310112953186
421,1775455553.1148279,100,person,0.9512544870376587,1.0,0.44301289319992065,0.887204647064209
421,1775455553.1148279,82,person,0.5,0.3,0.09702564775943756,0.38955384492874146
421,1775455553.1148279,79,person,0.5,1.0,0.11633558571338654,0.5674503445625305
421,1775455553.1148279,125,person,0.5,0.6,0.08564121276140213,0.46284615993499756
421,1775455553.1148279,105,person,0.5,0.6,0.07504240423440933,0.46125635504722595
421,1775455553.1148279,129,person,0.5,0.5,0.48712748289108276,0.4980691373348236
422,1775455554.6175148,91,person,0.5,0.3,0.10473491996526718,0.3907102346420288
422,1775455554.6175148,95,person,0.5,1.0,0.18111680448055267,0.5771675109863281
422,1775455554.6175148,100,person,0.5,0.6,0.17706367373466492,0.4765595495700836
422,1775455554.6175148,82,person,0.5,0.3,0.07928697019815445,0.38689303398132324
422,1775455554.6175148,79,person,0.5,1.0,0.091871477663517,0.5637807250022888
422,1775455554.6175148,105,person,0.5,0.6,0.12075189501047134,0.4681127667427063
422,1775455554.6175148,129,person,0.5,0.5,0.5297562479972839,0.5044634342193604
423,1775455556.2223914,91,person,0.5,0.3,0.12322177737951279,0.3934832811355591
423,1775455556.2223914,95,person,0.5,0.6,0.24747426807880402,0.4871211349964142
423,1775455556.2223914,100,person,0.5,0.3,0.19068452715873718,0.4036026895046234
423,1775455556.2223914,82,person,0.5,0.3,0.07363875210285187,0.38604581356048584
423,1775455556.2223914,79,person,0.5,1.0,0.44996771216392517,0.6174951791763306
423,1775455556.2223914,105,person,0.5,0.3,0.07409229129552841,0.38611385226249695
424,1775455557.54831,91,person,0.5,0.3,0.10233119875192642,0.39034968614578247
424,1775455557.54831,95,person,0.5,1.0,0.17243783175945282,0.5758656859397888
424,1775455557.54831,100,person,0.5,0.3,0.25070804357528687,0.41260620951652527
424,1775455557.54831,82,person,0.5,0.3,0.15482690930366516,0.39822402596473694
424,1775455557.54831,79,person,0.5,1.0,0.5153872966766357,0.6273081302642822
424,1775455557.54831,105,person,0.5,0.6,0.10065387189388275,0.4650980830192566
425,1775455558.7787657,91,person,0.5,0.3,0.06133271008729935,0.38419991731643677
425,1775455558.7787657,95,person,0.5,0.6,0.2915630042552948,0.4937344491481781
425,1775455558.7787657,100,person,0.5,0.3,0.216478630900383,0.40747180581092834
425,1775455558.7787657,82,person,0.5,0.3,0.10476034879684448,0.39071404933929443
425,1775455558.7787657,79,person,0.5,1.0,0.1754797399044037,0.5763219594955444
425,1775455558.7787657,105,person,0.5,0.6,0.1698557436466217,0.4754783511161804
425,1775455558.7787657,129,person,0.5,1.0,1.0,0.7000000000000001
426,1775455560.1310663,91,person,0.5,0.3,0.1111486554145813,0.3916723132133484
426,1775455560.1310663,95,person,0.5,0.6,0.14419153332710266,0.47162872552871704
426,1775455560.1310663,100,person,0.5,0.3,0.07706563174724579,0.3865598440170288
426,1775455560.1310663,82,person,0.5,0.3,0.10822591930627823,0.391233891248703
426,1775455560.1310663,79,person,0.5,1.0,0.1940830498933792,0.5791124701499939
426,1775455560.1310663,129,person,0.5,0.5,0.7315244674682617,0.5347287058830261
427,1775455561.4123354,91,person,0.5,0.3,0.10802017152309418,0.39120301604270935
427,1775455561.4123354,95,person,0.5,0.6,0.22879166901111603,0.48431873321533203
427,1775455561.4123354,100,person,0.5,0.3,0.27470481395721436,0.4162057340145111
427,1775455561.4123354,82,person,0.5,0.3,0.10112734884023666,0.3901691138744354
427,1775455561.4123354,79,person,0.5,1.0,0.1154460683465004,0.5673169493675232
427,1775455561.4123354,129,person,0.5,1.0,0.6342393755912781,0.6451359391212463
427,1775455561.4123354,105,person,0.5,0.6,0.29006949067115784,0.4935104250907898
428,1775455562.725053,91,person,0.5,0.3,0.10902883857488632,0.3913543224334717
428,1775455562.725053,95,person,0.5,0.6,0.306784987449646,0.4960177540779114
428,1775455562.725053,100,person,0.5,0.3,0.17173686623573303,0.4007605314254761
428,1775455562.725053,82,person,0.5,0.3,0.16855241358280182,0.4002828598022461
428,1775455562.725053,79,person,0.5,1.0,0.10603050142526627,0.5659046173095703
428,1775455562.725053,129,person,0.5,1.0,0.579513430595398,0.6369270086288452
428,1775455562.725053,105,person,0.5,0.3,0.879109263420105,0.5068663954734802
429,1775455564.1830115,91,person,0.5,0.3,0.0930473804473877,0.38895711302757263
429,1775455564.1830115,95,person,0.5,1.0,0.10481061041355133,0.5657216310501099
429,1775455564.1830115,100,person,0.5,0.3,0.11457405239343643,0.39218610525131226
429,1775455564.1830115,82,person,0.5,0.3,0.07025618851184845,0.3855384290218353
429,1775455564.1830115,79,person,0.5,1.0,0.15330718457698822,0.5729960799217224
429,1775455564.1830115,129,person,0.5,0.5,0.3475968837738037,0.47713953256607056
430,1775455565.3286748,91,person,0.5,0.3,0.11014164984226227,0.39152124524116516
430,1775455565.3286748,95,person,0.5,1.0,0.311890184879303,0.5967835187911987
430,1775455565.3286748,100,person,0.5,0.3,0.21717815101146698,0.4075767397880554
430,1775455565.3286748,82,person,0.5,0.3,0.0584445521235466,0.38376668095588684
430,1775455565.3286748,79,person,0.5,1.0,0.08876612037420273,0.5633149147033691
430,1775455565.3286748,129,person,0.5,1.0,0.6452979445457458,0.6467946767807007
431,1775455566.468291,91,person,0.5,0.3,0.13609005510807037,0.39541351795196533
431,1775455566.468291,95,person,0.5,1.0,0.18601714074611664,0.5779025554656982
431,1775455566.468291,100,person,0.5,0.3,0.08510389178991318,0.3877655863761902
431,1775455566.468291,82,person,0.5,0.3,0.0655054897069931,0.38482582569122314
431,1775455566.468291,79,person,0.5,0.6,0.11984720081090927,0.4679770767688751
431,1775455566.468291,129,person,0.5,1.0,0.5334986448287964,0.630024790763855
432,1775455567.615706,91,person,0.5,0.5,0.14472034573554993,0.4467080533504486
432,1775455567.615706,95,person,0.5,1.0,0.17244048416614532,0.5758661031723022
432,1775455567.615706,100,person,0.5,0.6,0.33643639087677,0.500465452671051
432,1775455567.615706,82,person,0.5,0.3,0.08065393567085266,0.387098103761673
432,1775455567.615706,79,person,0.5,1.0,0.5781285762786865,0.636719286441803
432,1775455567.615706,105,person,0.5,0.6,0.7966516613960266,0.5694977641105652
433,1775455568.8182874,91,person,0.5,0.5,0.1331675946712494,0.4449751377105713
433,1775455568.8182874,95,person,0.5,1.0,0.10568098723888397,0.565852165222168
433,1775455568.8182874,100,person,0.5,1.0,0.11158158630132675,0.5667372345924377
433,1775455568.8182874,82,person,0.5,0.3,0.07687464356422424,0.38653120398521423
433,1775455568.8182874,79,person,0.5,1.0,0.06636764109134674,0.5599551796913147
433,1775455568.8182874,135,person,0.5,0.5,0.0,0.425
434,1775455569.9709358,91,person,0.5,0.3,0.15709719061851501,0.39856457710266113
434,1775455569.9709358,95,person,0.5,1.0,0.13389739394187927,0.5700846314430237
434,1775455569.9709358,100,person,0.5,1.0,0.17624525725841522,0.5764368176460266
434,1775455569.9709358,82,person,0.5,0.6,0.10288967192173004,0.4654334485530853
434,1775455569.9709358,79,person,0.5,1.0,0.281485378742218,0.5922228097915649
434,1775455569.9709358,135,person,0.5,0.5,0.3444455564022064,0.4766668379306793
434,1775455569.9709358,125,person,0.5,0.6,1.0,0.6
434,1775455569.9709358,105,person,0.5,0.5,1.0,0.575
435,1775455571.4118698,91,person,0.5,0.3,0.10558976978063583,0.39083847403526306
435,1775455571.4118698,95,person,0.5,1.0,0.1652405709028244,0.5747861266136169
435,1775455571.4118698,100,person,0.5,0.5,0.11397497355937958,0.4420962631702423
435,1775455571.4118698,82,person,0.5,0.6,0.08305752277374268,0.46245861053466797
435,1775455571.4118698,79,person,0.5,1.0,0.23554456233978271,0.5853316783905029
435,1775455571.4118698,135,person,0.5,0.5,0.28781992197036743,0.46817299723625183
435,1775455571.4118698,125,person,0.5,0.5,0.2666364312171936,0.46499547362327576
435,1775455571.4118698,105,person,0.5,0.3,0.42019277811050415,0.4380289316177368
436,1775455572.774339,91,person,0.5,0.3,0.1231318861246109,0.39346978068351746
436,1775455572.774339,95,person,0.5,1.0,0.19158032536506653,0.5787370800971985
436,1775455572.774339,100,person,0.5,0.6,0.10600708425045013,0.46590104699134827
436,1775455572.774339,82,person,0.5,0.6,0.1402081549167633,0.47103121876716614
436,1775455572.774339,79,person,0.5,0.6,0.4675620496273041,0.5201343297958374
436,1775455572.774339,135,person,0.5,0.5,0.20399555563926697,0.4555993378162384
436,1775455572.774339,125,person,0.5,0.6,0.2138218879699707,0.48207327723503113
436,1775455572.774339,105,person,0.5,0.3,0.27895599603652954,0.4168434143066406
437,1775455574.1437361,91,person,0.5,0.3,0.14944127202033997,0.39741620421409607
437,1775455574.1437361,95,person,0.5,1.0,0.10303530842065811,0.5654553174972534
437,1775455574.1437361,100,person,0.5,0.5,0.14853277802467346,0.4472799301147461
437,1775455574.1437361,82,person,0.5,0.6,0.08396328240633011,0.46259447932243347
437,1775455574.1437361,79,person,0.5,1.0,0.2749243378639221,0.5912386775016785
437,1775455574.1437361,135,person,0.5,0.5,0.4059717655181885,0.4858957827091217
437,1775455574.1437361,125,person,0.5,0.5,0.23852352797985077,0.46077853441238403
437,1775455574.1437361,105,person,0.5,0.3,0.15987198054790497,0.3989807963371277
438,1775455575.4774148,91,person,0.5,0.3,0.15634578466415405,0.39845186471939087
438,1775455575.4774148,95,person,0.5,1.0,0.09094752371311188,0.563642144203186
438,1775455575.4774148,100,person,0.5,0.6,0.14797574281692505,0.4721963405609131
438,1775455575.4774148,82,person,0.5,0.3,0.05022941157221794,0.3825344145298004
438,1775455575.4774148,79,person,0.5,1.0,0.0756254717707634,0.5613438487052917
438,1775455575.4774148,105,person,0.5,0.6,0.1380506455898285,0.47070759534835815
439,1775455576.704864,91,person,0.5,0.3,0.10246358811855316,0.3903695344924927
439,1775455576.704864,95,person,0.5,1.0,0.2325994074344635,0.5848899483680725
439,1775455576.704864,100,person,0.5,1.0,0.13370846211910248,0.5700562596321106
439,1775455576.704864,82,person,0.5,0.3,0.05763351172208786,0.38364502787590027
439,1775455576.704864,79,person,0.5,1.0,0.09510105848312378,0.5642651915550232
439,1775455576.704864,105,person,0.5,0.6,0.8588706254959106,0.5788305997848511
439,1775455576.704864,125,person,0.5,0.5,0.23135802149772644,0.4597037136554718
440,1775455578.0603592,91,person,0.5,0.3,0.1508655697107315,0.39762982726097107
440,1775455578.0603592,95,person,0.5,1.0,0.11822565644979477,0.567733883857727
440,1775455578.0603592,100,person,0.5,0.5,0.15624850988388062,0.44843727350234985
440,1775455578.0603592,82,person,0.9575607776641846,0.6,0.04533856362104416,0.7313372492790222
440,1775455578.0603592,79,person,0.5,1.0,0.09451113641262054,0.5641766786575317
440,1775455578.0603592,105,person,0.5,0.5,0.7151820063591003,0.5322773456573486
440,1775455578.0603592,125,person,0.5,0.5,0.1808767318725586,0.4521315097808838
441,1775455579.43686,91,person,0.2931564450263977,0.3,0.2199019491672516,0.2838791608810425
441,1775455579.43686,95,person,0.5,1.0,0.16565407812595367,0.5748481154441833
441,1775455579.43686,100,person,0.5,0.6,0.23010411858558655,0.48451560735702515
441,1775455579.43686,82,person,0.5,0.3,0.10963662713766098,0.39144548773765564
441,1775455579.43686,79,person,0.5,1.0,0.0847337618470192,0.5627100467681885
441,1775455579.43686,105,person,0.5,0.3,0.478511244058609,0.44677668809890747
441,1775455579.43686,125,person,0.5,1.0,0.10243741422891617,0.5653656125068665
442,1775455580.7243178,91,person,0.5,0.3,0.14769038558006287,0.3971535563468933
442,1775455580.7243178,95,person,0.5,1.0,0.09335017204284668,0.564002513885498
442,1775455580.7243178,100,person,0.5,1.0,0.1533285528421402,0.5729992985725403
442,1775455580.7243178,82,person,0.9767460823059082,0.6,0.10624003410339355,0.751983642578125
442,1775455580.7243178,79,person,0.5,1.0,0.865655243396759,0.679848313331604
442,1775455580.7243178,105,person,0.5,0.3,0.15334448218345642,0.39800167083740234
442,1775455580.7243178,125,person,0.5,0.5,0.12416929006576538,0.44362539052963257
443,1775455582.1420054,91,person,0.5,0.3,0.19673779606819153,0.4045106768608093
443,1775455582.1420054,95,person,0.5,1.0,0.07073312252759933,0.5606099963188171
443,1775455582.1420054,100,person,0.5,1.0,0.14608970284461975,0.571913480758667
443,1775455582.1420054,82,person,0.9612036347389221,0.3,0.06347757577896118,0.6612438559532166
443,1775455582.1420054,79,person,0.5,1.0,0.3668769598007202,0.6050315499305725
443,1775455582.1420054,105,person,0.5,0.6,0.15996053814888,0.47399407625198364
443,1775455582.1420054,125,person,0.5,0.5,0.11575337499380112,0.44236302375793457
444,1775455583.4291403,91,person,0.5,0.3,0.15294086933135986,0.39794114232063293
444,1775455583.4291403,95,person,0.5,1.0,0.09332422912120819,0.5639986395835876
444,1775455583.4291403,100,person,0.5,1.0,0.1611875593662262,0.574178159236908
444,1775455583.4291403,82,person,0.9721361994743347,0.6,0.10918982326984406,0.7496601939201355
444,1775455583.4291403,79,person,0.5,1.0,0.41673001646995544,0.6125094890594482
444,1775455583.4291403,105,person,0.5,0.6,0.08976928889751434,0.4634653925895691
444,1775455583.4291403,125,person,0.5,1.0,0.10739652067422867,0.5661094784736633
445,1775455584.8255475,91,person,0.5,0.3,0.1183941587805748,0.3927591145038605
445,1775455584.8255475,95,person,0.5,1.0,0.06978505104780197,0.5604677796363831
445,1775455584.8255475,100,person,0.5,1.0,0.1001008152961731,0.5650151371955872
445,1775455584.8255475,82,person,0.5,0.3,0.15455614030361176,0.3981834352016449
445,1775455584.8255475,79,person,0.5,0.6,0.07742814719676971,0.4616142213344574
445,1775455584.8255475,105,person,0.5,0.6,0.08888964354991913,0.4633334279060364
446,1775455586.0178063,91,person,0.7700133919715881,0.3,0.1482284963130951,0.559242308139801
446,1775455586.0178063,95,person,0.5,1.0,0.12783929705619812,0.5691758990287781
446,1775455586.0178063,100,person,0.5,0.6,0.1881747990846634,0.4782262146472931
446,1775455586.0178063,82,person,0.9218789339065552,0.3,0.08200865238904953,0.6404286623001099
446,1775455586.0178063,79,person,0.5,0.6,0.15585075318813324,0.47337761521339417
446,1775455586.0178063,105,person,0.5,0.6,0.050326667726039886,0.45754897594451904
447,1775455587.2122803,91,person,0.7623312473297119,0.3,0.18384574353694916,0.5599756240844727
447,1775455587.2122803,95,person,0.5,1.0,0.14917591214179993,0.5723763704299927
447,1775455587.2122803,100,person,0.5,0.6,0.11976506561040878,0.4679647386074066
447,1775455587.2122803,82,person,0.903824508190155,0.3,0.08690017461776733,0.6303297281265259
447,1775455587.2122803,79,person,0.5,0.6,0.10749970376491547,0.466124951839447
447,1775455587.2122803,105,person,0.5,0.6,0.03742761164903641,0.4556141197681427
448,1775455588.4017198,91,person,0.7210119366645813,0.3,0.15458425879478455,0.5307947993278503
448,1775455588.4017198,95,person,0.5,1.0,0.08625023066997528,0.5629375576972961
448,1775455588.4017198,100,person,0.5,0.6,0.1458166539669037,0.471872478723526
448,1775455588.4017198,82,person,0.5,0.3,0.09412910789251328,0.38911935687065125
448,1775455588.4017198,79,person,0.5,0.6,0.13675153255462646,0.470512717962265
448,1775455588.4017198,105,person,0.5,0.6,0.0437701940536499,0.4565655291080475
448,1775455588.4017198,125,person,0.5,1.0,0.31982162594795227,0.5979732275009155
449,1775455589.7036765,91,person,0.7867438793182373,0.3,0.17706003785133362,0.5736052989959717
449,1775455589.7036765,95,person,0.5,1.0,0.08131509274244308,0.5621972680091858
449,1775455589.7036765,100,person,0.5,0.6,0.10045985132455826,0.4650689661502838
449,1775455589.7036765,82,person,0.5,0.3,0.08086563646793365,0.38712984323501587
449,1775455589.7036765,79,person,0.5,1.0,0.32766467332839966,0.5991497039794922
449,1775455589.7036765,105,person,0.5,0.6,0.08877339959144592,0.4633159935474396
449,1775455589.7036765,125,person,0.5,0.5,0.19451625645160675,0.4541774392127991
450,1775455591.0604649,91,person,0.7618823051452637,0.3,0.12052258104085922,0.550207793712616
450,1775455591.0604649,95,person,0.5,1.0,0.15807516872882843,0.5737112760543823
450,1775455591.0604649,100,person,0.5,0.6,0.12321591377258301,0.4684823751449585
450,1775455591.0604649,82,person,0.5,0.3,0.07053395360708237,0.3855800926685333
450,1775455591.0604649,79,person,0.5,0.6,0.7492249011993408,0.5623837113380432
450,1775455591.0604649,105,person,0.5,0.6,0.08891589939594269,0.46333736181259155
450,1775455591.0604649,125,person,0.5,0.5,0.12908273935317993,0.44436243176460266
451,1775455592.3696008,91,person,0.6918981075286865,0.3,0.13341863453388214,0.5101516246795654
451,1775455592.3696008,95,person,0.5,1.0,0.06809263676404953,0.5602139234542847
451,1775455592.3696008,100,person,0.5,1.0,0.08903683722019196,0.563355565071106
451,1775455592.3696008,82,person,0.5,0.3,0.09317706525325775,0.3889765739440918
451,1775455592.3696008,79,person,0.5,1.0,0.338886559009552,0.600832998752594
451,1775455592.3696008,105,person,0.5,0.6,0.0938410833477974,0.4640761613845825
451,1775455592.3696008,125,person,0.5,0.5,0.11602669954299927,0.44240403175354004
452,1775455593.7053528,91,person,0.669912576675415,0.3,0.11115299165248871,0.49362048506736755
452,1775455593.7053528,95,person,0.5,1.0,0.15671363472938538,0.5735070705413818
452,1775455593.7053528,100,person,0.5,1.0,0.13643062114715576,0.5704646110534668
452,1775455593.7053528,82,person,0.5,0.3,0.14444927871227264,0.39666739106178284
452,1775455593.7053528,79,person,0.5,1.0,0.20444922149181366,0.5806673765182495
452,1775455593.7053528,105,person,0.5,0.5,0.09746968746185303,0.4396204650402069
452,1775455593.7053528,125,person,0.5,0.5,0.12165345996618271,0.44324803352355957
453,1775455595.0909052,91,person,0.6630112528800964,0.3,0.14864382147789001,0.4951033294200897
453,1775455595.0909052,95,person,0.5,1.0,0.09378331154584885,0.5640674829483032
453,1775455595.0909052,100,person,0.5,0.6,0.12012080103158951,0.468018114566803
453,1775455595.0909052,82,person,0.5,0.3,0.1493092179298401,0.39739638566970825
453,1775455595.0909052,79,person,0.5,1.0,0.14465053379535675,0.5716975927352905
453,1775455595.0909052,105,person,0.5,0.5,0.10701878368854523,0.4410528242588043
453,1775455595.0909052,125,person,0.5,0.5,0.1325162649154663,0.4448774456977844
454,1775455596.4378264,91,person,0.6208707094192505,0.3,0.1707109957933426,0.4731290936470032
454,1775455596.4378264,95,person,0.5,1.0,0.10152550041675568,0.5652288198471069
454,1775455596.4378264,100,person,0.5,1.0,0.15728303790092468,0.573592483997345
454,1775455596.4378264,82,person,0.5,0.3,0.13244503736495972,0.3948667645454407
454,1775455596.4378264,79,person,0.5,0.6,0.22317203879356384,0.48347580432891846
454,1775455596.4378264,105,person,0.5,0.5,0.10887644439935684,0.4413314759731293
454,1775455596.4378264,125,person,0.5,0.5,0.08524526655673981,0.4377868175506592
455,1775455597.7127414,91,person,0.5703831315040588,0.3,0.1354440450668335,0.4375464916229248
455,1775455597.7127414,95,person,0.5,1.0,0.2532482445240021,0.5879872441291809
455,1775455597.7127414,100,person,0.5,1.0,0.13574960827827454,0.5703624486923218
455,1775455597.7127414,82,person,0.5,0.6,0.1257624477148056,0.4688643515110016
455,1775455597.7127414,79,person,0.5,0.6,0.13749200105667114,0.47062379121780396
455,1775455597.7127414,105,person,0.5,0.5,0.08452405035495758,0.43767863512039185
455,1775455597.7127414,125,person,0.5,0.5,0.07666344195604324,0.43649953603744507
456,1775455599.046681,91,person,0.6847383379936218,0.3,0.15505541861057281,0.5091013312339783
456,1775455599.046681,95,person,0.5,1.0,0.2351260930299759,0.5852689146995544
456,1775455599.046681,100,person,0.5,0.6,0.10883214324712753,0.4663248062133789
456,1775455599.046681,82,person,0.5,0.3,0.10813355445861816,0.3912200331687927
456,1775455599.046681,79,person,0.5,0.6,0.1303180307149887,0.46954768896102905
456,1775455599.046681,105,person,0.5,0.5,0.10407881438732147,0.4406118392944336
456,1775455599.046681,125,person,0.5,0.5,0.23856699466705322,0.46078506112098694
457,1775455600.329969,91,person,0.5585923194885254,0.3,0.15730461478233337,0.43375107645988464
457,1775455600.329969,95,person,0.5,1.0,0.24060817062854767,0.5860912203788757
457,1775455600.329969,100,person,0.5,1.0,0.14455445110797882,0.5716831684112549
457,1775455600.329969,82,person,0.5,0.3,0.10423526912927628,0.39063528180122375
457,1775455600.329969,79,person,0.5,0.6,0.12500938773155212,0.4687514007091522
457,1775455600.329969,105,person,0.5,0.5,0.1277201771736145,0.44415804743766785
457,1775455600.329969,125,person,0.5,0.5,0.07258172333240509,0.43588727712631226
458,1775455601.6159866,91,person,0.5686955451965332,0.3,0.16251187026500702,0.4405941069126129
458,1775455601.6159866,95,person,0.5,1.0,0.07053890079259872,0.560580849647522
458,1775455601.6159866,100,person,0.5,1.0,0.1794748604297638,0.5769212245941162
458,1775455601.6159866,82,person,0.5,0.3,0.07671105116605759,0.3865066468715668
458,1775455601.6159866,79,person,0.5,0.6,0.13943597674369812,0.47091537714004517
458,1775455601.6159866,105,person,0.5,0.5,0.1312808096408844,0.44469213485717773
458,1775455601.6159866,125,person,0.5,0.5,0.09776218235492706,0.4396643340587616
459,1775455602.9103222,91,person,0.5523242354393005,0.3,0.137678861618042,0.42704635858535767
459,1775455602.9103222,95,person,0.5,1.0,0.11468962579965591,0.5672034621238708
459,1775455602.9103222,100,person,0.5,1.0,0.13459956645965576,0.5701899528503418
459,1775455602.9103222,82,person,0.5,0.3,0.12180353701114655,0.3932705223560333
459,1775455602.9103222,79,person,0.5,0.6,0.09029585868120193,0.4635443687438965
459,1775455602.9103222,105,person,0.5,1.0,0.11708400398492813,0.5675626397132874
459,1775455602.9103222,125,person,0.5,0.5,0.08353067934513092,0.43752962350845337
460,1775455604.232907,91,person,0.5051850080490112,0.3,0.1024005264043808,0.3934710919857025
460,1775455604.232907,95,person,0.5,1.0,0.1441233903169632,0.5716184973716736
460,1775455604.232907,100,person,0.5,0.6,0.05462682247161865,0.4581940174102783
460,1775455604.232907,82,person,0.5,0.3,0.055458229035139084,0.3833187222480774
460,1775455604.232907,79,person,0.5,0.6,0.1208389550447464,0.4681258201599121
460,1775455604.232907,105,person,0.5,0.6,0.12572304904460907,0.4688584506511688
460,1775455604.232907,125,person,0.5,0.5,0.11421767622232437,0.4421326518058777
461,1775455605.6396096,91,person,0.48316216468811035,0.3,0.12780283391475677,0.38406774401664734
461,1775455605.6396096,95,person,0.5,1.0,0.16488933563232422,0.5747334361076355
461,1775455605.6396096,100,person,0.5,0.5,0.0939457044005394,0.43909186124801636
461,1775455605.6396096,82,person,0.5,0.6,0.10689916461706161,0.466034859418869
461,1775455605.6396096,79,person,0.5,0.6,0.1591617465019226,0.4738742411136627
461,1775455605.6396096,105,person,0.5,0.5,0.08710101246833801,0.43806517124176025
461,1775455605.6396096,125,person,0.5,0.5,0.11486406624317169,0.44222962856292725
462,1775455606.972967,91,person,0.5020769834518433,0.3,0.09548215568065643,0.39056849479675293
462,1775455606.972967,95,person,0.5,1.0,0.14363686740398407,0.5715455412864685
462,1775455606.972967,100,person,0.5,0.6,0.1340608298778534,0.47010910511016846
462,1775455606.972967,82,person,0.5,0.3,0.12913542985916138,0.39437031745910645
462,1775455606.972967,79,person,0.5,0.6,0.08347620069980621,0.46252143383026123
462,1775455606.972967,105,person,0.5,0.5,0.12483952939510345,0.44372594356536865
462,1775455606.972967,125,person,0.5,1.0,0.12254339456558228,0.5683815479278564
462,1775455606.972967,138,person,0.5,0.5,0.0,0.425
463,1775455608.3399386,91,person,0.6537206172943115,0.3,0.11856283247470856,0.485016793012619
463,1775455608.3399386,95,person,0.5,1.0,0.28511887788772583,0.5927678346633911
463,1775455608.3399386,100,person,0.5,0.6,0.14664116501808167,0.47199615836143494
463,1775455608.3399386,82,person,0.8581344485282898,0.3,0.1017652153968811,0.6051454544067383
463,1775455608.3399386,79,person,0.5,0.6,0.19106389582157135,0.47865957021713257
463,1775455608.3399386,105,person,0.5,0.5,0.11315729469060898,0.44197359681129456
463,1775455608.3399386,125,person,0.5,0.5,0.13357679545879364,0.44503653049468994
463,1775455608.3399386,138,person,0.5,0.5,0.37053701281547546,0.48058056831359863
464,1775455609.7374105,91,person,0.582695722579956,0.3,0.08974426239728928,0.4380790889263153
464,1775455609.7374105,95,person,0.5,1.0,0.10003205388784409,0.565004825592041
464,1775455609.7374105,100,person,0.5,0.5,0.07637275010347366,0.43645593523979187
464,1775455609.7374105,82,person,0.5,0.3,0.05990069359540939,0.38398510217666626
464,1775455609.7374105,79,person,0.5,0.6,0.11913786083459854,0.46787065267562866
464,1775455609.7374105,105,person,0.5,0.5,0.17179062962532043,0.4507686197757721
464,1775455609.7374105,125,person,0.5,1.0,0.07706239819526672,0.5615593791007996
464,1775455609.7374105,138,person,0.5,0.5,0.23912794888019562,0.4608691930770874
465,1775455611.106171,91,person,0.4732998013496399,0.3,0.11171422898769379,0.3757370114326477
465,1775455611.106171,95,person,0.5,1.0,0.11044193804264069,0.5665662884712219
465,1775455611.106171,100,person,0.5,0.6,0.12315095961093903,0.4684726297855377
465,1775455611.106171,82,person,0.5,0.3,0.06580980122089386,0.3848714828491211
465,1775455611.106171,79,person,0.5,0.6,0.05614975094795227,0.45842245221138
465,1775455611.106171,105,person,0.5,0.5,0.15484802424907684,0.4482272267341614
465,1775455611.106171,125,person,0.5,0.5,0.1175215095281601,0.44262823462486267
465,1775455611.106171,138,person,0.5,0.5,0.10556207597255707,0.44083431363105774
466,1775455612.5021884,91,person,0.48605287075042725,0.3,0.1480652391910553,0.38884150981903076
466,1775455612.5021884,95,person,0.5,1.0,0.17025259137153625,0.575537919998169
466,1775455612.5021884,100,person,0.5,0.6,0.1754584014415741,0.47631874680519104
466,1775455612.5021884,82,person,0.5,0.3,0.1488843858242035,0.39733266830444336
466,1775455612.5021884,79,person,0.5,0.6,0.07455264031887054,0.4611828923225403
466,1775455612.5021884,105,person,0.5,0.5,0.08245284855365753,0.4373679459095001
466,1775455612.5021884,125,person,0.5,1.0,0.09617694467306137,0.5644265413284302
466,1775455612.5021884,138,person,0.5,0.5,0.07321082055568695,0.4359816312789917
467,1775455613.9149983,91,person,0.5861196517944336,0.3,0.132301464676857,0.4465170204639435
467,1775455613.9149983,95,person,0.5,1.0,0.08381916582584381,0.5625728964805603
467,1775455613.9149983,100,person,0.5,0.6,0.13995295763015747,0.47099292278289795
467,1775455613.9149983,82,person,0.5,0.3,0.07631797343492508,0.3864476978778839
467,1775455613.9149983,79,person,0.5,0.6,0.06948153674602509,0.46042221784591675
467,1775455613.9149983,105,person,0.5,0.5,0.147924542427063,0.44718870520591736
467,1775455613.9149983,125,person,0.5,0.5,0.15543130040168762,0.44831469655036926
467,1775455613.9149983,138,person,0.5,0.5,0.2790534794330597,0.46685802936553955
468,1775455615.2726703,91,person,0.669148325920105,0.3,0.1107102632522583,0.4930955469608307
468,1775455615.2726703,95,person,0.5,1.0,0.19888217747211456,0.5798323154449463
468,1775455615.2726703,100,person,0.5,0.6,0.1594831645488739,0.473922461271286
468,1775455615.2726703,82,person,0.5,0.3,0.24181635677814484,0.41127246618270874
468,1775455615.2726703,79,person,0.5,0.6,0.0919676274061203,0.46379512548446655
468,1775455615.2726703,105,person,0.5,0.5,0.1047510951757431,0.44071269035339355
468,1775455615.2726703,125,person,0.5,0.5,0.11255749315023422,0.4418836236000061
468,1775455615.2726703,138,person,0.5,0.5,0.21904702484607697,0.45785707235336304
469,1775455616.612036,91,person,0.6371986865997314,0.3,0.08677825331687927,0.4703359305858612
469,1775455616.612036,95,person,0.5,0.6,0.14522071182727814,0.4717831015586853
469,1775455616.612036,100,person,0.5,0.6,0.13712452352046967,0.4705686569213867
469,1775455616.612036,82,person,0.5,0.3,0.11603150516748428,0.3924047350883484
469,1775455616.612036,79,person,0.5,0.6,0.2056092470884323,0.48084136843681335
469,1775455616.612036,125,person,0.5,1.0,0.0576922781765461,0.5586538314819336
469,1775455616.612036,138,person,0.5,0.5,0.13535329699516296,0.4453030228614807
470,1775455617.8799982,91,person,0.7714996337890625,0.3,0.11950065940618515,0.555824875831604
470,1775455617.8799982,95,person,0.5,1.0,0.14458206295967102,0.5716873407363892
470,1775455617.8799982,100,person,0.5,0.6,0.07583346217870712,0.46137499809265137
470,1775455617.8799982,82,person,0.5,0.6,0.09972234815359116,0.4649583399295807
470,1775455617.8799982,79,person,0.8995707631111145,0.6,0.14642252027988434,0.7117058038711548
470,1775455617.8799982,125,person,0.5,1.0,0.09707300364971161,0.5645609498023987
470,1775455617.8799982,138,person,0.5,0.5,0.17854709923267365,0.45178207755088806
470,1775455617.8799982,105,person,0.5,0.5,0.20199258625507355,0.45529890060424805
471,1775455619.2851713,91,person,0.7025717496871948,0.3,0.142591193318367,0.5179316997528076
471,1775455619.2851713,95,person,0.5,0.6,0.26302772760391235,0.48945415019989014
471,1775455619.2851713,100,person,0.5,0.6,0.16737021505832672,0.47510552406311035
471,1775455619.2851713,82,person,0.5,0.6,0.13713903725147247,0.470570832490921
471,1775455619.2851713,79,person,0.5,0.6,0.08174236118793488,0.4622613489627838
471,1775455619.2851713,125,person,0.5,1.0,0.04220087453722954,0.556330144405365
471,1775455619.2851713,138,person,0.5,0.5,0.11402865499258041,0.442104309797287
471,1775455619.2851713,105,person,0.5,0.5,0.13932834565639496,0.44589927792549133
472,1775455620.7189496,91,person,0.6800034642219543,0.3,0.14529404044151306,0.5047961473464966
472,1775455620.7189496,95,person,0.5,1.0,0.14984941482543945,0.572477400302887
472,1775455620.7189496,100,person,0.5,1.0,0.11140062659978867,0.5667101144790649
472,1775455620.7189496,82,person,0.5,0.3,0.09783263504505157,0.3896749019622803
472,1775455620.7189496,79,person,0.5,0.6,0.11382603645324707,0.46707388758659363
472,1775455620.7189496,125,person,0.5,0.5,0.03842739760875702,0.4307641088962555
472,1775455620.7189496,138,person,0.5,0.5,0.290010929107666,0.46850165724754333
472,1775455620.7189496,105,person,0.5,0.5,0.2133445292711258,0.4570016860961914
473,1775455622.060731,91,person,0.7725571393966675,0.3,0.1074349656701088,0.5546495318412781
473,1775455622.060731,95,person,0.5,0.6,0.2532649338245392,0.48798972368240356
473,1775455622.060731,100,person,0.5,0.5,0.11767977476119995,0.44265198707580566
473,1775455622.060731,82,person,0.5,0.3,0.09197442978620529,0.3887961506843567
473,1775455622.060731,79,person,0.5,0.3,0.07043825834989548,0.38556572794914246
473,1775455622.060731,125,person,0.5,0.5,0.21741120517253876,0.45761168003082275
473,1775455622.060731,138,person,0.5,0.5,0.10310161113739014,0.4404652416706085
473,1775455622.060731,105,person,0.5,0.5,0.13576699793338776,0.4453650712966919
474,1775455623.4007351,91,person,0.8075815439224243,0.3,0.1283251941204071,0.5787976980209351
474,1775455623.4007351,95,person,0.5,0.5,0.24115917086601257,0.4611738920211792
474,1775455623.4007351,100,person,0.5,1.0,0.1548549234867096,0.5732282400131226
474,1775455623.4007351,82,person,0.5,0.3,0.06466061621904373,0.38469910621643066
474,1775455623.4007351,79,person,0.5,0.3,0.06753645092248917,0.38513046503067017
474,1775455623.4007351,125,person,0.5,0.5,0.061173468828201294,0.4341760277748108
474,1775455623.4007351,138,person,0.5,0.5,0.09937451034784317,0.43990617990493774
474,1775455623.4007351,105,person,0.5,0.6,0.1789870262145996,0.4768480360507965
475,1775455624.7634838,91,person,0.8265379667282104,0.3,0.14319643378257751,0.5924022793769836
475,1775455624.7634838,95,person,0.5,0.5,0.27194491028785706,0.4657917618751526
475,1775455624.7634838,100,person,0.5,1.0,0.09911366552114487,0.5648670792579651
475,1775455624.7634838,82,person,0.5,0.3,0.14556895196437836,0.3968353569507599
475,1775455624.7634838,79,person,0.5,0.3,0.08919057250022888,0.3883785903453827
475,1775455624.7634838,125,person,0.5,0.5,0.1227935180068016,0.44341903924942017
475,1775455624.7634838,138,person,0.5,0.5,0.06293509155511856,0.4344402849674225
475,1775455624.7634838,105,person,0.5,0.6,0.07783162593841553,0.4616747200489044
476,1775455626.1711721,91,person,0.8375101089477539,0.3,0.09628043323755264,0.5919481515884399
476,1775455626.1711721,95,person,0.5,0.6,0.17777888476848602,0.47666680812835693
476,1775455626.1711721,100,person,0.5,0.6,0.13968440890312195,0.4709526598453522
476,1775455626.1711721,82,person,0.5,0.3,0.08901491016149521,0.38835224509239197
476,1775455626.1711721,79,person,0.5,0.6,0.10000701993703842,0.46500104665756226
476,1775455626.1711721,125,person,0.5,1.0,0.057058870792388916,0.5585588216781616
476,1775455626.1711721,138,person,0.5,0.5,0.16730746626853943,0.45009613037109375
476,1775455626.1711721,105,person,0.5,0.6,0.021293435245752335,0.4531939923763275
477,1775455627.5103657,91,person,0.9637572765350342,0.3,0.08483543992042542,0.6659796833992004
477,1775455627.5103657,95,person,0.5,0.6,0.10897333920001984,0.46634599566459656
477,1775455627.5103657,100,person,0.5,0.6,0.11830048263072968,0.4677450656890869
477,1775455627.5103657,82,person,0.5,0.6,0.12341608107089996,0.4685124158859253
477,1775455627.5103657,79,person,0.5,0.6,0.17506274580955505,0.47625941038131714
477,1775455627.5103657,125,person,0.5,1.0,0.018525300547480583,0.5527787804603577
477,1775455627.5103657,138,person,0.5,0.5,0.020790066570043564,0.4281185269355774
477,1775455627.5103657,105,person,0.5,0.6,0.027629071846604347,0.45414435863494873
478,1775455628.8537967,91,person,0.5,0.3,0.09772846102714539,0.38965925574302673
478,1775455628.8537967,95,person,0.5,0.6,0.1369853913784027,0.47054779529571533
478,1775455628.8537967,100,person,0.5,0.6,0.10945892333984375,0.4664188325405121
478,1775455628.8537967,82,person,0.5,0.6,0.012949464842677116,0.45194241404533386
478,1775455628.8537967,79,person,0.5,0.6,0.21184992790222168,0.48177748918533325
478,1775455628.8537967,125,person,0.5,0.5,0.07757985591888428,0.4366369843482971
478,1775455628.8537967,138,person,0.5,0.5,0.07654741406440735,0.43648213148117065
478,1775455628.8537967,105,person,0.5,0.5,0.08188147842884064,0.4372822344303131
479,1775455630.213879,91,person,0.9203136563301086,0.3,0.11809928715229034,0.6449031233787537
479,1775455630.213879,95,person,0.5,0.5,0.10806658118963242,0.441210001707077
479,1775455630.213879,100,person,0.5,0.6,0.1089986115694046,0.4663497805595398
479,1775455630.213879,82,person,0.5,0.6,0.042638685554265976,0.45639580488204956
479,1775455630.213879,79,person,0.5,0.6,0.22042270004749298,0.48306339979171753
479,1775455630.213879,125,person,0.5,1.0,0.03939201682806015,0.5559087991714478
479,1775455630.213879,138,person,0.5,0.5,0.08317653089761734,0.4374764859676361
479,1775455630.213879,105,person,0.5,0.3,0.08614037930965424,0.3879210650920868
480,1775455631.6563263,91,person,0.5,0.3,0.0995844304561615,0.3899376690387726
480,1775455631.6563263,95,person,0.5,0.6,0.11326577514410019,0.4669898450374603
480,1775455631.6563263,100,person,0.5,0.6,0.08206385374069214,0.4623095691204071
480,1775455631.6563263,82,person,0.5,0.3,0.10537222772836685,0.39080584049224854
480,1775455631.6563263,79,person,0.5,0.6,0.24788649380207062,0.48718297481536865
480,1775455631.6563263,125,person,0.5,0.5,0.057196080684661865,0.4335794150829315
480,1775455631.6563263,138,person,0.5,0.5,0.06055570766329765,0.43408337235450745
480,1775455631.6563263,105,person,0.5,0.5,0.13385827839374542,0.4450787603855133
481,1775455633.025106,91,person,0.8233382105827332,0.3,0.10413919389247894,0.5846238136291504
481,1775455633.025106,95,person,0.5,0.6,0.13511574268341064,0.4702673554420471
481,1775455633.025106,100,person,0.5,0.6,0.17514176666736603,0.47627124190330505
481,1775455633.025106,82,person,0.5,0.6,0.12307411432266235,0.4684610962867737
481,1775455633.025106,79,person,0.5,0.6,0.2174035608768463,0.4826105237007141
481,1775455633.025106,125,person,0.5,1.0,0.13577735424041748,0.570366621017456
481,1775455633.025106,138,person,0.5,0.5,0.08773995190858841,0.4381610155105591
481,1775455633.025106,105,person,0.5,0.5,0.16585583984851837,0.44987839460372925
482,1775455634.5079188,91,person,0.8980161547660828,0.3,0.15097269415855408,0.6364555954933167
482,1775455634.5079188,95,person,0.5,0.6,0.07030120491981506,0.4605451822280884
482,1775455634.5079188,100,person,0.5,0.6,0.073935866355896,0.4610903561115265
482,1775455634.5079188,82,person,0.5,0.6,0.1501971036195755,0.4725295603275299
482,1775455634.5079188,79,person,0.5,0.6,0.5093348026275635,0.5264002084732056
482,1775455634.5079188,125,person,0.5,1.0,0.10783858597278595,0.5661758184432983
482,1775455634.5079188,138,person,0.5,0.5,0.10771147906780243,0.4411567449569702
482,1775455634.5079188,105,person,0.5,1.0,0.129334956407547,0.5694002509117126
483,1775455635.8496497,91,person,0.9011802673339844,0.3,0.11252963542938232,0.6325876116752625
483,1775455635.8496497,95,person,0.5,0.6,0.14221855998039246,0.4713327884674072
483,1775455635.8496497,100,person,0.5,1.0,0.11686666309833527,0.5675300359725952
483,1775455635.8496497,82,person,0.5,0.3,0.09013675153255463,0.3885205090045929
483,1775455635.8496497,79,person,0.5,0.6,0.2674281895160675,0.4901142120361328
483,1775455635.8496497,125,person,0.5,1.0,0.1310233175754547,0.5696535110473633
483,1775455635.8496497,138,person,0.5,0.5,0.16556242108345032,0.4498343765735626
483,1775455635.8496497,105,person,0.5,0.5,0.13542035222053528,0.44531306624412537
484,1775455637.187585,91,person,0.9329431056976318,0.3,0.12120888382196426,0.652947187423706
484,1775455637.187585,95,person,0.5,0.6,0.06482866406440735,0.4597242772579193
484,1775455637.187585,100,person,0.5,1.0,0.19292910397052765,0.5789393782615662
484,1775455637.187585,82,person,0.5,0.6,0.09223730862140656,0.46383559703826904
484,1775455637.187585,79,person,0.5,0.6,0.14648549258708954,0.47197282314300537
484,1775455637.187585,125,person,0.5,1.0,0.13803425431251526,0.5707051753997803
484,1775455637.187585,138,person,0.5,0.5,0.2978512942790985,0.46967771649360657
484,1775455637.187585,105,person,0.5,0.5,0.12413086742162704,0.44361963868141174
485,1775455638.527663,91,person,0.923576831817627,0.3,0.10539098083972931,0.6449547410011292
485,1775455638.527663,95,person,0.5,0.6,0.09120947122573853,0.4636813998222351
485,1775455638.527663,100,person,0.5,0.6,0.08867740631103516,0.4633015990257263
485,1775455638.527663,82,person,0.5,0.3,0.10910709947347641,0.39136606454849243
485,1775455638.527663,79,person,0.5,0.6,0.19973903894424438,0.4799608588218689
485,1775455638.527663,125,person,0.5,1.0,0.11039121448993683,0.5665587186813354
485,1775455638.527663,138,person,0.5,0.5,0.15651845932006836,0.44847777485847473
485,1775455638.527663,105,person,0.5,1.0,0.16983051598072052,0.5754746198654175
486,1775455639.9098876,91,person,0.8408680558204651,0.3,0.07207073271274567,0.5903314352035522
486,1775455639.9098876,95,person,0.5,0.6,0.059434134513139725,0.458915114402771
486,1775455639.9098876,100,person,0.5,1.0,0.1466062366962433,0.571990966796875
486,1775455639.9098876,82,person,0.5,0.3,0.10212807357311249,0.39031919836997986
486,1775455639.9098876,79,person,0.5,0.6,0.3026149868965149,0.49539223313331604
486,1775455639.9098876,125,person,0.5,0.5,0.15432696044445038,0.44814905524253845
486,1775455639.9098876,138,person,0.5,0.5,0.10180570185184479,0.44027087092399597
486,1775455639.9098876,105,person,0.5,0.5,0.16834279894828796,0.45025143027305603
487,1775455641.31992,91,person,0.5,0.3,0.08954861015081406,0.3884322941303253
487,1775455641.31992,95,person,0.5,0.6,0.19160816073417664,0.47874122858047485
487,1775455641.31992,100,person,0.5,0.6,0.2573382556438446,0.4886007308959961
487,1775455641.31992,82,person,0.5,0.6,0.13061973452568054,0.46959295868873596
487,1775455641.31992,79,person,0.5,0.6,0.21951007843017578,0.48292648792266846
487,1775455641.31992,125,person,0.5,0.5,0.13321010768413544,0.44498151540756226
487,1775455641.31992,138,person,0.5,0.5,0.23013193905353546,0.45951980352401733
487,1775455641.31992,105,person,0.5,0.5,0.1494421660900116,0.4474163353443146
488,1775455642.6697676,91,person,0.903799295425415,0.3,0.09512598812580109,0.6315484642982483
488,1775455642.6697676,95,person,0.5,0.3,0.12252281606197357,0.39337843656539917
488,1775455642.6697676,100,person,0.5,1.0,0.22182795405387878,0.5832741856575012
488,1775455642.6697676,82,person,0.5,0.6,0.11586879193782806,0.4673803150653839
488,1775455642.6697676,79,person,0.5,0.6,0.3512306809425354,0.5026845932006836
488,1775455642.6697676,125,person,0.5,0.5,0.11978145688772202,0.4429672360420227
488,1775455642.6697676,138,person,0.5,0.5,0.12247760593891144,0.44337165355682373
488,1775455642.6697676,105,person,0.5,0.5,0.08338388055562973,0.43750759959220886
489,1775455644.0204012,91,person,0.5,0.3,0.19056303799152374,0.40358445048332214
489,1775455644.0204012,95,person,0.5,0.6,0.26116642355918884,0.4891749620437622
489,1775455644.0204012,100,person,0.5,0.6,0.20745345950126648,0.48111802339553833
489,1775455644.0204012,82,person,0.5,0.3,0.05894613265991211,0.38384193181991577
489,1775455644.0204012,79,person,0.5,0.6,0.09558768570423126,0.46433815360069275
489,1775455644.0204012,125,person,0.5,0.5,0.08644618093967438,0.4379669427871704
489,1775455644.0204012,138,person,0.5,0.5,0.07992205768823624,0.43698832392692566
489,1775455644.0204012,105,person,0.5,0.5,0.057903289794921875,0.4336855113506317
490,1775455645.4515634,91,person,0.8969113826751709,0.3,0.08037455379962921,0.625203013420105
490,1775455645.4515634,95,person,0.5,0.6,0.11721096187829971,0.4675816297531128
490,1775455645.4515634,100,person,0.5,1.0,0.33325302600860596,0.5999879837036133
490,1775455645.4515634,82,person,0.5,0.3,0.11198554933071136,0.39179784059524536
490,1775455645.4515634,79,person,0.5,0.6,0.2101925164461136,0.4815288782119751
490,1775455645.4515634,125,person,0.5,0.6,0.09035621583461761,0.46355342864990234
490,1775455645.4515634,138,person,0.5,0.5,0.4813028872013092,0.49719545245170593
490,1775455645.4515634,105,person,0.5,0.5,0.14451469480991364,0.44667720794677734
491,1775455646.8391542,91,person,0.7687539458274841,0.3,0.18467676639556885,0.5639538764953613
491,1775455646.8391542,95,person,0.5,1.0,0.0736674815416336,0.5610501170158386
491,1775455646.8391542,100,person,0.5,1.0,0.15858735144138336,0.5737881064414978
491,1775455646.8391542,82,person,0.5,0.3,0.09939203411340714,0.3899087905883789
491,1775455646.8391542,79,person,0.5,0.6,0.11768873035907745,0.4676533043384552
491,1775455646.8391542,125,person,0.5,0.6,0.1502058207988739,0.47253087162971497
491,1775455646.8391542,138,person,0.5,0.5,0.24413295090198517,0.46161994338035583
491,1775455646.8391542,105,person,0.5,0.5,0.14135399460792542,0.4462031126022339
492,1775455648.2140737,91,person,0.768528163433075,0.3,0.1324673593044281,0.5559870004653931
492,1775455648.2140737,95,person,0.5,1.0,0.061489712446928024,0.559223473072052
492,1775455648.2140737,100,person,0.5,1.0,0.2808819115161896,0.5921323299407959
492,1775455648.2140737,82,person,0.5,0.3,0.08537034690380096,0.3878055512905121
492,1775455648.2140737,79,person,0.5,0.6,0.18011124432086945,0.4770166873931885
492,1775455648.2140737,125,person,0.5,1.0,0.13459715247154236,0.5701895952224731
492,1775455648.2140737,138,person,0.5,0.5,0.2602759003639221,0.46404141187667847
492,1775455648.2140737,105,person,0.5,0.6,0.11090926826000214,0.46663638949394226
493,1775455649.5896196,91,person,0.7395007014274597,0.3,0.15211735665798187,0.5415180325508118
493,1775455649.5896196,95,person,0.5,1.0,0.10001401603221893,0.5650021433830261
493,1775455649.5896196,100,person,0.5,0.6,0.1891559660434723,0.47837337851524353
493,1775455649.5896196,82,person,0.5,0.3,0.0827806144952774,0.3874170780181885
493,1775455649.5896196,79,person,0.5,0.6,0.16880598664283752,0.47532087564468384
493,1775455649.5896196,125,person,0.5,0.5,0.14536672830581665,0.44680503010749817
493,1775455649.5896196,138,person,0.5,0.5,0.07433513551950455,0.43615028262138367
493,1775455649.5896196,105,person,0.5,0.5,0.11383150517940521,0.4420747458934784
494,1775455651.035761,91,person,0.8519891500473022,0.3,0.10912728309631348,0.6025626063346863
494,1775455651.035761,95,person,0.5,1.0,0.07730565220117569,0.5615958571434021
494,1775455651.035761,100,person,0.5,0.6,0.20994214713573456,0.4814913272857666
494,1775455651.035761,82,person,0.5,0.3,0.13730522990226746,0.3955957889556885
494,1775455651.035761,79,person,0.5,0.6,0.18845504522323608,0.47826823592185974
494,1775455651.035761,125,person,0.5,1.0,0.09567071497440338,0.5643506050109863
494,1775455651.035761,138,person,0.5,0.5,0.1779893934726715,0.4516984224319458
494,1775455651.035761,105,person,0.5,0.5,0.1350269466638565,0.44525405764579773
495,1775455652.47055,91,person,0.6367493271827698,0.3,0.0880233570933342,0.4702531099319458
495,1775455652.47055,95,person,0.5,0.6,0.058108437806367874,0.4587162435054779
495,1775455652.47055,100,person,0.5,0.6,0.2269674837589264,0.4840451180934906
495,1775455652.47055,82,person,0.5,0.6,0.11198730766773224,0.4667980968952179
495,1775455652.47055,79,person,0.5,0.6,0.1116243451833725,0.4667436480522156
495,1775455652.47055,125,person,0.5,0.5,0.13230496644973755,0.4448457658290863
495,1775455652.47055,138,person,0.5,0.5,0.5085769891738892,0.5012865662574768
495,1775455652.47055,105,person,0.5,0.5,0.0905337706208229,0.43858006596565247
496,1775455653.8388565,91,person,0.7893362045288086,0.3,0.04807376116514206,0.5558128356933594
496,1775455653.8388565,95,person,0.5,1.0,0.08696406334638596,0.5630446076393127
496,1775455653.8388565,100,person,0.5,0.5,0.31511086225509644,0.47226664423942566
496,1775455653.8388565,82,person,0.6965398788452148,0.3,0.08033599704504013,0.5049743056297302
496,1775455653.8388565,79,person,0.5,0.6,0.13269510865211487,0.46990424394607544
496,1775455653.8388565,125,person,0.5,1.0,0.14831289649009705,0.5722469687461853
496,1775455653.8388565,138,person,0.5,0.5,0.18760786950588226,0.4531411826610565
496,1775455653.8388565,105,person,0.5,0.6,0.09804122149944305,0.4647061824798584
497,1775455655.2118309,91,person,0.8319797515869141,0.3,0.145592600107193,0.5960267782211304
497,1775455655.2118309,95,person,0.5,1.0,0.12911948561668396,0.5693679451942444
497,1775455655.2118309,100,person,0.5,1.0,0.2805221676826477,0.5920783281326294
497,1775455655.2118309,82,person,0.7272782921791077,0.3,0.07298841327428818,0.5223152041435242
497,1775455655.2118309,79,person,0.5,0.6,0.32757464051246643,0.49913617968559265
497,1775455655.2118309,125,person,0.5,1.0,0.09959946572780609,0.5649399161338806
497,1775455655.2118309,138,person,0.5,0.5,0.20536239445209503,0.45580437779426575
497,1775455655.2118309,105,person,0.5,0.5,0.06503777205944061,0.43475568294525146
498,1775455656.560641,91,person,0.5,0.3,0.12120997905731201,0.3931815028190613
498,1775455656.560641,95,person,0.5,0.6,0.07123401015996933,0.4606851041316986
498,1775455656.560641,100,person,0.5,0.5,0.20580622553825378,0.45587095618247986
498,1775455656.560641,82,person,0.7800322771072388,0.3,0.08705444633960724,0.5560775399208069
498,1775455656.560641,79,person,0.5,0.6,0.5803416967391968,0.537051260471344
498,1775455656.560641,125,person,0.5,1.0,0.10162393748760223,0.5652436017990112
498,1775455656.560641,138,person,0.5,0.5,0.5092043280601501,0.5013806819915771
498,1775455656.560641,105,person,0.5,0.6,0.05730392411351204,0.4585955739021301
499,1775455657.9404967,91,person,0.9042558670043945,0.3,0.09905292093753815,0.6324114799499512
499,1775455657.9404967,95,person,0.5,0.3,0.10177813470363617,0.3902667164802551
499,1775455657.9404967,100,person,0.5,0.5,0.32755494117736816,0.4741332530975342
499,1775455657.9404967,82,person,0.7655763030052185,0.3,0.13140994310379028,0.5540573000907898
499,1775455657.9404967,79,person,0.5,0.6,0.34758108854293823,0.5021371841430664
499,1775455657.9404967,125,person,0.5,1.0,0.11553255468606949,0.5673298835754395
499,1775455657.9404967,138,person,0.5,0.5,0.5059880614280701,0.5008982419967651
499,1775455657.9404967,105,person,0.5,1.0,0.12729017436504364,0.5690935254096985
500,1775455659.313086,91,person,0.5,0.3,0.08447660505771637,0.38767150044441223
500,1775455659.313086,95,person,0.5,0.6,0.06795837730169296,0.4601937532424927
500,1775455659.313086,100,person,0.5,0.5,0.39447399973869324,0.4841711223125458
500,1775455659.313086,82,person,0.5,0.3,0.07121892273426056,0.3856828510761261
500,1775455659.313086,79,person,0.5,0.6,0.2813286781311035,0.4921993017196655
500,1775455659.313086,125,person,0.5,1.0,0.13351549208164215,0.5700273513793945
500,1775455659.313086,138,person,0.5,0.5,0.1279679238796234,0.4441952109336853
500,1775455659.313086,105,person,0.5,0.5,0.06949876248836517,0.4354248344898224
501,1775455660.6643367,91,person,0.5,0.3,0.13245515525341034,0.39486828446388245
501,1775455660.6643367,95,person,0.5,0.6,0.18406212329864502,0.4776093065738678
501,1775455660.6643367,100,person,0.5,0.5,0.3467598557472229,0.4770140051841736
501,1775455660.6643367,82,person,0.5,0.3,0.15683133900165558,0.3985247015953064
501,1775455660.6643367,79,person,0.5,0.6,0.13174845278263092,0.46976226568222046
501,1775455660.6643367,125,person,0.5,1.0,0.1375003308057785,0.5706250667572021
501,1775455660.6643367,138,person,0.5,0.5,0.23942327499389648,0.4609135091304779
501,1775455660.6643367,105,person,0.5,0.5,0.037928495556116104,0.43068927526474
502,1775455662.1954827,91,person,0.5,0.3,0.11090508848428726,0.3916357755661011
502,1775455662.1954827,95,person,0.5,0.6,0.3198520541191101,0.4979777932167053
502,1775455662.1954827,100,person,0.5,0.5,0.2579061686992645,0.46368592977523804
502,1775455662.1954827,82,person,0.5,0.3,0.14875516295433044,0.39731326699256897
502,1775455662.1954827,79,person,0.5,0.6,0.18166734278202057,0.4772500991821289
502,1775455662.1954827,138,person,0.5,0.5,0.16761210560798645,0.4501418173313141
502,1775455662.1954827,105,person,0.5,0.5,0.08513888716697693,0.4377708435058594
503,1775455663.479412,91,person,0.5,0.3,0.14411672949790955,0.39661750197410583
503,1775455663.479412,95,person,0.5,1.0,0.17091941833496094,0.575637936592102
503,1775455663.479412,100,person,0.5,0.5,0.40774625539779663,0.4861619472503662
503,1775455663.479412,82,person,0.5,0.3,0.11882152408361435,0.3928232192993164
503,1775455663.479412,79,person,0.5,0.6,0.31478720903396606,0.4972180724143982
503,1775455663.479412,138,person,0.5,0.5,0.17705319821834564,0.451557993888855
503,1775455663.479412,105,person,0.5,0.5,0.07737502455711365,0.4366062581539154
504,1775455664.754426,91,person,0.5,0.3,0.10830233246088028,0.39124536514282227
504,1775455664.754426,95,person,0.5,1.0,0.0788605660200119,0.5618290901184082
504,1775455664.754426,100,person,0.5,0.5,0.29476720094680786,0.4692150950431824
504,1775455664.754426,82,person,0.5,0.3,0.10063274204730988,0.39009490609169006
504,1775455664.754426,79,person,0.5,0.6,0.24591465294361115,0.4868871867656708
504,1775455664.754426,138,person,0.5,0.5,0.30471619963645935,0.4707074463367462
504,1775455664.754426,105,person,0.5,1.0,0.187135249376297,0.5780702829360962
504,1775455664.754426,125,person,0.5,1.0,0.23518630862236023,0.5852779746055603
505,1775455666.120798,91,person,0.5,0.3,0.131522074341774,0.39472830295562744
505,1775455666.120798,95,person,0.5,1.0,0.1319892257452011,0.5697984099388123
505,1775455666.120798,100,person,0.5,0.5,0.30581599473953247,0.4708724021911621
505,1775455666.120798,82,person,0.5,0.3,0.07045791298151016,0.38556867837905884
505,1775455666.120798,79,person,0.5,0.6,0.21853725612163544,0.4827805757522583
505,1775455666.120798,138,person,0.5,0.5,0.36051857471466064,0.4790778160095215
505,1775455666.120798,105,person,0.5,0.5,0.17301911115646362,0.4509528875350952
506,1775455667.355821,91,person,0.5,0.3,0.14225627481937408,0.39633843302726746
506,1775455667.355821,95,person,0.5,1.0,0.22476263344287872,0.5837144255638123
506,1775455667.355821,100,person,0.5,0.5,0.29363736510276794,0.46904560923576355
506,1775455667.355821,82,person,0.5,0.3,0.047228965908288956,0.38208433985710144
506,1775455667.355821,79,person,0.5,0.6,0.15180955827236176,0.47277143597602844
506,1775455667.355821,138,person,0.5,0.5,0.2970321476459503,0.4695548415184021
506,1775455667.355821,105,person,0.5,0.5,0.12703755497932434,0.4440556466579437
507,1775455668.6086395,91,person,0.5,0.3,0.12140879780054092,0.393211305141449
507,1775455668.6086395,95,person,0.5,1.0,0.19433996081352234,0.5791510343551636
507,1775455668.6086395,100,person,0.5,0.5,0.3964189887046814,0.4844628572463989
507,1775455668.6086395,82,person,0.5,0.3,0.081696055829525,0.38725441694259644
507,1775455668.6086395,79,person,0.5,0.6,0.10079127550125122,0.4651186764240265
507,1775455668.6086395,138,person,0.5,0.5,0.3443838655948639,0.47665759921073914
507,1775455668.6086395,105,person,0.5,0.6,0.11146972328424454,0.46672046184539795
507,1775455668.6086395,125,person,0.5,1.0,0.4615302085876465,0.6192295551300049
508,1775455669.990958,91,person,0.5,0.3,0.14760196208953857,0.3971402943134308
508,1775455669.990958,95,person,0.5,1.0,0.11437024176120758,0.5671555399894714
508,1775455669.990958,100,person,0.5,0.5,0.2609746754169464,0.464146226644516
508,1775455669.990958,82,person,0.5,0.6,0.09654289484024048,0.4644814133644104
508,1775455669.990958,79,person,0.5,0.6,0.09453240782022476,0.4641798436641693
508,1775455669.990958,138,person,0.5,0.5,0.3626144528388977,0.4793921709060669
508,1775455669.990958,105,person,0.5,0.5,0.18357601761817932,0.452536404132843
508,1775455669.990958,125,person,0.5,0.5,0.15092021226882935,0.44763803482055664
509,1775455671.4009442,91,person,0.5,0.3,0.15644092857837677,0.3984661400318146
509,1775455671.4009442,95,person,0.5,1.0,0.17207174003124237,0.5758107900619507
509,1775455671.4009442,100,person,0.5,0.5,0.7137452363967896,0.5320618152618408
509,1775455671.4009442,82,person,0.5,0.6,0.11770255863666534,0.46765536069869995
509,1775455671.4009442,79,person,0.5,0.6,0.0966278463602066,0.46449416875839233
509,1775455671.4009442,138,person,0.5,0.5,0.39824095368385315,0.4847361445426941
509,1775455671.4009442,105,person,0.5,0.5,0.1186714917421341,0.44280073046684265
509,1775455671.4009442,125,person,0.5,0.5,0.14188691973686218,0.4462830424308777
510,1775455672.8361864,91,person,0.5,0.3,0.07310800999403,0.3859662115573883
510,1775455672.8361864,95,person,0.5,0.6,0.46831971406936646,0.5202479362487793
510,1775455672.8361864,100,person,0.5,0.5,0.558354914188385,0.50875324010849
510,1775455672.8361864,82,person,0.5,0.6,0.07631848752498627,0.4614477753639221
510,1775455672.8361864,79,person,0.5,0.6,0.13226957619190216,0.4698404371738434
510,1775455672.8361864,138,person,0.5,0.5,0.9829961657524109,0.5724494457244873
510,1775455672.8361864,105,person,0.5,0.5,0.18271906673908234,0.4524078667163849
511,1775455674.5861309,91,person,0.5,0.3,0.08389508724212646,0.38758426904678345
511,1775455674.5861309,95,person,0.5,0.5,0.15347450971603394,0.44802117347717285
511,1775455674.5861309,100,person,0.5,0.5,0.6127949953079224,0.5169192552566528
511,1775455674.5861309,82,person,0.5,0.6,0.060108114033937454,0.45901620388031006
511,1775455674.5861309,79,person,0.5,0.6,0.10720331966876984,0.4660804867744446
511,1775455674.5861309,138,person,0.5,0.5,0.9647426605224609,0.569711446762085
511,1775455674.5861309,105,person,0.5,0.5,0.15077123045921326,0.44761568307876587
511,1775455674.5861309,125,person,0.5,0.5,0.5449014902114868,0.5067352056503296
512,1775455676.2312093,91,person,0.5,0.3,0.16336356103420258,0.39950454235076904
512,1775455676.2312093,95,person,0.7312712669372559,1.0,0.20996889472007751,0.7202581167221069
512,1775455676.2312093,100,person,0.5,0.5,1.0,0.575
512,1775455676.2312093,82,person,0.5,0.6,0.11609013378620148,0.4674135148525238
512,1775455676.2312093,79,person,0.5,0.6,0.19915930926799774,0.4798738956451416
512,1775455676.2312093,138,person,0.5,0.5,0.9580210447311401,0.5687031745910645
512,1775455676.2312093,105,person,0.5,0.5,0.07808706909418106,0.4367130696773529
513,1775455677.8515222,91,person,0.5,0.3,0.10608241707086563,0.39091235399246216
513,1775455677.8515222,95,person,0.5,0.6,0.15882548689842224,0.47382381558418274
513,1775455677.8515222,100,person,0.5,0.5,1.0,0.575
513,1775455677.8515222,82,person,0.5,0.6,0.11422325670719147,0.46713346242904663
513,1775455677.8515222,79,person,0.5,0.6,0.17950890958309174,0.476926326751709
513,1775455677.8515222,138,person,0.5,0.5,0.9527887105941772,0.5679183006286621
513,1775455677.8515222,105,person,0.5,0.5,0.05284096673130989,0.43292614817619324
514,1775455679.2756805,91,person,0.5,0.3,0.13820485770702362,0.39573073387145996
514,1775455679.2756805,95,person,0.5,0.5,0.17983198165893555,0.4519748091697693
514,1775455679.2756805,100,person,0.5,0.5,1.0,0.575
514,1775455679.2756805,82,person,0.5,0.6,0.12998893857002258,0.46949833631515503
514,1775455679.2756805,79,person,0.5,0.6,0.20230524241924286,0.48034578561782837
514,1775455679.2756805,138,person,0.5,0.6,1.0,0.6
514,1775455679.2756805,105,person,0.5,0.5,0.1404886394739151,0.4460732936859131
514,1775455679.2756805,125,person,0.5,0.5,1.0,0.575
515,1775455681.1292896,91,person,0.5,0.3,0.0955057367682457,0.3893258571624756
515,1775455681.1292896,95,person,0.5,0.5,0.10088219493627548,0.44013234972953796
515,1775455681.1292896,100,person,0.5,0.5,0.7783910632133484,0.54175865650177
515,1775455681.1292896,82,person,0.5,0.3,0.13778190314769745,0.39566728472709656
515,1775455681.1292896,79,person,0.5,0.6,0.11950205266475677,0.4679253101348877
515,1775455681.1292896,138,person,0.5,1.0,1.0,0.7000000000000001
515,1775455681.1292896,105,person,0.5,0.5,0.22397753596305847,0.4585966467857361
515,1775455681.1292896,125,person,0.5,0.5,0.357075959444046,0.4785614013671875
516,1775456285.8219008,91,person,0.5,0.3,0.13143576681613922,0.3947153687477112
516,1775456285.8219008,95,person,0.5,0.5,0.45690441131591797,0.4935356676578522
516,1775456285.8219008,100,person,0.5,0.5,0.5736225843429565,0.5110434293746948
516,1775456285.8219008,82,person,0.5,0.6,0.08849984407424927,0.4632749557495117
516,1775456285.8219008,79,person,0.5,0.6,0.20510344207286835,0.4807654917240143
516,1775456285.8219008,138,person,0.5,1.0,1.0,0.7000000000000001
516,1775456285.8219008,105,person,0.5,0.5,0.17746610939502716,0.4516199231147766
516,1775456285.8219008,125,person,0.5,0.5,0.2922263741493225,0.4688339829444885
517,1775456288.5734646,91,person,0.5,0.3,0.12449612468481064,0.39367443323135376
517,1775456288.5734646,95,person,0.5,0.5,0.2931392192840576,0.4689708948135376
517,1775456288.5734646,82,person,0.5,0.6,0.17428971827030182,0.4761434495449066
517,1775456288.5734646,79,person,0.5,0.6,0.22096092998981476,0.4831441342830658
517,1775456288.5734646,138,person,0.5,1.0,1.0,0.7000000000000001
517,1775456288.5734646,105,person,0.5,0.5,0.18687114119529724,0.45303067564964294
517,1775456288.5734646,125,person,0.5,0.5,0.11245449632406235,0.4418681859970093
518,1775456290.313162,91,person,0.5,0.3,0.10695581138134003,0.39104336500167847
518,1775456290.313162,95,person,0.5,1.0,1.0,0.7000000000000001
518,1775456290.313162,82,person,0.5,0.3,0.17211325466632843,0.40081697702407837
518,1775456290.313162,79,person,0.5,0.6,0.183437779545784,0.47751566767692566
518,1775456290.313162,138,person,0.5,1.0,0.5875753164291382,0.6381363272666931
518,1775456290.313162,105,person,0.5,0.5,0.2065676897764206,0.4559851586818695
518,1775456290.313162,125,person,0.5,0.5,0.17525649070739746,0.45128849148750305
519,1775456292.6765115,91,person,0.5,0.3,0.13230912387371063,0.3948463797569275
519,1775456292.6765115,95,person,0.5,0.5,1.0,0.575
519,1775456292.6765115,82,person,0.9718719124794006,0.6,0.11219312995672226,0.7499520778656006
519,1775456292.6765115,79,person,0.5,0.6,0.19136761128902435,0.47870513796806335
519,1775456292.6765115,138,person,0.5,1.0,0.2623814344406128,0.5893572568893433
519,1775456292.6765115,105,person,0.5,0.5,0.07356902211904526,0.4360353648662567
519,1775456292.6765115,125,person,0.5,0.5,0.1421157717704773,0.4463173747062683
520,1775456294.55234,91,person,0.5,0.3,0.1710892617702484,0.4006633758544922
520,1775456294.55234,95,person,0.5,0.5,1.0,0.575
520,1775456294.55234,82,person,0.9791998267173767,0.3,0.16433419287204742,0.6871700286865234
520,1775456294.55234,79,person,0.5,0.6,0.13372766971588135,0.4700591266155243
520,1775456294.55234,138,person,0.5,1.0,0.10922058671712875,0.5663831233978271
520,1775456294.55234,105,person,0.5,0.5,0.22377820312976837,0.4585667550563812
521,1775456296.6834939,91,person,0.5,0.3,0.37667712569236755,0.431501567363739
521,1775456296.6834939,95,person,0.5,0.5,1.0,0.575
521,1775456296.6834939,82,person,0.5,0.3,0.14869998395442963,0.3973050117492676
521,1775456296.6834939,79,person,0.5,0.6,0.22292284667491913,0.4834384322166443
521,1775456296.6834939,138,person,0.5,1.0,0.1848561316728592,0.5777284502983093
521,1775456296.6834939,105,person,0.5,0.5,0.21095076203346252,0.45664262771606445
521,1775456296.6834939,125,person,0.5,0.5,0.11318682134151459,0.4419780373573303
522,1775456298.5441833,91,person,0.5,0.3,1.0,0.525
522,1775456298.5441833,95,person,0.5,0.6,1.0,0.6
522,1775456298.5441833,82,person,0.5,0.6,0.18439459800720215,0.4776591658592224
522,1775456298.5441833,79,person,0.5,0.6,0.16344527900218964,0.47451677918434143
522,1775456298.5441833,138,person,0.5,1.0,0.3799983561038971,0.6069997549057007
522,1775456298.5441833,105,person,0.5,0.5,0.13852308690547943,0.445778489112854
522,1775456298.5441833,125,person,0.5,0.5,0.12433667480945587,0.4436505138874054
523,1775456300.0845466,91,person,0.5,0.5,0.8667171597480774,0.5550075769424438
523,1775456300.0845466,82,person,0.5,0.3,0.15232588350772858,0.39784887433052063
523,1775456300.0845466,79,person,0.5,0.3,0.21348044276237488,0.40702205896377563
523,1775456300.0845466,138,person,0.5,1.0,0.2291550636291504,0.5843732953071594
523,1775456300.0845466,105,person,0.5,0.5,0.20726068317890167,0.4560891091823578
523,1775456300.0845466,125,person,0.5,1.0,0.18833450973033905,0.5782501697540283
523,1775456300.0845466,150,person,0.5,0.5,0.0,0.425
524,1775456301.5640996,91,person,0.5,0.5,0.7140503525733948,0.5321075916290283
524,1775456301.5640996,82,person,0.5,0.3,0.18435369431972504,0.4026530683040619
524,1775456301.5640996,79,person,0.5,0.3,0.1975453794002533,0.4046317934989929
524,1775456301.5640996,138,person,0.5,1.0,0.26632821559906006,0.5899492502212524
524,1775456301.5640996,105,person,0.5,0.5,0.16456377506256104,0.44968459010124207
524,1775456301.5640996,125,person,0.5,0.5,0.5079976320266724,0.5011996626853943
524,1775456301.5640996,150,person,0.5,0.5,1.0,0.575
525,1775456303.2190032,91,person,0.5,0.5,0.8101834058761597,0.5465275049209595
525,1775456303.2190032,82,person,0.5,0.3,0.17072007060050964,0.40060800313949585
525,1775456303.2190032,79,person,0.5,0.3,0.17132502794265747,0.4006987512111664
525,1775456303.2190032,138,person,0.5,1.0,0.1447894275188446,0.5717184543609619
525,1775456303.2190032,105,person,0.5,0.5,0.14606598019599915,0.44690990447998047
525,1775456303.2190032,150,person,0.5,1.0,1.0,0.7000000000000001
526,1775456304.584079,91,person,0.5,0.5,0.8564926385879517,0.553473949432373
526,1775456304.584079,82,person,0.8687621355056763,0.3,0.12579572200775146,0.6151266098022461
526,1775456304.584079,79,person,0.5,0.3,0.16422264277935028,0.39963340759277344
526,1775456304.584079,138,person,0.5,1.0,0.11260348558425903,0.5668905377388
526,1775456304.584079,105,person,0.5,0.5,0.18919314444065094,0.45337897539138794
526,1775456304.584079,150,person,0.5,1.0,1.0,0.7000000000000001
526,1775456304.584079,125,person,0.5,0.5,0.40742024779319763,0.486113041639328
527,1775456305.9921937,82,person,0.8324610590934753,0.3,0.14228741824626923,0.5958197712898254
527,1775456305.9921937,79,person,0.5,0.3,0.21347995102405548,0.40702199935913086
527,1775456305.9921937,138,person,0.5,1.0,0.22463038563728333,0.583694577217102
527,1775456305.9921937,105,person,0.5,0.5,0.1653723567724228,0.4498058557510376
527,1775456305.9921937,150,person,0.5,1.0,1.0,0.7000000000000001
528,1775456307.485176,82,person,0.6734092235565186,0.6,0.12337970733642578,0.572552502155304
528,1775456307.485176,79,person,0.5,0.6,0.2145160436630249,0.48217740654945374
528,1775456307.485176,138,person,0.5,1.0,0.14447180926799774,0.5716707706451416
528,1775456307.485176,105,person,0.5,0.5,0.10498311370611191,0.44074746966362
528,1775456307.485176,150,person,0.5,0.6,1.0,0.6
528,1775456307.485176,125,person,0.5,0.5,0.15746498107910156,0.4486197531223297
529,1775456308.8640494,82,person,0.5,0.6,0.1929960399866104,0.4789493978023529
529,1775456308.8640494,79,person,0.5,0.3,0.18375164270401,0.4025627374649048
529,1775456308.8640494,138,person,0.5,1.0,0.17139747738838196,0.5757096409797668
529,1775456308.8640494,150,person,0.5,1.0,0.3410172462463379,0.6011525988578796
529,1775456308.8640494,125,person,0.5,0.5,0.13224323093891144,0.44483649730682373
530,1775456310.0096476,82,person,0.6763582229614258,0.3,0.18933069705963135,0.5092145204544067
530,1775456310.0096476,79,person,0.5,0.3,0.25069382786750793,0.41260406374931335
530,1775456310.0096476,150,person,0.5,1.0,0.2360958755016327,0.5854144096374512
530,1775456310.0096476,157,person,0.5,0.5,0.0,0.425
530,1775456310.0096476,105,person,0.5,0.5,0.695956289768219,0.5293934345245361
531,1775456311.2726684,82,person,0.47019410133361816,0.3,0.12603427469730377,0.3760215938091278
531,1775456311.2726684,79,person,0.5,0.3,0.21480002999305725,0.4072200059890747
531,1775456311.2726684,150,person,0.5,1.0,0.1412757784128189,0.5711913704872131
531,1775456311.2726684,157,person,0.5,0.5,1.0,0.575
531,1775456311.2726684,105,person,0.5,0.5,0.9724212884902954,0.5708632469177246
531,1775456311.2726684,138,person,0.5,1.0,0.31003159284591675,0.5965047478675842
532,1775456312.6165993,82,person,0.48241126537323,0.3,0.14823541045188904,0.38668206334114075
532,1775456312.6165993,79,person,0.5,0.3,0.2609507441520691,0.4141426086425781
532,1775456312.6165993,150,person,0.5,0.6,0.12209943681955338,0.46831491589546204
532,1775456312.6165993,157,person,0.5,0.5,1.0,0.575
532,1775456312.6165993,105,person,0.5,0.5,1.0,0.575
532,1775456312.6165993,125,person,0.5,0.5,0.15303106606006622,0.4479546844959259
533,1775456314.1022675,82,person,0.5,0.3,0.48263615369796753,0.4473954439163208
533,1775456314.1022675,79,person,0.5,0.6,0.25004228949546814,0.48750633001327515
533,1775456314.1022675,150,person,0.5,1.0,0.0986296609044075,0.5647944808006287
533,1775456314.1022675,157,person,0.5,0.5,1.0,0.575
533,1775456314.1022675,105,person,0.5,0.5,0.3355470299720764,0.4753320813179016
533,1775456314.1022675,125,person,0.5,0.5,0.13348737359046936,0.4450231194496155
533,1775456314.1022675,138,person,0.5,1.0,0.19131870567798615,0.5786978006362915
534,1775456315.4639459,82,person,0.5,0.3,1.0,0.525
534,1775456315.4639459,79,person,0.5,0.6,0.1686272919178009,0.4752940833568573
534,1775456315.4639459,150,person,0.5,1.0,0.12833023071289062,0.5692495703697205
534,1775456315.4639459,157,person,0.5,0.5,1.0,0.575
534,1775456315.4639459,105,person,0.5,0.5,0.2595688998699188,0.46393534541130066
534,1775456315.4639459,125,person,0.5,0.5,0.18410970270633698,0.45261645317077637
534,1775456315.4639459,165,person,0.5,0.5,0.0,0.425
534,1775456315.4639459,138,person,0.5,1.0,0.15290416777133942,0.5729356408119202
535,1775456316.9301877,82,person,0.5,0.3,1.0,0.525
535,1775456316.9301877,79,person,0.5,0.3,0.184366837143898,0.4026550352573395
535,1775456316.9301877,150,person,0.5,1.0,0.15697090327739716,0.5735456347465515
535,1775456316.9301877,157,person,0.5,0.5,1.0,0.575
535,1775456316.9301877,105,person,0.5,0.6,0.15926241874694824,0.4738893508911133
535,1775456316.9301877,125,person,0.5,0.3,0.17777572572231293,0.4016663730144501
535,1775456316.9301877,165,person,0.5,0.5,1.0,0.575
535,1775456316.9301877,138,person,0.5,1.0,0.12629801034927368,0.5689446926116943
536,1775456318.4297292,82,person,0.5,0.5,1.0,0.575
536,1775456318.4297292,79,person,0.5,0.3,0.21094389259815216,0.40664157271385193
536,1775456318.4297292,150,person,0.5,0.6,0.11504648625850677,0.46725696325302124
536,1775456318.4297292,157,person,0.5,0.5,1.0,0.575
536,1775456318.4297292,105,person,0.5,0.5,0.0657806321978569,0.43486711382865906
536,1775456318.4297292,125,person,0.5,0.3,0.21847490966320038,0.4077712297439575
536,1775456318.4297292,165,person,0.5,1.0,0.5250529050827026,0.6287579536437988
536,1775456318.4297292,138,person,0.5,1.0,0.10779790580272675,0.5661696791648865
536,1775456318.4297292,168,person,0.5,0.5,0.0,0.425
537,1775456320.025168,82,person,0.5,0.5,0.7736663222312927,0.5410499572753906
537,1775456320.025168,79,person,0.5,0.6,0.15508076548576355,0.47326210141181946
537,1775456320.025168,150,person,0.5,1.0,0.15565736591815948,0.5733486413955688
537,1775456320.025168,157,person,0.5,0.5,1.0,0.575
537,1775456320.025168,105,person,0.5,0.5,0.16408193111419678,0.4496122896671295
537,1775456320.025168,125,person,0.5,0.5,0.14179794490337372,0.446269690990448
537,1775456320.025168,165,person,0.5,1.0,0.41243982315063477,0.6118659973144531
537,1775456320.025168,138,person,0.5,1.0,0.1884838193655014,0.5782725811004639
537,1775456320.025168,168,person,0.5,0.5,1.0,0.575
538,1775456321.57047,82,person,0.5,0.5,0.5569059252738953,0.5085359215736389
538,1775456321.57047,79,person,0.5,0.6,0.1656073033809662,0.47484108805656433
538,1775456321.57047,150,person,0.5,0.6,0.2220207154750824,0.48330309987068176
538,1775456321.57047,157,person,0.5,0.5,1.0,0.575
538,1775456321.57047,105,person,0.5,0.5,0.16576912999153137,0.4498653709888458
538,1775456321.57047,125,person,0.5,0.5,0.14966949820518494,0.4474504292011261
538,1775456321.57047,165,person,0.5,1.0,0.3475455045700073,0.6021318435668945
538,1775456321.57047,138,person,0.5,1.0,0.10405721515417099,0.5656086206436157
538,1775456321.57047,168,person,0.5,0.5,1.0,0.575
539,1775456323.2597418,79,person,0.5,0.3,0.9588778614997864,0.5188316702842712
539,1775456323.2597418,150,person,0.5,0.6,0.09192012250423431,0.4637880027294159
539,1775456323.2597418,157,person,0.5,0.5,1.0,0.575
539,1775456323.2597418,105,person,0.5,0.5,0.12216875702142715,0.44332534074783325
539,1775456323.2597418,125,person,0.5,1.0,0.16537605226039886,0.5748063921928406
539,1775456323.2597418,165,person,0.5,1.0,0.22428032755851746,0.5836420655250549
539,1775456323.2597418,138,person,0.5,1.0,0.1113201156258583,0.5666980147361755
539,1775456323.2597418,168,person,0.5,0.6,1.0,0.6
540,1775456324.7492354,79,person,0.5,0.3,1.0,0.525
540,1775456324.7492354,150,person,0.5,0.6,0.1859317570924759,0.477889746427536
540,1775456324.7492354,157,person,0.5,0.5,0.8643704652786255,0.5546555519104004
540,1775456324.7492354,105,person,0.5,0.5,0.211831733584404,0.4567747712135315
540,1775456324.7492354,125,person,0.5,0.5,0.12120682001113892,0.44318103790283203
540,1775456324.7492354,165,person,0.5,1.0,0.14723585546016693,0.5720853805541992
540,1775456324.7492354,138,person,0.5,1.0,0.1673538237810135,0.5751031041145325
540,1775456324.7492354,168,person,0.5,0.6,0.6384812593460083,0.5457721948623657
540,1775456324.7492354,171,person,0.5,0.5,0.0,0.425
541,1775456326.327759,79,person,0.5,0.3,1.0,0.525
541,1775456326.327759,150,person,0.5,0.6,0.0822363793849945,0.4623354375362396
541,1775456326.327759,157,person,0.5,0.5,0.6229976415634155,0.5184496641159058
541,1775456326.327759,105,person,0.5,0.5,0.10585369914770126,0.4408780634403229
541,1775456326.327759,125,person,0.5,0.5,0.19470909237861633,0.4542063772678375
541,1775456326.327759,165,person,0.5,1.0,0.19819465279579163,0.5797291994094849
541,1775456326.327759,138,person,0.5,1.0,0.15416836738586426,0.5731252431869507
541,1775456326.327759,168,person,0.5,1.0,0.2206275463104248,0.5830941200256348
542,1775456327.9147315,79,person,0.5,0.6,1.0,0.6
542,1775456327.9147315,150,person,0.5,0.6,0.18642567098140717,0.4779638350009918
542,1775456327.9147315,157,person,0.5,0.5,0.3862822651863098,0.4829423427581787
542,1775456327.9147315,105,person,0.5,0.5,0.11222110688686371,0.44183316826820374
542,1775456327.9147315,125,person,0.5,0.5,0.05484190583229065,0.4332262873649597
542,1775456327.9147315,165,person,0.5,1.0,0.18647752702236176,0.5779716372489929
542,1775456327.9147315,138,person,0.5,1.0,0.3345293700695038,0.6001794338226318
542,1775456327.9147315,168,person,0.5,0.6,0.13814225792884827,0.4707213342189789
542,1775456327.9147315,171,person,0.5,0.5,1.0,0.575
543,1775456329.5793958,79,person,0.5,0.6,1.0,0.6
543,1775456329.5793958,150,person,0.5,0.6,0.12950415909290314,0.46942561864852905
543,1775456329.5793958,157,person,0.5,0.5,0.33143821358680725,0.4747157394886017
543,1775456329.5793958,105,person,0.5,0.5,0.14950640499591827,0.4474259614944458
543,1775456329.5793958,125,person,0.5,0.5,0.15312978625297546,0.4479694962501526
543,1775456329.5793958,165,person,0.5,1.0,0.19209127128124237,0.5788137316703796
543,1775456329.5793958,138,person,0.5,1.0,1.0,0.7000000000000001
543,1775456329.5793958,168,person,0.5,1.0,0.09457089006900787,0.564185619354248
543,1775456329.5793958,171,person,0.5,0.6,0.6454392075538635,0.5468158721923828
544,1775456331.1961858,79,person,0.5,1.0,1.0,0.7000000000000001
544,1775456331.1961858,150,person,0.5,1.0,0.09435274451971054,0.5641528964042664
544,1775456331.1961858,157,person,0.5,0.5,0.34662705659866333,0.4769940674304962
544,1775456331.1961858,105,person,0.5,0.5,0.18666233122348785,0.4529993534088135
544,1775456331.1961858,125,person,0.5,0.5,0.09341583400964737,0.4390123784542084
544,1775456331.1961858,165,person,0.5,1.0,0.07483246177434921,0.5612248778343201
544,1775456331.1961858,138,person,0.5,1.0,0.8643804788589478,0.6796571016311646
544,1775456331.1961858,168,person,0.5,1.0,0.16927024722099304,0.5753905773162842
544,1775456331.1961858,171,person,0.5,0.5,0.784125804901123,0.5426188707351685
545,1775456332.928986,79,person,0.5,0.5,1.0,0.575
545,1775456332.928986,150,person,0.5,1.0,0.10204853117465973,0.5653073191642761
545,1775456332.928986,157,person,0.5,0.5,0.18091842532157898,0.4521377682685852
545,1775456332.928986,105,person,0.5,0.5,0.8916918635368347,0.5587537884712219
545,1775456332.928986,125,person,0.5,0.5,0.09029702097177505,0.4385445713996887
545,1775456332.928986,165,person,0.5,1.0,0.18668889999389648,0.5780033469200134
545,1775456332.928986,138,person,0.5,1.0,0.16099227964878082,0.5741488337516785
545,1775456332.928986,168,person,0.5,1.0,0.13243567943572998,0.569865345954895
545,1775456332.928986,171,person,0.5,0.5,1.0,0.575
545,1775456332.928986,176,person,0.5,0.5,0.0,0.425
546,1775456334.6255944,79,person,0.5,0.5,1.0,0.575
546,1775456334.6255944,150,person,0.5,1.0,0.1808408796787262,0.577126145362854
546,1775456334.6255944,157,person,0.5,0.5,0.3178543150424957,0.47267815470695496
546,1775456334.6255944,105,person,0.5,0.5,0.7750457525253296,0.5412569046020508
546,1775456334.6255944,125,person,0.5,0.5,0.1615706980228424,0.44923561811447144
546,1775456334.6255944,165,person,0.5,1.0,0.2667391300201416,0.5900108814239502
546,1775456334.6255944,138,person,0.5,1.0,0.5494992136955261,0.6324248909950256
546,1775456334.6255944,168,person,0.5,1.0,0.1606471836566925,0.5740970969200134
546,1775456334.6255944,171,person,0.5,0.5,1.0,0.575
546,1775456334.6255944,176,person,0.5,0.5,0.14228448271751404,0.44634267687797546
547,1775456336.4251955,79,person,0.5,1.0,1.0,0.7000000000000001
547,1775456336.4251955,150,person,0.5,1.0,0.09326036274433136,0.5639890432357788
547,1775456336.4251955,157,person,0.5,1.0,0.2872181236743927,0.5930827260017395
547,1775456336.4251955,105,person,0.5,0.5,1.0,0.575
547,1775456336.4251955,125,person,0.5,0.5,0.1835738718509674,0.45253610610961914
547,1775456336.4251955,165,person,0.5,1.0,0.15594366192817688,0.5733915567398071
547,1775456336.4251955,138,person,0.5,1.0,0.783790647983551,0.6675686240196228
547,1775456336.4251955,168,person,0.5,1.0,0.17028532922267914,0.5755428075790405
547,1775456336.4251955,171,person,0.5,0.5,1.0,0.575
547,1775456336.4251955,176,person,0.5,0.5,0.18179795145988464,0.45226970314979553
548,1775456338.2368102,79,person,0.5,0.5,0.9905632138252258,0.5735844969749451
548,1775456338.2368102,150,person,0.5,1.0,0.10563266277313232,0.5658448934555054
548,1775456338.2368102,157,person,0.5,1.0,0.19416776299476624,0.579125165939331
548,1775456338.2368102,105,person,0.5,0.5,1.0,0.575
548,1775456338.2368102,125,person,0.5,0.5,0.25909623503685,0.46386444568634033
548,1775456338.2368102,165,person,0.5,1.0,0.11820731312036514,0.5677310824394226
548,1775456338.2368102,138,person,0.5,1.0,1.0,0.7000000000000001
548,1775456338.2368102,168,person,0.5,0.5,0.12456468492746353,0.44368472695350647
548,1775456338.2368102,171,person,0.5,0.3,1.0,0.525
548,1775456338.2368102,176,person,0.5,0.5,0.3318142592906952,0.4747721552848816
549,1775456340.0507793,79,person,0.5,0.5,0.9322865605354309,0.5648429989814758
549,1775456340.0507793,150,person,0.5,1.0,0.07417668402194977,0.5611265301704407
549,1775456340.0507793,157,person,0.5,1.0,0.17922237515449524,0.5768833756446838
549,1775456340.0507793,105,person,0.5,0.5,1.0,0.575
549,1775456340.0507793,125,person,0.5,0.5,0.20620782673358917,0.4559311866760254
549,1775456340.0507793,165,person,0.5,1.0,0.07064548134803772,0.5605968236923218
549,1775456340.0507793,138,person,0.5,1.0,0.4238657057285309,0.6135798692703247
549,1775456340.0507793,168,person,0.5,1.0,0.14698371291160583,0.5720475912094116
549,1775456340.0507793,171,person,0.5,0.3,1.0,0.525
549,1775456340.0507793,176,person,0.5,0.5,0.12319479882717133,0.4434792399406433
550,1775456342.0719435,150,person,0.5,1.0,0.1563355028629303,0.5734503269195557
550,1775456342.0719435,157,person,0.5,1.0,0.11377386003732681,0.5670660734176636
550,1775456342.0719435,125,person,0.5,0.5,0.13791900873184204,0.445687860250473
550,1775456342.0719435,165,person,0.5,1.0,0.1642000675201416,0.5746300220489502
550,1775456342.0719435,138,person,0.5,1.0,0.778885006904602,0.6668327450752258
550,1775456342.0719435,168,person,0.5,1.0,0.15171101689338684,0.5727566480636597
550,1775456342.0719435,171,person,0.5,0.3,0.920266330242157,0.5130399465560913
550,1775456342.0719435,176,person,0.5,0.5,0.09676934778690338,0.4395154118537903
551,1775456343.650624,150,person,0.5,1.0,0.1382206827402115,0.5707331299781799
551,1775456343.650624,157,person,0.5,1.0,0.1325148344039917,0.5698772668838501
551,1775456343.650624,125,person,0.5,0.5,0.549879252910614,0.5074819326400757
551,1775456343.650624,165,person,0.5,1.0,0.20547476410865784,0.5808212161064148
551,1775456343.650624,138,person,0.5,1.0,1.0,0.7000000000000001
551,1775456343.650624,168,person,0.5,1.0,0.17224574089050293,0.5758368968963623
551,1775456343.650624,171,person,0.5,0.3,0.4459354281425476,0.44189029932022095
551,1775456343.650624,176,person,0.5,0.5,0.09931080788373947,0.4398966431617737
551,1775456343.650624,79,person,0.5,0.5,1.0,0.575
552,1775456345.2905753,150,person,0.5,1.0,0.13388220965862274,0.5700823664665222
552,1775456345.2905753,157,person,0.5,1.0,0.2085830420255661,0.5812874436378479
552,1775456345.2905753,125,person,0.5,0.5,0.3099936544895172,0.4714990556240082
552,1775456345.2905753,165,person,0.5,1.0,0.28931018710136414,0.5933965444564819
552,1775456345.2905753,138,person,0.9396597146987915,1.0,1.0,0.963795828819275
552,1775456345.2905753,168,person,0.5,1.0,0.130914106965065,0.56963711977005
552,1775456345.2905753,171,person,0.5,0.3,0.31750428676605225,0.42262566089630127
552,1775456345.2905753,176,person,0.5,0.5,0.09059226512908936,0.43858885765075684
552,1775456345.2905753,79,person,0.5,0.6,1.0,0.6
553,1775456346.933397,150,person,0.5,1.0,0.09678838402032852,0.5645182728767395
553,1775456346.933397,157,person,0.5,1.0,0.2536986470222473,0.5880548357963562
553,1775456346.933397,125,person,0.5,0.5,0.29076313972473145,0.46861448884010315
553,1775456346.933397,165,person,0.5,1.0,0.15417221188545227,0.5731258392333984
553,1775456346.933397,138,person,0.9652876853942871,1.0,1.0,0.9791726112365723
553,1775456346.933397,168,person,0.5,1.0,0.05646738409996033,0.5584701299667358
553,1775456346.933397,171,person,0.5,0.3,0.15105226635932922,0.3976578414440155
553,1775456346.933397,176,person,0.5,0.5,0.18068647384643555,0.45210298895835876
553,1775456346.933397,79,person,0.5,0.5,1.0,0.575
554,1775456348.550325,150,person,0.5,1.0,0.15872453153133392,0.5738086700439453
554,1775456348.550325,157,person,0.5,1.0,0.10752662271261215,0.5661290287971497
554,1775456348.550325,125,person,0.5,0.5,0.2709681987762451,0.4656452536582947
554,1775456348.550325,165,person,0.5,1.0,0.2939140200614929,0.5940871238708496
554,1775456348.550325,138,person,0.9597339630126953,1.0,0.29008978605270386,0.8693538308143616
554,1775456348.550325,168,person,0.5,1.0,0.09025690704584122,0.5635385513305664
554,1775456348.550325,171,person,0.5,0.3,0.12842942774295807,0.3942644000053406
554,1775456348.550325,176,person,0.5,0.5,0.07035300135612488,0.4355529546737671
554,1775456348.550325,79,person,0.5,0.3,0.5265258550643921,0.45397889614105225
555,1775456350.2263243,150,person,0.5,1.0,0.12140911817550659,0.5682113766670227
555,1775456350.2263243,157,person,0.5,1.0,0.12849067151546478,0.5692735910415649
555,1775456350.2263243,125,person,0.5,0.5,0.15125946700572968,0.4476889371871948
555,1775456350.2263243,165,person,0.5,1.0,0.1971885859966278,0.5795782804489136
555,1775456350.2263243,138,person,0.9741092920303345,1.0,0.31957992911338806,0.8824025392532349
555,1775456350.2263243,168,person,0.5,1.0,0.138509601354599,0.5707764625549316
555,1775456350.2263243,171,person,0.5,0.6,0.253587931394577,0.48803818225860596
555,1775456350.2263243,176,person,0.5,0.5,0.11982816457748413,0.4429742395877838
555,1775456350.2263243,79,person,0.5,0.5,0.4504956603050232,0.4925743639469147
556,1775456351.8899937,150,person,0.5,1.0,0.20017150044441223,0.5800257325172424
556,1775456351.8899937,157,person,0.5,1.0,0.15012606978416443,0.5725189447402954
556,1775456351.8899937,125,person,0.5,0.5,0.16328303515911102,0.4494924545288086
556,1775456351.8899937,165,person,0.5,1.0,0.41663312911987305,0.6124950051307678
556,1775456351.8899937,138,person,0.5,1.0,0.8752740025520325,0.6812911033630371
556,1775456351.8899937,168,person,0.5,1.0,0.11200437694787979,0.5668006539344788
556,1775456351.8899937,171,person,0.5,0.3,0.3890897035598755,0.4333634674549103
556,1775456351.8899937,176,person,0.5,0.5,0.14159569144248962,0.4462393522262573
556,1775456351.8899937,79,person,0.5,0.5,0.5463648438453674,0.5069547295570374
557,1775456353.5067902,150,person,0.5,1.0,0.1467927247285843,0.5720189213752747
557,1775456353.5067902,157,person,0.5,1.0,0.26688629388809204,0.5900329351425171
557,1775456353.5067902,125,person,0.5,0.5,0.11537428200244904,0.44230616092681885
557,1775456353.5067902,165,person,0.5,1.0,0.14246924221515656,0.5713704228401184
557,1775456353.5067902,138,person,0.8902490139007568,1.0,0.9371274709701538,0.9247184991836548
557,1775456353.5067902,168,person,0.5,1.0,0.11941714584827423,0.5679125785827637
557,1775456353.5067902,171,person,0.5,0.3,0.4546906352043152,0.4432035982608795
557,1775456353.5067902,176,person,0.5,0.5,0.09144360572099686,0.4387165606021881
557,1775456353.5067902,79,person,0.5,0.5,0.4322081208229065,0.48983123898506165
558,1775456355.0743728,150,person,0.5,1.0,0.1639086902141571,0.5745863318443298
558,1775456355.0743728,157,person,0.5,1.0,0.1471271812915802,0.5720691084861755
558,1775456355.0743728,125,person,0.5,0.5,0.11900804191827774,0.4428512156009674
558,1775456355.0743728,165,person,0.755011796951294,1.0,0.2591167390346527,0.741874635219574
558,1775456355.0743728,138,person,0.5,1.0,0.29238277673721313,0.5938574075698853
558,1775456355.0743728,168,person,0.5,1.0,0.10009124130010605,0.5650137066841125
558,1775456355.0743728,171,person,0.5,0.3,0.1307942420244217,0.3946191370487213
558,1775456355.0743728,176,person,0.5,0.5,0.07123981416225433,0.43568599224090576
558,1775456355.0743728,79,person,0.5,0.5,0.3948865532875061,0.48423299193382263
559,1775456356.6945212,150,person,0.5,1.0,0.07885865122079849,0.5618287920951843
559,1775456356.6945212,157,person,0.5,1.0,0.3677130341529846,0.6051569581031799
559,1775456356.6945212,125,person,0.5,0.5,0.07165781408548355,0.4357486963272095
559,1775456356.6945212,165,person,0.5,1.0,0.20442326366901398,0.5806635022163391
559,1775456356.6945212,138,person,0.5,1.0,0.21071091294288635,0.5816066265106201
559,1775456356.6945212,168,person,0.5,1.0,0.12688276171684265,0.5690324306488037
559,1775456356.6945212,171,person,0.5,0.6,0.13951846957206726,0.47092777490615845
559,1775456356.6945212,176,person,0.5,0.5,0.09086917340755463,0.4386304020881653
560,1775456358.405227,150,person,0.5,1.0,0.03105328045785427,0.5546579957008362
560,1775456358.405227,157,person,0.5,0.6,0.13693268597126007,0.4705398976802826
560,1775456358.405227,125,person,0.5,0.5,0.10939977318048477,0.44140997529029846
560,1775456358.405227,165,person,0.5,1.0,0.1625443398952484,0.5743816494941711
560,1775456358.405227,138,person,0.5,1.0,0.4013039171695709,0.6101955771446228
560,1775456358.405227,168,person,0.5,1.0,0.09711464494466782,0.5645672082901001
560,1775456358.405227,171,person,0.5,0.3,0.14128614962100983,0.39619290828704834
560,1775456358.405227,176,person,0.5,0.5,0.10109508037567139,0.4401642680168152
561,1775456360.4092333,150,person,0.5,1.0,0.0970546305179596,0.564558207988739
561,1775456360.4092333,157,person,0.5,0.6,0.09704390168190002,0.46455657482147217
561,1775456360.4092333,125,person,0.5,0.5,0.12469451129436493,0.44370418787002563
561,1775456360.4092333,165,person,0.5,1.0,0.4967491030693054,0.6245123744010925
561,1775456360.4092333,138,person,0.5,1.0,0.43217602372169495,0.6148264408111572
561,1775456360.4092333,168,person,0.5,1.0,0.1483762264251709,0.5722564458847046
561,1775456360.4092333,171,person,0.5,0.6,0.08476612716913223,0.46271491050720215
561,1775456360.4092333,176,person,0.5,0.5,0.08916758745908737,0.4383751451969147
562,1775456362.065271,150,person,0.5,0.6,0.09994921833276749,0.46499237418174744
562,1775456362.065271,157,person,0.5,0.6,0.114210344851017,0.4671315550804138
562,1775456362.065271,125,person,0.5,0.5,0.15590950846672058,0.44838643074035645
562,1775456362.065271,165,person,0.7437797784805298,1.0,0.6170315146446228,0.788822591304779
562,1775456362.065271,138,person,0.5,1.0,0.7928985953330994,0.6689348220825195
562,1775456362.065271,168,person,0.5,1.0,0.07192545384168625,0.5607888102531433
562,1775456362.065271,171,person,0.5,0.6,0.2012615203857422,0.4801892042160034
562,1775456362.065271,176,person,0.5,0.5,0.11394425481557846,0.4420916438102722
563,1775456363.5193653,150,person,0.5,1.0,0.18878670036792755,0.5783179998397827
563,1775456363.5193653,157,person,0.5,0.6,0.12537062168121338,0.46880558133125305
563,1775456363.5193653,125,person,0.5,0.5,0.04515019804239273,0.43177253007888794
563,1775456363.5193653,165,person,0.5,1.0,0.2738432288169861,0.5910764932632446
563,1775456363.5193653,138,person,0.8665456175804138,1.0,0.2913971245288849,0.8136369585990906
563,1775456363.5193653,168,person,0.5,1.0,0.11606307327747345,0.5674094557762146
563,1775456363.5193653,171,person,0.5,0.6,0.09738340228796005,0.46460750699043274
563,1775456363.5193653,176,person,0.5,0.5,0.13935191929340363,0.4459027945995331
564,1775456364.976356,150,person,0.5,0.6,0.09563570469617844,0.4643453359603882
564,1775456364.976356,157,person,0.5,0.6,0.06173395365476608,0.45926007628440857
564,1775456364.976356,125,person,0.5,0.5,0.09111309051513672,0.438666969537735
564,1775456364.976356,165,person,0.5,1.0,0.18314911425113678,0.5774723887443542
564,1775456364.976356,138,person,0.5,1.0,0.6373492479324341,0.6456024050712585
564,1775456364.976356,168,person,0.5,1.0,0.06318838894367218,0.5594782829284668
564,1775456364.976356,171,person,0.5,0.6,0.07402323186397552,0.4611034691333771
564,1775456364.976356,176,person,0.5,0.5,0.03919002413749695,0.43087852001190186
565,1775456366.5583596,150,person,0.5,0.6,0.16242091357707977,0.4743631184101105
565,1775456366.5583596,157,person,0.5,0.6,0.09328337758779526,0.46399250626564026
565,1775456366.5583596,125,person,0.5,0.5,0.07383055984973907,0.4360745847225189
565,1775456366.5583596,165,person,0.5,1.0,0.20731279253959656,0.5810969471931458
565,1775456366.5583596,138,person,0.5,1.0,0.5383888483047485,0.6307583451271057
565,1775456366.5583596,168,person,0.5,1.0,0.08682947605848312,0.5630244612693787
565,1775456366.5583596,171,person,0.5,0.3,0.10915329307317734,0.39137300848960876
565,1775456366.5583596,176,person,0.5,0.5,0.1100960224866867,0.44151440262794495
566,1775456368.0790865,150,person,0.5,1.0,0.10003414005041122,0.5650051236152649
566,1775456368.0790865,157,person,0.5,0.6,0.1686805784702301,0.4753020703792572
566,1775456368.0790865,125,person,0.5,0.5,0.08901537209749222,0.4383523166179657
566,1775456368.0790865,165,person,0.5,1.0,0.13339337706565857,0.5700089931488037
566,1775456368.0790865,138,person,0.5,1.0,0.3770882189273834,0.6065632700920105
566,1775456368.0790865,168,person,0.5,1.0,0.08108624070882797,0.5621629357337952
566,1775456368.0790865,171,person,0.5,0.6,0.09058037400245667,0.46358704566955566
566,1775456368.0790865,176,person,0.5,0.5,0.10611442476511002,0.44091716408729553
567,1775456369.4922276,150,person,0.5,1.0,0.08944056183099747,0.5634161233901978
567,1775456369.4922276,157,person,0.5,0.6,0.08035029470920563,0.46205252408981323
567,1775456369.4922276,125,person,0.5,1.0,0.07943485677242279,0.5619152188301086
567,1775456369.4922276,165,person,0.5,1.0,0.086430124938488,0.5629645586013794
567,1775456369.4922276,138,person,0.5,1.0,0.18036237359046936,0.5770543813705444
567,1775456369.4922276,168,person,0.5,1.0,0.12274973094463348,0.5684124827384949
567,1775456369.4922276,171,person,0.5,0.6,0.20073863863945007,0.4801107943058014
567,1775456369.4922276,176,person,0.5,0.5,0.10064548254013062,0.44009682536125183
568,1775456370.9074152,150,person,0.5,1.0,0.06996946036815643,0.5604954361915588
568,1775456370.9074152,157,person,0.5,0.6,0.0926213264465332,0.46389317512512207
568,1775456370.9074152,165,person,0.5,1.0,0.12308818101882935,0.5684632658958435
568,1775456370.9074152,138,person,0.5,1.0,0.22589285671710968,0.5838839411735535
568,1775456370.9074152,168,person,0.5,1.0,0.0903826504945755,0.5635573863983154
568,1775456370.9074152,171,person,0.5,0.6,0.0937722772359848,0.464065819978714
568,1775456370.9074152,176,person,0.5,0.5,0.078663669526577,0.436799556016922
569,1775456372.255356,150,person,0.5,1.0,0.16632303595542908,0.5749484896659851
569,1775456372.255356,157,person,0.5,0.6,0.08329649269580841,0.46249446272850037
569,1775456372.255356,165,person,0.5,1.0,0.19520755112171173,0.5792811512947083
569,1775456372.255356,138,person,0.8874581456184387,1.0,0.49805307388305664,0.8571828603744507
569,1775456372.255356,168,person,0.5,1.0,0.09129403531551361,0.5636941194534302
569,1775456372.255356,171,person,0.5,0.6,0.08312193304300308,0.4624682664871216
569,1775456372.255356,176,person,0.5,0.5,0.09499863535165787,0.43924981355667114
569,1775456372.255356,125,person,0.5,0.5,0.19255046546459198,0.4538825750350952
570,1775456373.7446158,150,person,0.5,1.0,0.09465496987104416,0.5641982555389404
570,1775456373.7446158,157,person,0.5,0.6,0.11557483673095703,0.4673362076282501
570,1775456373.7446158,165,person,0.5,1.0,0.1148274764418602,0.5672241449356079
570,1775456373.7446158,138,person,0.5,1.0,0.3182132840156555,0.5977320075035095
570,1775456373.7446158,168,person,0.5,1.0,0.03962688893079758,0.55594402551651
570,1775456373.7446158,171,person,0.5,1.0,0.10858414322137833,0.566287636756897
570,1775456373.7446158,176,person,0.5,0.5,0.028708288446068764,0.4293062686920166
570,1775456373.7446158,125,person,0.5,0.5,0.08010004460811615,0.43701502680778503
571,1775456375.2769592,150,person,0.5,1.0,0.13043710589408875,0.5695655941963196
571,1775456375.2769592,157,person,0.5,0.6,0.13537564873695374,0.4703063368797302
571,1775456375.2769592,165,person,0.5,1.0,0.07711280882358551,0.561566948890686
571,1775456375.2769592,138,person,0.5,1.0,0.23327331244945526,0.5849910378456116
571,1775456375.2769592,168,person,0.5,1.0,0.14176777005195618,0.5712651610374451
571,1775456375.2769592,171,person,0.5,0.6,0.06387804448604584,0.4595817029476166
571,1775456375.2769592,176,person,0.5,0.5,0.08619950711727142,0.4379299283027649
572,1775456376.5697646,150,person,0.5,0.6,0.14669683575630188,0.4720045030117035
572,1775456376.5697646,157,person,0.5,0.6,0.0971064642071724,0.4645659625530243
572,1775456376.5697646,165,person,0.5,1.0,0.08768265694379807,0.5631524324417114
572,1775456376.5697646,138,person,0.5,1.0,0.2827610671520233,0.5924142003059387
572,1775456376.5697646,168,person,0.5,1.0,0.15458334982395172,0.573187530040741
572,1775456376.5697646,171,person,0.5,0.6,0.10685758292675018,0.46602863073349
572,1775456376.5697646,176,person,0.5,0.5,0.1404392272233963,0.44606590270996094
573,1775456377.9653976,150,person,0.5,0.6,0.12983527779579163,0.46947526931762695
573,1775456377.9653976,157,person,0.5,0.6,0.12035330384969711,0.4680529832839966
573,1775456377.9653976,165,person,0.5,1.0,0.11767835915088654,0.5676517486572266
573,1775456377.9653976,138,person,0.5,1.0,0.2057899683713913,0.5808684825897217
573,1775456377.9653976,168,person,0.5,1.0,0.12128569930791855,0.5681928396224976
573,1775456377.9653976,171,person,0.5,0.6,0.0778178945183754,0.46167266368865967
573,1775456377.9653976,176,person,0.5,0.5,0.06676729023456573,0.43501511216163635
574,1775456379.278059,150,person,0.5,0.6,0.046022217720746994,0.4569033086299896
574,1775456379.278059,157,person,0.5,0.6,0.06571543961763382,0.459857314825058
574,1775456379.278059,165,person,0.8080564737319946,1.0,0.18558615446090698,0.7626718282699585
574,1775456379.278059,138,person,0.5,1.0,0.2592085897922516,0.5888813138008118
574,1775456379.278059,168,person,0.5,1.0,0.0580269917845726,0.5587040781974792
574,1775456379.278059,171,person,0.5,0.6,0.12107068300247192,0.46816059947013855
574,1775456379.278059,176,person,0.5,0.5,0.1721150279045105,0.4508172571659088
575,1775456380.5961657,150,person,0.5,0.6,0.08209242671728134,0.46231386065483093
575,1775456380.5961657,157,person,0.5,0.3,0.09297628700733185,0.38894644379615784
575,1775456380.5961657,165,person,0.8525255918502808,1.0,0.14318007230758667,0.7829923629760742
575,1775456380.5961657,138,person,0.5,1.0,0.4121277928352356,0.6118192076683044
575,1775456380.5961657,168,person,0.5,1.0,0.14158333837985992,0.5712375044822693
575,1775456380.5961657,171,person,0.5,0.6,0.0897146686911583,0.4634571969509125
575,1775456380.5961657,176,person,0.5,0.5,0.07045310735702515,0.4355679750442505
575,1775456380.5961657,125,person,0.5,0.5,0.45086440443992615,0.49262967705726624
576,1775456382.116781,150,person,0.5,0.6,0.07489468902349472,0.4612341821193695
576,1775456382.116781,157,person,0.5,0.6,0.0997275561094284,0.46495911478996277
576,1775456382.116781,165,person,0.5,1.0,0.04215952008962631,0.5563239455223083
576,1775456382.116781,138,person,0.5,1.0,0.5817325711250305,0.6372599005699158
576,1775456382.116781,168,person,0.5,1.0,0.16079802811145782,0.5741196870803833
576,1775456382.116781,171,person,0.5,0.6,0.1390846073627472,0.4708626866340637
576,1775456382.116781,176,person,0.5,0.5,0.11692778021097183,0.44253918528556824
576,1775456382.116781,125,person,0.5,0.5,0.38947156071662903,0.4834207594394684
577,1775456383.549713,150,person,0.5,0.6,0.09106945991516113,0.46366041898727417
577,1775456383.549713,157,person,0.5,0.6,0.09659024327993393,0.46448853611946106
577,1775456383.549713,165,person,0.8686915636062622,1.0,0.09893102943897247,0.7860546112060547
577,1775456383.549713,138,person,0.5,1.0,0.19382472336292267,0.5790737271308899
577,1775456383.549713,168,person,0.5,0.5,0.10458211600780487,0.4406873285770416
577,1775456383.549713,171,person,0.5,0.6,0.08765939623117447,0.46314889192581177
577,1775456383.549713,176,person,0.5,0.5,0.21133773028850555,0.4567006826400757
578,1775456384.8681164,150,person,0.5,0.6,0.08576737344264984,0.46286508440971375
578,1775456384.8681164,157,person,0.5,0.6,0.1382666975259781,0.4707399904727936
578,1775456384.8681164,165,person,0.8388807773590088,1.0,0.12072457373142242,0.7714371085166931
578,1775456384.8681164,138,person,0.5,0.6,0.1381286084651947,0.47071927785873413
578,1775456384.8681164,168,person,0.5,0.5,0.10430996119976044,0.4406464993953705
578,1775456384.8681164,171,person,0.5,0.6,0.17465612292289734,0.4761984050273895
578,1775456384.8681164,176,person,0.5,0.5,0.08786043524742126,0.438179075717926
579,1775456386.1824763,150,person,0.5,0.6,0.0608270987868309,0.45912405848503113
579,1775456386.1824763,157,person,0.5,0.6,0.11816529929637909,0.4677247703075409
579,1775456386.1824763,165,person,0.5,1.0,0.0855625569820404,0.5628343820571899
579,1775456386.1824763,138,person,0.5,1.0,0.18086156249046326,0.5771292448043823
579,1775456386.1824763,168,person,0.5,1.0,0.15645161271095276,0.5734677314758301
579,1775456386.1824763,171,person,0.5,0.6,0.05433158949017525,0.4581497311592102
579,1775456386.1824763,176,person,0.5,0.5,0.0812838226556778,0.4371925890445709
580,1775456387.5304997,150,person,0.5,0.6,0.06656579673290253,0.4599848687648773
580,1775456387.5304997,157,person,0.5,0.6,0.13366377353668213,0.47004956007003784
580,1775456387.5304997,165,person,0.5,1.0,0.02071567066013813,0.5531073808670044
580,1775456387.5304997,138,person,0.5,1.0,0.10358122736215591,0.5655372142791748
580,1775456387.5304997,168,person,0.5,0.5,0.1114264503121376,0.44171398878097534
580,1775456387.5304997,171,person,0.5,0.6,0.18223196268081665,0.47733479738235474
580,1775456387.5304997,176,person,0.5,0.5,0.08028365671634674,0.43704256415367126
581,1775456388.8909853,150,person,0.5,0.6,0.12420935928821564,0.468631386756897
581,1775456388.8909853,157,person,0.5,0.3,0.09121281653642654,0.38868191838264465
581,1775456388.8909853,165,person,0.5,1.0,0.1169348806142807,0.5675402283668518
581,1775456388.8909853,138,person,0.5,1.0,0.13734468817710876,0.5706017017364502
581,1775456388.8909853,168,person,0.5,1.0,0.09327712655067444,0.5639916062355042
581,1775456388.8909853,171,person,0.5,0.6,0.1617458164691925,0.4742618501186371
581,1775456388.8909853,176,person,0.5,0.5,0.12543131411075592,0.4438146948814392
582,1775456390.2578185,150,person,0.5,0.6,0.13111159205436707,0.4696667194366455
582,1775456390.2578185,157,person,0.5,0.3,0.09226708859205246,0.38884004950523376
582,1775456390.2578185,165,person,0.5,1.0,0.10426679998636246,0.5656400322914124
582,1775456390.2578185,138,person,0.5,1.0,0.12403829395771027,0.5686057806015015
582,1775456390.2578185,168,person,0.5,1.0,0.13496294617652893,0.5702444314956665
582,1775456390.2578185,171,person,0.5,0.6,0.08005921542644501,0.46200886368751526
582,1775456390.2578185,176,person,0.5,0.5,0.06472225487232208,0.4347083568572998
583,1775456391.586288,150,person,0.5,0.6,0.08661839365959167,0.46299275755882263
583,1775456391.586288,157,person,0.5,0.3,0.10252656042575836,0.3903789818286896
583,1775456391.586288,165,person,0.5,1.0,0.09291993081569672,0.5639380216598511
583,1775456391.586288,138,person,0.5,1.0,0.1056484580039978,0.5658472776412964
583,1775456391.586288,168,person,0.5,1.0,0.15176337957382202,0.57276451587677
583,1775456391.586288,171,person,0.5,0.6,0.0991087555885315,0.4648663103580475
583,1775456391.586288,176,person,0.5,0.5,0.09778255224227905,0.43966740369796753
584,1775456392.9588828,150,person,0.5,0.6,0.10540834814310074,0.46581125259399414
584,1775456392.9588828,157,person,0.5,0.3,0.11653818935155869,0.392480731010437
584,1775456392.9588828,165,person,0.5,1.0,0.2614588439464569,0.5892188549041748
584,1775456392.9588828,138,person,0.5,1.0,0.11516749858856201,0.5672751665115356
584,1775456392.9588828,168,person,0.5,1.0,0.4696202278137207,0.6204430460929871
584,1775456392.9588828,171,person,0.5,0.6,0.09962718933820724,0.464944064617157
584,1775456392.9588828,176,person,0.5,0.5,0.07692389190196991,0.43653860688209534
585,1775456394.268239,150,person,0.5,0.6,0.10960283130407333,0.4664404094219208
585,1775456394.268239,157,person,0.5,0.3,0.2117139846086502,0.40675708651542664
585,1775456394.268239,165,person,0.5,1.0,0.1318688541650772,0.5697803497314453
585,1775456394.268239,138,person,0.5,1.0,0.07207251340150833,0.5608108639717102
585,1775456394.268239,168,person,0.5,1.0,0.12072386592626572,0.5681086182594299
585,1775456394.268239,171,person,0.5,0.6,0.05583970621228218,0.4583759307861328
585,1775456394.268239,176,person,0.5,0.5,0.06827443838119507,0.435241162776947
585,1775456394.268239,125,person,0.5,0.5,0.30554479360580444,0.4708317220211029
586,1775456395.823144,150,person,0.5,0.6,0.09722594916820526,0.4645838737487793
586,1775456395.823144,157,person,0.5,0.3,0.12515181303024292,0.39377278089523315
586,1775456395.823144,165,person,0.5,1.0,0.11821253597736359,0.5677319169044495
586,1775456395.823144,138,person,0.5,1.0,0.07391537725925446,0.5610873103141785
586,1775456395.823144,168,person,0.5,0.6,0.13215366005897522,0.46982303261756897
586,1775456395.823144,171,person,0.5,0.6,0.22048933804035187,0.4830733835697174
586,1775456395.823144,176,person,0.5,0.5,0.227936789393425,0.4591905474662781
586,1775456395.823144,125,person,0.5,0.5,0.16221152245998383,0.44933173060417175
587,1775456397.2754438,150,person,0.5,0.6,0.0739017203450203,0.4610852599143982
587,1775456397.2754438,157,person,0.5,0.3,0.25093817710876465,0.4126407206058502
587,1775456397.2754438,165,person,0.5,1.0,0.11659475415945053,0.5674892067909241
587,1775456397.2754438,138,person,0.5,1.0,0.11817077547311783,0.567725658416748
587,1775456397.2754438,168,person,0.5,0.6,0.12378406524658203,0.4685676097869873
587,1775456397.2754438,171,person,0.5,0.6,0.09120820462703705,0.4636812210083008
587,1775456397.2754438,176,person,0.5,0.5,0.20912638306617737,0.45636898279190063
587,1775456397.2754438,125,person,0.5,0.5,0.03939297795295715,0.4309089481830597
588,1775456398.7747898,150,person,0.5,0.6,0.10817629098892212,0.4662264287471771
588,1775456398.7747898,157,person,0.5,0.3,0.20429854094982147,0.4056447744369507
588,1775456398.7747898,138,person,0.5,0.6,0.08775044977664948,0.46316254138946533
588,1775456398.7747898,168,person,0.5,0.6,0.11221293359994888,0.46683192253112793
588,1775456398.7747898,171,person,0.5,0.6,0.12516182661056519,0.4687742590904236
588,1775456398.7747898,176,person,0.5,0.5,0.13640984892845154,0.4454614818096161
588,1775456398.7747898,125,person,0.5,0.5,0.04977528005838394,0.4324662983417511
589,1775456400.133431,150,person,0.5,0.6,0.05690355971455574,0.4585355222225189
589,1775456400.133431,157,person,0.5,0.3,0.208121657371521,0.4062182605266571
589,1775456400.133431,138,person,0.5,1.0,0.18965020775794983,0.5784475207328796
589,1775456400.133431,168,person,0.5,0.6,0.23051366209983826,0.4845770299434662
589,1775456400.133431,171,person,0.5,0.6,0.11822229623794556,0.46773332357406616
589,1775456400.133431,176,person,0.5,0.5,0.04384801536798477,0.431577205657959
589,1775456400.133431,125,person,0.5,0.5,0.07959830015897751,0.4369397461414337
589,1775456400.133431,165,person,0.5,1.0,0.38332873582839966,0.6074993014335632
590,1775456401.717155,150,person,0.5,0.6,0.11187903583049774,0.4667818546295166
590,1775456401.717155,157,person,0.5,0.3,0.15447276830673218,0.39817091822624207
590,1775456401.717155,138,person,0.5,1.0,0.11685739457607269,0.5675286054611206
590,1775456401.717155,168,person,0.5,0.6,0.22674326598644257,0.4840114712715149
590,1775456401.717155,171,person,0.5,0.6,0.15438951551914215,0.47315841913223267
590,1775456401.717155,176,person,0.5,0.5,0.15446509420871735,0.4481697678565979
590,1775456401.717155,125,person,0.5,0.5,0.1376153528690338,0.4456423223018646
590,1775456401.717155,165,person,0.5,1.0,0.5277582406997681,0.6291637420654297
591,1775456403.3473983,150,person,0.5,0.6,0.07499079406261444,0.46124860644340515
591,1775456403.3473983,157,person,0.5,0.3,0.20913973450660706,0.40637096762657166
591,1775456403.3473983,138,person,0.5,1.0,0.10079576820135117,0.5651193857192993
591,1775456403.3473983,168,person,0.5,0.6,0.15153838694095612,0.47273075580596924
591,1775456403.3473983,171,person,0.5,0.6,0.08060505241155624,0.46209076046943665
591,1775456403.3473983,176,person,0.5,0.5,0.10957697778940201,0.4414365589618683
591,1775456403.3473983,125,person,0.5,0.5,0.1440238058567047,0.44660359621047974
591,1775456403.3473983,165,person,0.5,1.0,0.4022804796695709,0.6103420853614807
592,1775456404.9607716,150,person,0.5,0.6,0.08044323325157166,0.4620664715766907
592,1775456404.9607716,157,person,0.5,0.3,0.29692840576171875,0.41953927278518677
592,1775456404.9607716,138,person,0.5,1.0,0.08376315236091614,0.562564492225647
592,1775456404.9607716,168,person,0.5,0.6,0.20044812560081482,0.4800671935081482
592,1775456404.9607716,171,person,0.5,0.6,0.15209822356700897,0.4728147089481354
592,1775456404.9607716,176,person,0.5,0.5,0.1623302400112152,0.4493495523929596
592,1775456404.9607716,125,person,0.5,0.5,0.10198464244604111,0.4402977228164673
592,1775456404.9607716,165,person,0.5,1.0,0.5315765142440796,0.6297364830970764
593,1775456406.486646,150,person,0.5,0.6,0.0687861442565918,0.4603179097175598
593,1775456406.486646,157,person,0.5,0.3,0.18566730618476868,0.40285009145736694
593,1775456406.486646,138,person,0.5,1.0,0.09339728951454163,0.5640096068382263
593,1775456406.486646,168,person,0.5,0.6,0.3361765742301941,0.5004264712333679
593,1775456406.486646,171,person,0.5,0.6,0.1678273230791092,0.47517409920692444
593,1775456406.486646,176,person,0.5,0.5,0.14132961630821228,0.4461994469165802
593,1775456406.486646,125,person,0.5,0.5,0.12411621958017349,0.44361743330955505
593,1775456406.486646,165,person,0.5,1.0,0.2589740455150604,0.5888461470603943
594,1775456407.9923115,150,person,0.5,0.6,0.07293527573347092,0.46094027161598206
594,1775456407.9923115,157,person,0.5,0.3,0.5748932361602783,0.4612339735031128
594,1775456407.9923115,138,person,0.5,1.0,0.26752954721450806,0.5901294350624084
594,1775456407.9923115,168,person,0.5,1.0,0.2756359279155731,0.5913454294204712
594,1775456407.9923115,171,person,0.5,0.6,0.2451372593641281,0.4867705702781677
594,1775456407.9923115,176,person,0.5,0.5,0.2549673616886139,0.46324512362480164
594,1775456407.9923115,125,person,0.5,0.5,0.16337524354457855,0.44950631260871887
594,1775456407.9923115,165,person,0.5,1.0,0.47902196645736694,0.6218532919883728
595,1775456409.471499,150,person,0.5,0.6,0.08475099503993988,0.4627126455307007
595,1775456409.471499,157,person,0.5,0.3,0.3814827799797058,0.4322224259376526
595,1775456409.471499,138,person,0.5,1.0,0.08041094243526459,0.5620616674423218
595,1775456409.471499,168,person,0.5,0.6,0.2724106013774872,0.49086159467697144
595,1775456409.471499,171,person,0.5,0.6,0.11118751764297485,0.46667811274528503
595,1775456409.471499,176,person,0.5,0.5,0.09826729446649551,0.4397401213645935
595,1775456409.471499,125,person,0.5,0.5,0.13587521016597748,0.4453812837600708
595,1775456409.471499,165,person,0.5,1.0,0.35756129026412964,0.603634238243103
596,1775456410.9161687,150,person,0.5,0.6,0.019570618867874146,0.4529355764389038
596,1775456410.9161687,157,person,0.5,0.3,0.17199885845184326,0.40079984068870544
596,1775456410.9161687,138,person,0.5,1.0,0.09737630188465118,0.5646064281463623
596,1775456410.9161687,168,person,0.5,0.6,0.12429940700531006,0.4686448872089386
596,1775456410.9161687,171,person,0.5,0.6,0.09575731307268143,0.46436357498168945
596,1775456410.9161687,176,person,0.5,0.5,0.09225797653198242,0.4388387203216553
596,1775456410.9161687,125,person,0.5,0.5,0.1599733531475067,0.44899600744247437
596,1775456410.9161687,165,person,0.5,1.0,0.37507885694503784,0.6062618494033813
597,1775456412.3854158,150,person,0.5,0.6,0.03935471177101135,0.45590320229530334
597,1775456412.3854158,157,person,0.5,0.6,0.1926478147506714,0.4788971543312073
597,1775456412.3854158,138,person,0.5,1.0,0.08766259253025055,0.5631493926048279
597,1775456412.3854158,168,person,0.5,0.6,0.09899435937404633,0.4648491442203522
597,1775456412.3854158,171,person,0.5,0.6,0.10903551429510117,0.4663553237915039
597,1775456412.3854158,176,person,0.5,0.5,0.06325511634349823,0.4344882667064667
597,1775456412.3854158,125,person,0.5,0.5,0.1305321902036667,0.4445798397064209
597,1775456412.3854158,165,person,0.5,1.0,0.6124071478843689,0.641861081123352
598,1775456413.9169128,150,person,0.5,1.0,0.08929099887609482,0.5633936524391174
598,1775456413.9169128,157,person,0.5,0.3,0.33531782031059265,0.42529767751693726
598,1775456413.9169128,168,person,0.5,0.6,0.3199354112148285,0.49799031019210815
598,1775456413.9169128,171,person,0.5,0.6,0.1139402836561203,0.46709102392196655
598,1775456413.9169128,176,person,0.5,0.5,0.11196859925985336,0.441795289516449
598,1775456413.9169128,125,person,0.5,0.5,0.1084652990102768,0.44126981496810913
598,1775456413.9169128,165,person,0.5,1.0,0.2632017731666565,0.5894802808761597
599,1775456415.2983897,150,person,0.5,1.0,0.07152951508760452,0.560729444026947
599,1775456415.2983897,157,person,0.5,0.3,0.2021706998348236,0.40532559156417847
599,1775456415.2983897,168,person,0.5,1.0,0.0947517454624176,0.5642127990722656
599,1775456415.2983897,171,person,0.5,0.6,0.06635425984859467,0.4599531292915344
599,1775456415.2983897,176,person,0.5,0.5,0.05232306569814682,0.4328484833240509
599,1775456415.2983897,125,person,0.5,0.5,0.11334738880395889,0.4420021176338196
599,1775456415.2983897,165,person,0.5,1.0,0.13112102448940277,0.569668173789978
599,1775456415.2983897,138,person,0.5,1.0,0.12402866780757904,0.5686042904853821
600,1775456416.811244,150,person,0.5,0.6,0.09771327674388885,0.4646569788455963
600,1775456416.811244,157,person,0.5,0.3,0.13325388729572296,0.394988089799881
600,1775456416.811244,168,person,0.5,0.6,0.15120472013950348,0.4726806879043579
600,1775456416.811244,171,person,0.5,0.6,0.21079540252685547,0.48161929845809937
600,1775456416.811244,176,person,0.5,0.5,0.2273726463317871,0.459105908870697
600,1775456416.811244,125,person,0.5,0.5,0.08018635213375092,0.4370279610157013
600,1775456416.811244,165,person,0.5,1.0,0.1846492737531662,0.5776973962783813
600,1775456416.811244,138,person,0.5,1.0,0.12649551033973694,0.5689743161201477
601,1775456418.286361,150,person,0.5,1.0,0.09312896430492401,0.5639693737030029
601,1775456418.286361,157,person,0.5,0.6,0.1663399040699005,0.47495096921920776
601,1775456418.286361,168,person,0.5,0.5,0.22958746552467346,0.45943814516067505
601,1775456418.286361,171,person,0.5,0.3,0.06305898725986481,0.38445883989334106
601,1775456418.286361,176,person,0.5,0.5,0.09935382008552551,0.4399030804634094
601,1775456418.286361,125,person,0.5,0.5,0.18546517193317413,0.4528197944164276
601,1775456418.286361,165,person,0.5,1.0,0.12907037138938904,0.5693605542182922
601,1775456418.286361,138,person,0.5,1.0,0.14406487345695496,0.5716097354888916
602,1775456420.0912051,150,person,0.5,0.6,0.13644708693027496,0.47046706080436707
602,1775456420.0912051,157,person,0.5,0.6,0.06092965602874756,0.4591394364833832
602,1775456420.0912051,168,person,0.5,0.5,0.592250406742096,0.5138375759124756
602,1775456420.0912051,171,person,0.5,0.3,0.14969375729560852,0.39745405316352844
602,1775456420.0912051,176,person,0.5,0.5,0.06656859815120697,0.43498530983924866
602,1775456420.0912051,125,person,0.5,0.5,0.07812856137752533,0.43671929836273193
602,1775456420.0912051,165,person,0.5,1.0,0.20284640789031982,0.5804269909858704
602,1775456420.0912051,138,person,0.5,1.0,0.07733206450939178,0.561599850654602
603,1775456421.6929307,150,person,0.5,0.6,0.09019963443279266,0.46352994441986084
603,1775456421.6929307,157,person,0.5,0.3,0.20479436218738556,0.40571916103363037
603,1775456421.6929307,168,person,0.5,1.0,0.19350728392601013,0.5790261030197144
603,1775456421.6929307,171,person,0.5,0.3,0.1403316706418991,0.39604973793029785
603,1775456421.6929307,176,person,0.5,0.5,0.4580079913139343,0.4937012195587158
603,1775456421.6929307,125,person,0.5,0.5,0.10812313854694366,0.4412184953689575
603,1775456421.6929307,165,person,0.5,1.0,0.2715000808238983,0.5907250046730042
603,1775456421.6929307,138,person,0.5,1.0,0.1016741544008255,0.5652511119842529
604,1775456423.3227909,150,person,0.5,0.6,0.10583672672510147,0.465875506401062
604,1775456423.3227909,157,person,0.5,0.3,0.11698490381240845,0.39254772663116455
604,1775456423.3227909,168,person,0.5,0.6,0.2968146502971649,0.49452218413352966
604,1775456423.3227909,171,person,0.5,0.3,0.07260243594646454,0.3858903646469116
604,1775456423.3227909,176,person,0.5,0.5,0.2972757816314697,0.4695913791656494
604,1775456423.3227909,125,person,0.5,0.5,0.05182407423853874,0.432773619890213
604,1775456423.3227909,165,person,0.5,1.0,0.10911277681589127,0.5663669109344482
604,1775456423.3227909,138,person,0.5,1.0,0.18978765606880188,0.5784681439399719
605,1775456424.9904957,150,person,0.5,1.0,0.055118661373853683,0.5582678318023682
605,1775456424.9904957,157,person,0.5,0.6,0.09464071691036224,0.4641960859298706
605,1775456424.9904957,168,person,0.5,1.0,0.24640557169914246,0.5869608521461487
605,1775456424.9904957,171,person,0.5,0.6,0.12958428263664246,0.4694376289844513
605,1775456424.9904957,176,person,0.5,0.5,0.23806622624397278,0.46070995926856995
605,1775456424.9904957,125,person,0.5,0.5,0.1503303050994873,0.4475495517253876
605,1775456424.9904957,165,person,0.5,0.5,0.12133775651454926,0.4432006776332855
605,1775456424.9904957,138,person,0.5,1.0,0.08448118716478348,0.5626721978187561
606,1775456426.523962,150,person,0.5,0.6,0.06043129041790962,0.45906469225883484
606,1775456426.523962,157,person,0.5,0.3,0.1205337792634964,0.39308005571365356
606,1775456426.523962,168,person,0.5,0.6,0.1143600344657898,0.46715399622917175
606,1775456426.523962,171,person,0.5,0.6,0.07444468140602112,0.4611666798591614
606,1775456426.523962,176,person,0.5,0.5,0.093173086643219,0.438975989818573
606,1775456426.523962,125,person,0.5,0.5,0.12331420183181763,0.4434971511363983
606,1775456426.523962,165,person,0.5,0.5,0.3520633578300476,0.47780951857566833
606,1775456426.523962,138,person,0.5,1.0,0.16384795308113098,0.5745772123336792
606,1775456426.523962,206,person,0.5,0.5,0.0,0.425
607,1775456428.402623,150,person,0.5,1.0,0.038198359310626984,0.5557297468185425
607,1775456428.402623,157,person,0.5,0.6,0.16344311833381653,0.47451645135879517
607,1775456428.402623,168,person,0.5,0.6,0.10595520585775375,0.4658932685852051
607,1775456428.402623,171,person,0.5,0.6,0.09840123355388641,0.4647601842880249
607,1775456428.402623,176,person,0.5,0.5,0.1780048906803131,0.45170074701309204
607,1775456428.402623,125,person,0.5,0.6,0.1357497274875641,0.47036245465278625
607,1775456428.402623,165,person,0.5,0.5,0.13690327107906342,0.4455355107784271
607,1775456428.402623,138,person,0.5,1.0,0.10398875176906586,0.5655983090400696
608,1775456430.0071352,150,person,0.5,1.0,0.10282187163829803,0.565423309803009
608,1775456430.0071352,157,person,0.5,0.6,0.12266149371862411,0.4683992266654968
608,1775456430.0071352,168,person,0.5,0.6,0.06540663540363312,0.4598109722137451
608,1775456430.0071352,171,person,0.5,0.6,0.12606222927570343,0.4689093232154846
608,1775456430.0071352,176,person,0.5,0.5,0.18766683340072632,0.45315003395080566
608,1775456430.0071352,125,person,0.5,0.5,0.2910621762275696,0.46865934133529663
608,1775456430.0071352,165,person,0.5,0.5,0.10717946290969849,0.44107693433761597
608,1775456430.0071352,138,person,0.5,1.0,0.02248501218855381,0.5533727407455444
609,1775456431.5503309,150,person,0.5,1.0,0.07834602892398834,0.5617519021034241
609,1775456431.5503309,157,person,0.5,0.6,0.18190594017505646,0.47728589177131653
609,1775456431.5503309,168,person,0.5,1.0,0.12335968017578125,0.5685039758682251
609,1775456431.5503309,171,person,0.5,0.6,0.13152769207954407,0.46972915530204773
609,1775456431.5503309,176,person,0.5,0.5,0.14528888463974,0.4467933475971222
609,1775456431.5503309,125,person,0.5,0.5,0.10429026186466217,0.4406435489654541
609,1775456431.5503309,165,person,0.5,0.5,0.11976683139801025,0.442965030670166
609,1775456431.5503309,138,person,0.5,1.0,0.22574865818023682,0.5838623046875
609,1775456431.5503309,206,person,0.5,0.5,0.1169094443321228,0.4425364136695862
610,1775456433.119069,150,person,0.5,0.6,0.097885362803936,0.46468278765678406
610,1775456433.119069,157,person,0.5,0.6,0.14479407668113708,0.47171908617019653
610,1775456433.119069,168,person,0.5,1.0,0.06467507034540176,0.5597012639045715
610,1775456433.119069,171,person,0.5,0.6,0.06797416508197784,0.4601961076259613
610,1775456433.119069,176,person,0.5,0.5,0.052487052977085114,0.43287307024002075
610,1775456433.119069,125,person,0.5,0.5,0.05171557515859604,0.43275734782218933
610,1775456433.119069,165,person,0.5,1.0,0.2953164875507355,0.594297468662262
610,1775456433.119069,138,person,0.5,1.0,0.03155576437711716,0.554733395576477
611,1775456434.7758913,150,person,0.5,0.6,0.18589650094509125,0.4778844714164734
611,1775456434.7758913,157,person,0.5,0.6,0.1893039047718048,0.47839558124542236
611,1775456434.7758913,171,person,0.5,0.6,0.09070548415184021,0.4636058211326599
611,1775456434.7758913,176,person,0.5,0.5,0.1624428927898407,0.4493664503097534
611,1775456434.7758913,125,person,0.5,0.5,0.023486200720071793,0.4285229444503784
611,1775456434.7758913,165,person,0.5,1.0,0.14534273743629456,0.5718014240264893
611,1775456434.7758913,138,person,0.5,1.0,0.11793621629476547,0.5676904320716858
612,1775456436.4097483,150,person,0.5,1.0,0.0985967144370079,0.5647895336151123
612,1775456436.4097483,157,person,0.5,0.6,0.14854252338409424,0.4722813665866852
612,1775456436.4097483,171,person,0.5,0.6,0.09201200306415558,0.4638018012046814
612,1775456436.4097483,176,person,0.5,0.5,0.04636142775416374,0.4319542348384857
612,1775456436.4097483,125,person,0.5,0.5,0.11127813905477524,0.44169172644615173
612,1775456436.4097483,165,person,0.5,1.0,0.11730142682790756,0.5675952434539795
612,1775456436.4097483,138,person,0.5,1.0,0.14892534911632538,0.5723388195037842
612,1775456436.4097483,168,person,0.5,1.0,0.1744566112756729,0.5761684775352478
613,1775456438.0347776,150,person,0.5,0.6,0.16500619053840637,0.47475090622901917
613,1775456438.0347776,157,person,0.5,0.6,0.17508205771446228,0.47626230120658875
613,1775456438.0347776,171,person,0.5,0.6,0.11241412162780762,0.46686211228370667
613,1775456438.0347776,176,person,0.5,0.5,0.13624100387096405,0.44543614983558655
613,1775456438.0347776,125,person,0.5,0.5,0.2983448803424835,0.4697517454624176
613,1775456438.0347776,165,person,0.5,1.0,0.08539827913045883,0.5628097653388977
613,1775456438.0347776,138,person,0.5,1.0,0.07415825128555298,0.5611237287521362
613,1775456438.0347776,168,person,0.5,0.6,0.09493900835514069,0.4642408490180969
613,1775456438.0347776,206,person,0.915749192237854,1.0,0.13476994633674622,0.8196650147438049
614,1775456439.578364,150,person,0.5,1.0,0.06992144137620926,0.560488224029541
614,1775456439.578364,157,person,0.5,0.6,0.2091626226902008,0.4813743829727173
614,1775456439.578364,171,person,0.5,0.6,0.07446462661027908,0.46116968989372253
614,1775456439.578364,176,person,0.5,0.5,0.13299678266048431,0.44494953751564026
614,1775456439.578364,125,person,0.5,0.5,0.14199332892894745,0.4462990164756775
614,1775456439.578364,165,person,0.5,1.0,0.2909868657588959,0.5936480164527893
614,1775456439.578364,138,person,0.5,1.0,0.09187310189008713,0.5637809634208679
614,1775456439.578364,168,person,0.5,0.5,0.12298550456762314,0.4434478282928467
615,1775456441.032767,150,person,0.5,0.6,0.07469410449266434,0.4612041115760803
615,1775456441.032767,157,person,0.5,0.6,0.12282625585794449,0.4684239327907562
615,1775456441.032767,171,person,0.5,0.6,0.18471136689186096,0.4777067005634308
615,1775456441.032767,176,person,0.5,1.0,0.05421042442321777,0.5581315755844116
615,1775456441.032767,125,person,0.5,0.5,0.16304777562618256,0.44945716857910156
615,1775456441.032767,165,person,0.5,0.5,0.16478726267814636,0.4497181177139282
615,1775456441.032767,138,person,0.5,1.0,0.062370866537094116,0.559355616569519
615,1775456441.032767,168,person,0.5,1.0,0.16799046099185944,0.5751985907554626
616,1775456442.4942317,150,person,0.5,0.6,0.07794590294361115,0.46169188618659973
616,1775456442.4942317,157,person,0.5,0.3,0.18111541867256165,0.40216732025146484
616,1775456442.4942317,171,person,0.5,0.3,0.14884023368358612,0.3973260223865509
616,1775456442.4942317,176,person,0.5,0.5,0.16670559346675873,0.4500058591365814
616,1775456442.4942317,125,person,0.5,1.0,0.0743025466799736,0.5611453652381897
616,1775456442.4942317,165,person,0.5,0.5,0.22726121544837952,0.4590891897678375
616,1775456442.4942317,138,person,0.5,1.0,0.11275651305913925,0.5669134855270386
616,1775456442.4942317,206,person,0.5,0.5,0.09045678377151489,0.4385685324668884
617,1775456444.0987341,150,person,0.5,1.0,0.11030732095241547,0.5665460824966431
617,1775456444.0987341,157,person,0.5,0.3,0.1728171557188034,0.400922566652298
617,1775456444.0987341,171,person,0.5,0.3,0.14486144483089447,0.3967292308807373
617,1775456444.0987341,176,person,0.5,0.5,0.14905241131782532,0.4473578631877899
617,1775456444.0987341,125,person,0.5,0.5,0.086817666888237,0.4380226731300354
617,1775456444.0987341,165,person,0.5,0.5,0.11966361850500107,0.4429495632648468
617,1775456444.0987341,138,person,0.5,1.0,0.062217067927122116,0.559332549571991
617,1775456444.0987341,206,person,0.5,0.5,0.1559363305568695,0.4483904540538788
617,1775456444.0987341,168,person,0.5,1.0,0.23412147164344788,0.5851182341575623
618,1775456445.8715982,150,person,0.5,1.0,0.13076645135879517,0.5696150064468384
618,1775456445.8715982,157,person,0.5,0.6,0.23945844173431396,0.4859187602996826
618,1775456445.8715982,171,person,0.5,0.6,0.20338323712348938,0.4805074632167816
618,1775456445.8715982,176,person,0.5,0.5,0.17280128598213196,0.4509201943874359
618,1775456445.8715982,125,person,0.5,0.5,0.20613673329353333,0.4559205174446106
618,1775456445.8715982,165,person,0.5,0.5,0.16712181270122528,0.45006829500198364
618,1775456445.8715982,138,person,0.5,1.0,0.07976360619068146,0.5619645714759827
618,1775456445.8715982,206,person,0.5,0.5,0.1409725546836853,0.4461458921432495
618,1775456445.8715982,168,person,0.6085925698280334,0.5,0.1869635283946991,0.5182000994682312
619,1775456447.4867938,150,person,0.5,0.6,0.08680790662765503,0.4630211889743805
619,1775456447.4867938,157,person,0.5,0.6,0.15415793657302856,0.4731236696243286
619,1775456447.4867938,171,person,0.5,0.3,0.11299897730350494,0.3919498324394226
619,1775456447.4867938,176,person,0.5,0.5,0.2234715223312378,0.4585207402706146
619,1775456447.4867938,165,person,0.5,0.5,0.13841962814331055,0.44576296210289
619,1775456447.4867938,138,person,0.5,1.0,0.1531432867050171,0.572971522808075
619,1775456447.4867938,206,person,0.5,1.0,0.19733625650405884,0.57960045337677
619,1775456447.4867938,168,person,0.5,1.0,0.7978096008300781,0.6696714758872986
619,1775456447.4867938,210,person,0.5,0.5,0.0,0.425
620,1775456449.099765,150,person,0.5,1.0,0.08602586388587952,0.562903881072998
620,1775456449.099765,157,person,0.5,0.6,1.0,0.6
620,1775456449.099765,171,person,0.5,0.3,0.16606870293617249,0.3999103009700775
620,1775456449.099765,176,person,0.5,0.5,0.08353553712368011,0.4375303387641907
620,1775456449.099765,165,person,0.5,0.5,0.15166416764259338,0.44774964451789856
620,1775456449.099765,138,person,0.5,1.0,0.09506848454475403,0.5642603039741516
620,1775456449.099765,206,person,0.5,0.5,0.07898397743701935,0.43684759736061096
620,1775456449.099765,168,person,0.5,1.0,0.5114510655403137,0.6267176866531372
621,1775456450.637147,150,person,0.5,0.6,0.08295317739248276,0.46244296431541443
621,1775456450.637147,157,person,0.5,0.6,1.0,0.6
621,1775456450.637147,171,person,0.5,0.3,0.170551598072052,0.4005827307701111
621,1775456450.637147,176,person,0.5,0.5,0.15323103964328766,0.4479846656322479
621,1775456450.637147,165,person,0.5,0.5,0.13800303637981415,0.445700466632843
621,1775456450.637147,138,person,0.5,1.0,0.11050973832607269,0.5665764808654785
621,1775456450.637147,206,person,0.5,1.0,0.12161020934581757,0.568241536617279
621,1775456450.637147,168,person,0.5,1.0,0.3460046648979187,0.6019006967544556
621,1775456450.637147,210,person,0.5,0.5,0.25069260597229004,0.462603896856308
622,1775456452.3470864,150,person,0.5,1.0,0.07280213385820389,0.5609203577041626
622,1775456452.3470864,157,person,0.5,0.6,0.5780737996101379,0.5367110371589661
622,1775456452.3470864,171,person,0.5,0.3,0.09796762466430664,0.3896951377391815
622,1775456452.3470864,176,person,0.5,0.5,0.10107702016830444,0.4401615560054779
622,1775456452.3470864,165,person,0.5,1.0,0.16564641892910004,0.5748469829559326
622,1775456452.3470864,138,person,0.5,1.0,0.1428661346435547,0.5714299082756042
622,1775456452.3470864,206,person,0.5,1.0,0.06739366054534912,0.5601090788841248
622,1775456452.3470864,168,person,0.5,1.0,0.10901886224746704,0.5663528442382812
623,1775456453.9305174,150,person,0.5,1.0,0.1496443748474121,0.5724466443061829
623,1775456453.9305174,157,person,0.5,0.6,1.0,0.6
623,1775456453.9305174,171,person,0.5,0.3,0.21138986945152283,0.4067084789276123
623,1775456453.9305174,176,person,0.5,0.5,0.23920242488384247,0.4608803689479828
623,1775456453.9305174,165,person,0.5,0.5,0.19586437940597534,0.454379677772522
623,1775456453.9305174,138,person,0.5,1.0,0.10614663362503052,0.5659220218658447
623,1775456453.9305174,206,person,0.5,0.6,0.097508504986763,0.4646262526512146
623,1775456453.9305174,168,person,0.5,1.0,0.5722390413284302,0.6358358860015869
624,1775456455.483804,150,person,0.5,1.0,0.11627789586782455,0.5674417018890381
624,1775456455.483804,157,person,0.5,0.6,0.7752888798713684,0.5662932991981506
624,1775456455.483804,171,person,0.5,0.6,0.2457435131072998,0.48686152696609497
624,1775456455.483804,176,person,0.5,0.5,0.2619019150733948,0.46428531408309937
624,1775456455.483804,165,person,0.5,1.0,0.17874032258987427,0.5768110752105713
624,1775456455.483804,138,person,0.5,0.6,0.10285395383834839,0.46542808413505554
624,1775456455.483804,206,person,0.5,0.5,0.10698699951171875,0.4410480558872223
624,1775456455.483804,168,person,0.5,0.6,0.37887072563171387,0.5068305730819702
625,1775456457.1620946,150,person,0.5,1.0,0.22444120049476624,0.583666205406189
625,1775456457.1620946,157,person,0.5,0.6,0.44033947587013245,0.5160509347915649
625,1775456457.1620946,171,person,0.5,0.6,0.45035988092422485,0.517553985118866
625,1775456457.1620946,176,person,0.5,0.5,0.17799437046051025,0.4516991674900055
625,1775456457.1620946,165,person,0.5,0.5,0.054675716906785965,0.4332013726234436
625,1775456457.1620946,138,person,0.5,1.0,0.09534533321857452,0.5643017888069153
625,1775456457.1620946,206,person,0.5,0.5,0.05388715863227844,0.43308308720588684
625,1775456457.1620946,168,person,0.5,1.0,0.13105925917625427,0.5696588754653931
625,1775456457.1620946,125,person,0.5,0.5,0.47101902961730957,0.49565285444259644
626,1775456458.8572714,150,person,0.5,1.0,0.10827050358057022,0.5662406086921692
626,1775456458.8572714,157,person,0.5,0.6,0.3574451804161072,0.5036167502403259
626,1775456458.8572714,171,person,0.5,0.6,0.18986248970031738,0.4784793555736542
626,1775456458.8572714,176,person,0.5,0.5,0.05883324146270752,0.43382498621940613
626,1775456458.8572714,165,person,0.5,0.5,0.07568082213401794,0.4363521337509155
626,1775456458.8572714,138,person,0.5,1.0,0.06279724836349487,0.559419572353363
626,1775456458.8572714,206,person,0.5,0.5,0.08243921399116516,0.43736588954925537
626,1775456458.8572714,168,person,0.5,1.0,0.12297122180461884,0.5684456825256348
627,1775456460.292549,150,person,0.5,0.6,0.18723604083061218,0.47808539867401123
627,1775456460.292549,157,person,0.5,0.6,0.34715962409973145,0.5020739436149597
627,1775456460.292549,171,person,0.5,0.6,0.26539379358291626,0.4898090660572052
627,1775456460.292549,176,person,0.5,0.5,0.08373137563467026,0.43755972385406494
627,1775456460.292549,165,person,0.5,0.5,0.13536830246448517,0.4453052580356598
627,1775456460.292549,138,person,0.5,1.0,0.12772776186466217,0.5691591501235962
627,1775456460.292549,206,person,0.5,0.5,0.07691939175128937,0.4365379214286804
627,1775456460.292549,168,person,0.5,1.0,0.16058064997196198,0.5740870833396912
628,1775456461.7677357,150,person,0.5,0.6,0.12466361373662949,0.46869954466819763
628,1775456461.7677357,157,person,0.5,1.0,0.4889915883541107,0.6233487725257874
628,1775456461.7677357,171,person,0.5,0.3,0.9083918333053589,0.5112587809562683
628,1775456461.7677357,176,person,0.5,0.5,0.09468115121126175,0.4392021894454956
628,1775456461.7677357,165,person,0.5,0.5,0.1183885708451271,0.4427582919597626
628,1775456461.7677357,138,person,0.5,1.0,0.12944991886615753,0.5694174766540527
628,1775456461.7677357,206,person,0.5,0.5,0.08472032099962234,0.4377080500125885
628,1775456461.7677357,168,person,0.5,1.0,0.11692164838314056,0.5675382614135742
628,1775456461.7677357,125,person,0.5,0.5,0.1880088746547699,0.4532013535499573
629,1775456463.4713411,150,person,0.5,0.6,0.19290155172348022,0.47893521189689636
629,1775456463.4713411,157,person,0.5,1.0,0.34429824352264404,0.60164475440979
629,1775456463.4713411,171,person,0.5,0.3,0.8629873394966125,0.5044481158256531
629,1775456463.4713411,176,person,0.5,0.5,0.10330446809530258,0.44049566984176636
629,1775456463.4713411,165,person,0.5,0.5,0.13260908424854279,0.4448913633823395
629,1775456463.4713411,138,person,0.5,1.0,0.20660147070884705,0.5809902548789978
629,1775456463.4713411,206,person,0.5,0.5,0.08667699247598648,0.4380015730857849
629,1775456463.4713411,168,person,0.5,1.0,0.1538967341184616,0.5730845332145691
629,1775456463.4713411,125,person,0.5,0.5,0.07608755677938461,0.43641313910484314
630,1775456465.1330614,150,person,0.5,0.6,0.19503481686115265,0.47925519943237305
630,1775456465.1330614,157,person,0.5,1.0,0.3015841841697693,0.5952376127243042
630,1775456465.1330614,171,person,0.5,0.3,0.2734799385070801,0.41602200269699097
630,1775456465.1330614,176,person,0.5,0.5,0.07565604895353317,0.43634840846061707
630,1775456465.1330614,165,person,0.5,0.5,0.09338535368442535,0.43900781869888306
630,1775456465.1330614,138,person,0.5,1.0,0.11066386848688126,0.5665996074676514
630,1775456465.1330614,206,person,0.5,0.5,0.11056743562221527,0.44158512353897095
630,1775456465.1330614,168,person,0.5,1.0,0.2124127894639969,0.5818619132041931
630,1775456465.1330614,125,person,0.5,0.5,0.13713273406028748,0.4455699324607849
631,1775456466.7378898,150,person,0.5,1.0,0.1496148407459259,0.5724422335624695
631,1775456466.7378898,157,person,0.5,1.0,0.3072240948677063,0.5960836410522461
631,1775456466.7378898,171,person,0.5,0.3,0.10813839733600616,0.39122074842453003
631,1775456466.7378898,176,person,0.5,0.5,0.11211975663900375,0.441817969083786
631,1775456466.7378898,165,person,0.5,0.5,0.13277196884155273,0.4449158012866974
631,1775456466.7378898,138,person,0.5,1.0,0.1394316405057907,0.5709147453308105
631,1775456466.7378898,206,person,0.5,0.5,0.08705005794763565,0.4380575120449066
631,1775456466.7378898,168,person,0.5,1.0,0.25117790699005127,0.5876767039299011
631,1775456466.7378898,125,person,0.5,0.5,0.083658866584301,0.43754884600639343
632,1775456468.2821317,150,person,0.5,1.0,0.11759895086288452,0.5676398277282715
632,1775456468.2821317,157,person,0.5,1.0,0.32644614577293396,0.5989669561386108
632,1775456468.2821317,171,person,0.5,0.3,0.11963571608066559,0.3929453492164612
632,1775456468.2821317,176,person,0.5,0.5,0.09003884345293045,0.4385058283805847
632,1775456468.2821317,165,person,0.5,0.5,0.08805154263973236,0.438207745552063
632,1775456468.2821317,138,person,0.5,1.0,0.12014619261026382,0.5680219531059265
632,1775456468.2821317,206,person,0.5,0.5,0.11618925631046295,0.4424284100532532
632,1775456468.2821317,168,person,0.5,1.0,0.35571202635765076,0.6033568382263184
632,1775456468.2821317,125,person,0.5,0.5,0.10215473175048828,0.44032323360443115
632,1775456468.2821317,215,person,0.5,0.5,0.0,0.425
633,1775456470.0590544,150,person,0.5,0.6,0.1110929399728775,0.4666639268398285
633,1775456470.0590544,157,person,0.5,1.0,0.31333407759666443,0.5970001220703125
633,1775456470.0590544,171,person,0.5,0.3,0.1157166138291359,0.3923574984073639
633,1775456470.0590544,176,person,0.5,0.5,0.16659511625766754,0.44998928904533386
633,1775456470.0590544,165,person,0.5,0.5,0.11192093044519424,0.4417881369590759
633,1775456470.0590544,138,person,0.5,1.0,0.08564531058073044,0.5628467798233032
633,1775456470.0590544,206,person,0.5,0.5,0.09076490998268127,0.43861475586891174
633,1775456470.0590544,168,person,0.5,1.0,0.2723461091518402,0.590851902961731
633,1775456470.0590544,125,person,0.5,0.5,0.08221857249736786,0.43733280897140503
633,1775456470.0590544,215,person,0.5,0.5,0.06419681012630463,0.43462952971458435
634,1775456471.999038,150,person,0.5,1.0,0.15131670236587524,0.5726975202560425
634,1775456471.999038,157,person,0.5,1.0,0.2500544488430023,0.5875082015991211
634,1775456471.999038,171,person,0.5,0.3,0.09725729376077652,0.3895885944366455
634,1775456471.999038,176,person,0.5,0.5,0.05453319102525711,0.4331800043582916
634,1775456471.999038,165,person,0.5,0.5,0.08150525391101837,0.4372257888317108
634,1775456471.999038,138,person,0.5,1.0,0.17084649205207825,0.5756269693374634
634,1775456471.999038,206,person,0.5,0.5,0.17145231366157532,0.45071786642074585
634,1775456471.999038,168,person,0.5,1.0,0.3625132143497467,0.6043769717216492
634,1775456471.999038,125,person,0.5,0.5,0.06776907294988632,0.4351653754711151
635,1775456473.7857149,150,person,0.5,1.0,0.12994085252285004,0.5694911479949951
635,1775456473.7857149,157,person,0.5,1.0,0.21405930817127228,0.5821089148521423
635,1775456473.7857149,171,person,0.5,0.3,0.10123399645090103,0.39018508791923523
635,1775456473.7857149,176,person,0.5,0.5,0.06920076906681061,0.43538013100624084
635,1775456473.7857149,165,person,0.5,0.5,0.16796964406967163,0.45019546151161194
635,1775456473.7857149,138,person,0.5,1.0,0.12516361474990845,0.5687745809555054
635,1775456473.7857149,206,person,0.5,0.5,0.11794521659612656,0.4426918029785156
635,1775456473.7857149,168,person,0.5,1.0,0.27929672598838806,0.5918945074081421
635,1775456473.7857149,125,person,0.5,0.6,0.07670227438211441,0.46150532364845276
636,1775456475.387326,150,person,0.5,1.0,0.055681150406599045,0.5583521723747253
636,1775456475.387326,157,person,0.5,0.6,0.18411719799041748,0.4776175618171692
636,1775456475.387326,171,person,0.5,0.3,0.20202502608299255,0.4053037464618683
636,1775456475.387326,176,person,0.5,0.5,0.14053799211978912,0.4460807144641876
636,1775456475.387326,165,person,0.5,0.5,0.09195242822170258,0.438792884349823
636,1775456475.387326,138,person,0.5,1.0,0.06261222064495087,0.5593918561935425
636,1775456475.387326,206,person,0.5,0.5,0.05243232846260071,0.43286487460136414
636,1775456475.387326,168,person,0.5,1.0,0.19069725275039673,0.5786045789718628
636,1775456475.387326,125,person,0.5,1.0,0.06587310135364532,0.5598809719085693
637,1775456477.476085,150,person,0.5,1.0,0.11928591877222061,0.5678929090499878
637,1775456477.476085,157,person,0.5,0.6,0.13830062747001648,0.4707450866699219
637,1775456477.476085,171,person,0.5,0.3,0.14745518565177917,0.3971182703971863
637,1775456477.476085,176,person,0.5,0.5,0.06801770627498627,0.4352026581764221
637,1775456477.476085,165,person,0.5,0.5,0.09461349993944168,0.4391920268535614
637,1775456477.476085,138,person,0.5,1.0,0.08802862465381622,0.563204288482666
637,1775456477.476085,206,person,0.5,0.5,0.06526884436607361,0.43479034304618835
637,1775456477.476085,168,person,0.5,1.0,0.26294729113578796,0.5894421339035034
637,1775456477.476085,125,person,0.5,0.6,0.06255833804607391,0.4593837261199951
638,1775456482.1581898,150,person,0.5,1.0,0.10203508287668228,0.5653052926063538
638,1775456482.1581898,157,person,0.5,0.6,0.15923437476158142,0.4738851487636566
638,1775456482.1581898,171,person,0.5,0.3,0.25534963607788086,0.4133024513721466
638,1775456482.1581898,176,person,0.5,0.5,0.09789526462554932,0.43968430161476135
638,1775456482.1581898,165,person,0.5,0.5,0.12348530441522598,0.4435228109359741
638,1775456482.1581898,138,person,0.5,1.0,0.09127719700336456,0.5636916160583496
638,1775456482.1581898,206,person,0.5,0.5,0.09471771121025085,0.43920767307281494
638,1775456482.1581898,168,person,0.5,1.0,0.17500504851341248,0.5762507915496826
638,1775456482.1581898,125,person,0.5,0.5,0.11017435789108276,0.4415261745452881
639,1775456484.0841787,150,person,0.5,1.0,0.113525390625,0.567028820514679
639,1775456484.0841787,157,person,0.5,0.6,0.17076334357261658,0.4756144881248474
639,1775456484.0841787,171,person,0.5,0.3,0.17076919972896576,0.400615394115448
639,1775456484.0841787,176,person,0.5,0.5,0.08627258986234665,0.43794089555740356
639,1775456484.0841787,165,person,0.5,0.5,0.1312069296836853,0.4446810483932495
639,1775456484.0841787,138,person,0.5,1.0,0.134897381067276,0.5702345967292786
639,1775456484.0841787,206,person,0.5,0.5,0.1168973445892334,0.4425346255302429
639,1775456484.0841787,168,person,0.5,1.0,0.1515365093946457,0.5727304816246033
639,1775456484.0841787,125,person,0.5,0.5,0.08127434551715851,0.4371911585330963
640,1775456485.942006,150,person,0.5,1.0,0.08527572453022003,0.5627913475036621
640,1775456485.942006,157,person,0.5,1.0,0.14760413765907288,0.572140634059906
640,1775456485.942006,171,person,0.5,0.6,0.18549682199954987,0.47782450914382935
640,1775456485.942006,176,person,0.5,0.5,0.1614796370267868,0.44922196865081787
640,1775456485.942006,165,person,0.5,0.5,0.1632046401500702,0.44948071241378784
640,1775456485.942006,138,person,0.5,1.0,0.09544730931520462,0.5643171072006226
640,1775456485.942006,206,person,0.5,1.0,0.39746615290641785,0.6096199154853821
640,1775456485.942006,168,person,0.5,1.0,0.15761889517307281,0.5736428499221802
640,1775456485.942006,125,person,0.5,0.5,0.06427240371704102,0.43464088439941406
641,1775456488.406993,150,person,0.5,0.6,0.12768326699733734,0.4691524803638458
641,1775456488.406993,157,person,0.5,1.0,0.12667204439640045,0.5690008401870728
641,1775456488.406993,171,person,0.5,0.3,0.13178998231887817,0.39476850628852844
641,1775456488.406993,176,person,0.5,0.5,0.0746893361210823,0.4362034201622009
641,1775456488.406993,165,person,0.5,0.5,0.1405133306980133,0.44607701897621155
641,1775456488.406993,138,person,0.5,1.0,0.12367439270019531,0.5685511827468872
641,1775456488.406993,206,person,0.5,1.0,0.16259345412254333,0.5743890404701233
641,1775456488.406993,168,person,0.5,1.0,0.3072271943092346,0.5960841178894043
641,1775456488.406993,125,person,0.5,0.5,0.12786728143692017,0.44418010115623474
642,1775456490.214754,150,person,0.5,0.6,0.07057776302099228,0.46058666706085205
642,1775456490.214754,157,person,0.5,1.0,0.18425637483596802,0.5776384472846985
642,1775456490.214754,171,person,0.5,0.3,0.19902142882347107,0.4048532247543335
642,1775456490.214754,176,person,0.5,0.5,0.06046655774116516,0.43406999111175537
642,1775456490.214754,165,person,0.5,0.5,0.11210712045431137,0.4418160915374756
642,1775456490.214754,138,person,0.5,1.0,0.1285729855298996,0.5692859888076782
642,1775456490.214754,206,person,0.5,1.0,0.10786030441522598,0.5661790370941162
642,1775456490.214754,168,person,0.5,1.0,0.09091005474328995,0.5636365413665771
642,1775456490.214754,125,person,0.5,0.5,0.13284586369991302,0.4449268877506256
642,1775456490.214754,215,person,0.5,0.5,0.3170624375343323,0.47255939245224
643,1775456492.2125995,150,person,0.5,0.6,0.10016107559204102,0.4650241434574127
643,1775456492.2125995,157,person,0.5,1.0,0.13385090231895447,0.570077657699585
643,1775456492.2125995,171,person,0.5,0.3,0.11368133127689362,0.39205220341682434
643,1775456492.2125995,176,person,0.5,0.5,0.11375381797552109,0.4420630931854248
643,1775456492.2125995,165,person,0.5,0.5,0.09034215658903122,0.4385513365268707
643,1775456492.2125995,138,person,0.5,1.0,0.13324689865112305,0.5699870586395264
643,1775456492.2125995,206,person,0.5,1.0,0.1312471628189087,0.5696870684623718
643,1775456492.2125995,168,person,0.5,1.0,0.26881569623947144,0.5903223752975464
643,1775456492.2125995,125,person,0.5,0.5,0.08873722702264786,0.4383105933666229
644,1775456494.0877938,150,person,0.5,0.6,0.09918197244405746,0.46487727761268616
644,1775456494.0877938,157,person,0.5,1.0,0.17540033161640167,0.5763100385665894
644,1775456494.0877938,171,person,0.5,0.3,0.09146887063980103,0.3887203335762024
644,1775456494.0877938,176,person,0.5,0.5,0.0960683599114418,0.4394102692604065
644,1775456494.0877938,165,person,0.5,1.0,0.12337370216846466,0.5685060620307922
644,1775456494.0877938,138,person,0.5,1.0,0.13111838698387146,0.5696677565574646
644,1775456494.0877938,206,person,0.5,1.0,0.10426793992519379,0.5656402111053467
644,1775456494.0877938,168,person,0.5,1.0,0.2894575595855713,0.5934186577796936
645,1775456495.773433,150,person,0.5,0.6,0.089067243039608,0.463360071182251
645,1775456495.773433,157,person,0.5,1.0,0.14653436839580536,0.5719801783561707
645,1775456495.773433,171,person,0.5,0.3,0.07523836940526962,0.3862857520580292
645,1775456495.773433,176,person,0.5,0.5,0.15792298316955566,0.44868844747543335
645,1775456495.773433,165,person,0.5,1.0,0.14102745056152344,0.5711541175842285
645,1775456495.773433,138,person,0.5,1.0,0.10791333764791489,0.5661870241165161
645,1775456495.773433,206,person,0.5,1.0,0.07815635204315186,0.5617234706878662
645,1775456495.773433,168,person,0.5,1.0,0.13510139286518097,0.5702652335166931
645,1775456495.773433,125,person,0.5,0.5,0.5741787552833557,0.5111268162727356
646,1775456497.4489632,150,person,0.5,0.6,0.09599079936742783,0.4643986225128174
646,1775456497.4489632,157,person,0.5,1.0,0.1688101440668106,0.5753215551376343
646,1775456497.4489632,171,person,0.5,0.6,0.08313364535570145,0.46247002482414246
646,1775456497.4489632,176,person,0.5,0.5,0.08264359086751938,0.4373965561389923
646,1775456497.4489632,165,person,0.5,1.0,0.11270123720169067,0.5669052004814148
646,1775456497.4489632,138,person,0.5,1.0,0.09337253868579865,0.5640059113502502
646,1775456497.4489632,206,person,0.5,0.6,0.10925457626581192,0.46638816595077515
646,1775456497.4489632,168,person,0.5,1.0,0.17488238215446472,0.576232373714447
646,1775456497.4489632,125,person,0.5,1.0,0.3029126226902008,0.5954369306564331
647,1775456499.1405697,150,person,0.5,0.6,0.10950978845357895,0.46642646193504333
647,1775456499.1405697,157,person,0.5,1.0,0.1572308987379074,0.5735846757888794
647,1775456499.1405697,171,person,0.5,0.6,0.1325395554304123,0.4698809087276459
647,1775456499.1405697,176,person,0.5,0.5,0.11872954666614532,0.44280943274497986
647,1775456499.1405697,165,person,0.5,1.0,0.09019362926483154,0.5635290741920471
647,1775456499.1405697,138,person,0.5,1.0,0.10695415735244751,0.5660431385040283
647,1775456499.1405697,206,person,0.5,1.0,0.07145026326179504,0.5607175230979919
647,1775456499.1405697,168,person,0.5,1.0,0.44887107610702515,0.6173306703567505
648,1775456500.6448605,150,person,0.5,0.6,0.07346487045288086,0.46101972460746765
648,1775456500.6448605,157,person,0.5,1.0,0.1271580159664154,0.5690737366676331
648,1775456500.6448605,171,person,0.5,0.6,0.16622842848300934,0.47493425011634827
648,1775456500.6448605,176,person,0.5,0.5,0.1293177455663681,0.4443976879119873
648,1775456500.6448605,165,person,0.5,0.5,0.13763108849525452,0.44564467668533325
648,1775456500.6448605,138,person,0.5,1.0,0.14047494530677795,0.5710712671279907
648,1775456500.6448605,206,person,0.5,1.0,0.12903687357902527,0.5693555474281311
648,1775456500.6448605,168,person,0.5,1.0,0.4694249629974365,0.6204137802124023
648,1775456500.6448605,125,person,0.5,0.5,1.0,0.575
649,1775456502.3790545,150,person,0.5,1.0,0.09382470697164536,0.5640737414360046
649,1775456502.3790545,157,person,0.5,1.0,0.21497157216072083,0.5822457671165466
649,1775456502.3790545,171,person,0.5,0.6,0.13770757615566254,0.4706561267375946
649,1775456502.3790545,176,person,0.5,0.5,0.07948051393032074,0.4369221031665802
649,1775456502.3790545,165,person,0.5,0.5,0.20934025943279266,0.4564010500907898
649,1775456502.3790545,138,person,0.5,1.0,0.13484880328178406,0.570227324962616
649,1775456502.3790545,206,person,0.5,1.0,0.07484563440084457,0.5612268447875977
649,1775456502.3790545,168,person,0.5,1.0,0.26869216561317444,0.5903038382530212
649,1775456502.3790545,125,person,0.5,0.5,0.28065744042396545,0.4670986235141754
650,1775456504.0759037,150,person,0.5,0.6,0.10095199197530746,0.46514278650283813
650,1775456504.0759037,157,person,0.5,1.0,0.15444312989711761,0.5731664896011353
650,1775456504.0759037,171,person,0.5,0.6,0.0701490119099617,0.4605223536491394
650,1775456504.0759037,176,person,0.5,0.5,0.05326481908559799,0.4329897463321686
650,1775456504.0759037,165,person,0.5,1.0,0.14738744497299194,0.5721081495285034
650,1775456504.0759037,138,person,0.5,1.0,0.04154647886753082,0.5562319755554199
650,1775456504.0759037,206,person,0.5,1.0,0.1537623107433319,0.573064386844635
650,1775456504.0759037,168,person,0.5,1.0,0.3775659203529358,0.6066349148750305
650,1775456504.0759037,125,person,0.5,0.5,0.14465567469596863,0.4466983675956726
651,1775456505.8660245,150,person,0.5,0.6,0.09755148738622665,0.46463271975517273
651,1775456505.8660245,157,person,0.5,1.0,0.22408123314380646,0.5836122035980225
651,1775456505.8660245,171,person,0.5,0.6,0.13110890984535217,0.46966633200645447
651,1775456505.8660245,176,person,0.5,0.5,0.14500324428081512,0.4467504918575287
651,1775456505.8660245,165,person,0.5,0.5,0.066141277551651,0.4349212050437927
651,1775456505.8660245,138,person,0.5,1.0,0.16453906893730164,0.5746808648109436
651,1775456505.8660245,206,person,0.5,1.0,0.16506662964820862,0.5747600197792053
651,1775456505.8660245,168,person,0.5,1.0,0.19851075112819672,0.5797766447067261
651,1775456505.8660245,125,person,0.5,0.5,0.5529353022575378,0.5079402923583984
652,1775456507.52831,150,person,0.5,0.6,0.0761827901005745,0.4614274203777313
652,1775456507.52831,157,person,0.5,1.0,0.22268077731132507,0.583402156829834
652,1775456507.52831,171,person,0.5,0.6,0.14643815159797668,0.4719657003879547
652,1775456507.52831,176,person,0.5,0.5,0.2571539878845215,0.4635730981826782
652,1775456507.52831,165,person,0.5,0.5,0.0992010310292244,0.4398801624774933
652,1775456507.52831,138,person,0.5,1.0,0.1614799052476883,0.5742219686508179
652,1775456507.52831,206,person,0.5,1.0,0.09172390401363373,0.5637586116790771
652,1775456507.52831,168,person,0.5,1.0,0.4012967050075531,0.6101945042610168
652,1775456507.52831,125,person,0.5,0.5,0.4290689527988434,0.48936036229133606
653,1775456509.2941427,150,person,0.5,0.6,0.11318828165531158,0.4669782221317291
653,1775456509.2941427,157,person,0.5,1.0,0.1478206217288971,0.5721731185913086
653,1775456509.2941427,171,person,0.5,0.6,0.14721255004405975,0.47208186984062195
653,1775456509.2941427,176,person,0.5,0.5,0.12186186015605927,0.44327929615974426
653,1775456509.2941427,165,person,0.5,0.5,0.10490956157445908,0.44073644280433655
653,1775456509.2941427,138,person,0.5,1.0,0.148008793592453,0.5722013115882874
653,1775456509.2941427,206,person,0.5,1.0,0.13247913122177124,0.5698719024658203
653,1775456509.2941427,168,person,0.5,1.0,0.2873162031173706,0.593097448348999
653,1775456509.2941427,125,person,0.5,0.5,0.5083763599395752,0.5012564659118652
654,1775456510.962812,150,person,0.5,0.6,0.07505431026220322,0.4612581431865692
654,1775456510.962812,157,person,0.5,1.0,0.17064842581748962,0.5755972862243652
654,1775456510.962812,171,person,0.5,0.6,0.17454786598682404,0.47618216276168823
654,1775456510.962812,176,person,0.5,0.5,0.06342914700508118,0.4345143735408783
654,1775456510.962812,165,person,0.5,0.5,0.17169779539108276,0.45075467228889465
654,1775456510.962812,138,person,0.5,1.0,0.2186567783355713,0.5827985405921936
654,1775456510.962812,206,person,0.5,1.0,0.517647922039032,0.6276472210884094
654,1775456510.962812,168,person,0.5,1.0,0.271213173866272,0.5906819701194763
654,1775456510.962812,125,person,0.5,0.5,0.2625822424888611,0.46438735723495483
655,1775456512.6029317,150,person,0.5,0.6,0.10988565534353256,0.46648284792900085
655,1775456512.6029317,157,person,0.5,1.0,0.14896540343761444,0.5723448395729065
655,1775456512.6029317,176,person,0.5,0.5,0.08771906793117523,0.4381578862667084
655,1775456512.6029317,165,person,0.5,0.5,0.1265593320131302,0.44398391246795654
655,1775456512.6029317,138,person,0.5,1.0,0.11651141941547394,0.567476749420166
655,1775456512.6029317,206,person,0.5,1.0,0.29216036200523376,0.5938240885734558
655,1775456512.6029317,168,person,0.5,1.0,0.1760348528623581,0.5764052271842957
655,1775456512.6029317,125,person,0.5,0.5,0.06242327764630318,0.4343635141849518
656,1775456514.0684433,150,person,0.5,0.6,0.0847422406077385,0.4627113342285156
656,1775456514.0684433,157,person,0.5,1.0,0.1654382348060608,0.5748157501220703
656,1775456514.0684433,176,person,0.5,0.5,0.10938067734241486,0.44140711426734924
656,1775456514.0684433,165,person,0.5,1.0,0.0887608602643013,0.5633141398429871
656,1775456514.0684433,138,person,0.5,1.0,0.1724703162908554,0.5758705735206604
656,1775456514.0684433,206,person,0.5,1.0,0.11367297172546387,0.5670509338378906
656,1775456514.0684433,168,person,0.5,1.0,0.1719736009836197,0.5757960677146912
656,1775456514.0684433,171,person,0.5,0.6,0.14314071834087372,0.4714711010456085
657,1775456515.6313045,150,person,0.5,0.6,0.07767637073993683,0.46165144443511963
657,1775456515.6313045,157,person,0.5,1.0,0.08161868155002594,0.5622428059577942
657,1775456515.6313045,165,person,0.5,1.0,0.10589490085840225,0.5658842325210571
657,1775456515.6313045,138,person,0.5,1.0,0.16004064679145813,0.5740060806274414
657,1775456515.6313045,206,person,0.5,1.0,0.15209421515464783,0.5728141665458679
657,1775456515.6313045,168,person,0.5,1.0,0.0981682687997818,0.5647252798080444
657,1775456515.6313045,171,person,0.5,0.6,0.13471564650535583,0.4702073335647583
658,1775456517.0074646,150,person,0.5,0.6,0.05419817566871643,0.4581297039985657
658,1775456517.0074646,157,person,0.5,1.0,0.13731475174427032,0.570597231388092
658,1775456517.0074646,165,person,0.5,0.5,0.07507266849279404,0.4362609088420868
658,1775456517.0074646,138,person,0.5,1.0,0.09025917947292328,0.5635389089584351
658,1775456517.0074646,206,person,0.5,1.0,0.06214723736047745,0.5593221187591553
658,1775456517.0074646,168,person,0.5,1.0,0.13019727170467377,0.5695295929908752
658,1775456517.0074646,171,person,0.5,0.6,0.06090397760272026,0.45913559198379517
658,1775456517.0074646,125,person,0.5,1.0,0.6056192517280579,0.6408429145812988
659,1775456518.4965034,150,person,0.5,0.6,0.10409507900476456,0.4656142592430115
659,1775456518.4965034,157,person,0.5,1.0,0.12726810574531555,0.5690902471542358
659,1775456518.4965034,165,person,0.5,0.5,0.15140624344348907,0.44771096110343933
659,1775456518.4965034,138,person,0.5,1.0,0.15918022394180298,0.5738770365715027
659,1775456518.4965034,206,person,0.5,1.0,0.21925461292266846,0.5828881859779358
659,1775456518.4965034,168,person,0.5,1.0,0.103734590113163,0.5655602216720581
659,1775456518.4965034,171,person,0.5,0.6,0.06976332515478134,0.4604644775390625
659,1775456518.4965034,125,person,0.5,0.5,0.16028651595115662,0.4490429759025574
660,1775456519.9434936,150,person,0.5,0.6,0.0838252529501915,0.462573766708374
660,1775456519.9434936,157,person,0.5,1.0,0.057112932205200195,0.5585669279098511
660,1775456519.9434936,165,person,0.5,1.0,0.11177162081003189,0.5667657852172852
660,1775456519.9434936,138,person,0.5,1.0,0.10913650691509247,0.5663704872131348
660,1775456519.9434936,206,person,0.5,0.5,0.14205501973628998,0.4463082551956177
660,1775456519.9434936,168,person,0.5,1.0,0.07958537340164185,0.5619378089904785
660,1775456519.9434936,171,person,0.5,0.6,0.0905546247959137,0.46358317136764526
660,1775456519.9434936,125,person,0.5,0.5,0.099118672311306,0.4398678243160248
661,1775456521.4118125,150,person,0.5,0.6,0.06684471666812897,0.46002668142318726
661,1775456521.4118125,157,person,0.5,1.0,0.06914103031158447,0.5603711605072021
661,1775456521.4118125,165,person,0.5,1.0,0.12155294418334961,0.5682329535484314
661,1775456521.4118125,138,person,0.5,1.0,0.09839748591184616,0.5647596120834351
661,1775456521.4118125,206,person,0.5,1.0,0.12205642461776733,0.5683084726333618
661,1775456521.4118125,168,person,0.5,1.0,0.11080335080623627,0.5666205286979675
661,1775456521.4118125,171,person,0.5,0.6,0.05854599550366402,0.458781898021698
661,1775456521.4118125,125,person,0.5,0.5,0.11908644437789917,0.44286298751831055
661,1775456521.4118125,176,person,0.5,1.0,0.7898452281951904,0.6684768199920654
662,1775456523.085852,150,person,0.5,0.6,0.09616314619779587,0.4644244611263275
662,1775456523.085852,157,person,0.5,1.0,0.07724534720182419,0.5615867972373962
662,1775456523.085852,165,person,0.5,1.0,0.131820946931839,0.5697731375694275
662,1775456523.085852,138,person,0.5,1.0,0.15262655913829803,0.5728939771652222
662,1775456523.085852,206,person,0.5,1.0,0.11891704797744751,0.5678375959396362
662,1775456523.085852,168,person,0.5,1.0,0.15938736498355865,0.5739080905914307
662,1775456523.085852,171,person,0.5,0.6,0.09105318784713745,0.4636579751968384
662,1775456523.085852,125,person,0.5,0.5,0.12667281925678253,0.4440009295940399
663,1775456524.6264775,150,person,0.5,0.6,0.06101556867361069,0.45915231108665466
663,1775456524.6264775,157,person,0.5,1.0,0.060892365872859955,0.5591338872909546
663,1775456524.6264775,165,person,0.5,0.5,0.20482632517814636,0.45572397112846375
663,1775456524.6264775,138,person,0.5,1.0,0.1110144853591919,0.5666521787643433
663,1775456524.6264775,206,person,0.5,1.0,0.05903954058885574,0.5588559508323669
663,1775456524.6264775,168,person,0.5,1.0,0.07963363826274872,0.5619450807571411
663,1775456524.6264775,171,person,0.5,0.6,0.06669481843709946,0.46000421047210693
663,1775456524.6264775,125,person,0.5,0.6,0.08027902245521545,0.46204185485839844
664,1775456526.1155293,150,person,0.5,1.0,0.06638490408658981,0.55995774269104
664,1775456526.1155293,157,person,0.5,1.0,0.0714975893497467,0.560724675655365
664,1775456526.1155293,165,person,0.5,0.5,0.17028704285621643,0.450543075799942
664,1775456526.1155293,138,person,0.5,1.0,0.11381908506155014,0.567072868347168
664,1775456526.1155293,206,person,0.5,1.0,0.10443849861621857,0.5656657814979553
664,1775456526.1155293,168,person,0.5,1.0,0.1650787740945816,0.5747618079185486
664,1775456526.1155293,125,person,0.5,0.5,0.17605701088905334,0.4514085650444031
665,1775456527.434687,150,person,0.5,1.0,0.06754855811595917,0.5601323246955872
665,1775456527.434687,157,person,0.5,1.0,0.10943112522363663,0.5664146542549133
665,1775456527.434687,165,person,0.5,0.5,0.1190822571516037,0.4428623616695404
665,1775456527.434687,138,person,0.5,1.0,0.12964686751365662,0.5694470405578613
665,1775456527.434687,206,person,0.5,1.0,0.10679596662521362,0.5660194158554077
665,1775456527.434687,168,person,0.5,1.0,0.11316394805908203,0.5669745802879333
665,1775456527.434687,125,person,0.5,1.0,0.07000034302473068,0.5605000853538513
665,1775456527.434687,176,person,0.5,0.5,0.8852391242980957,0.5577858686447144
665,1775456527.434687,171,person,0.5,0.6,0.20733845233917236,0.48110076785087585
666,1775456529.0414371,150,person,0.5,0.6,0.06994688510894775,0.46049201488494873
666,1775456529.0414371,157,person,0.5,1.0,0.08723326772451401,0.5630850195884705
666,1775456529.0414371,165,person,0.5,0.5,0.13566802442073822,0.4453502297401428
666,1775456529.0414371,138,person,0.5,1.0,0.1630062311887741,0.5744509696960449
666,1775456529.0414371,206,person,0.5,1.0,0.12003356218338013,0.5680050253868103
666,1775456529.0414371,168,person,0.5,1.0,0.11427368968725204,0.567141056060791
666,1775456529.0414371,125,person,0.5,1.0,0.09903661906719208,0.5648555159568787
666,1775456529.0414371,176,person,0.5,0.5,0.6699985861778259,0.5254998207092285
666,1775456529.0414371,171,person,0.5,0.6,0.07224349677562714,0.4608364999294281
667,1775456530.588171,150,person,0.5,0.6,0.08563906699419022,0.4628458619117737
667,1775456530.588171,157,person,0.5,1.0,0.06429757922887802,0.5596446394920349
667,1775456530.588171,165,person,0.5,1.0,0.09731011837720871,0.5645965337753296
667,1775456530.588171,138,person,0.5,1.0,0.064433254301548,0.5596650242805481
667,1775456530.588171,206,person,0.5,0.5,0.1100475937128067,0.44150716066360474
667,1775456530.588171,168,person,0.5,1.0,0.08726747334003448,0.5630901455879211
667,1775456530.588171,171,person,0.5,0.6,0.07740187644958496,0.46161025762557983
668,1775456531.9355028,150,person,0.5,0.6,0.06116557866334915,0.4591748118400574
668,1775456531.9355028,157,person,0.5,1.0,0.07814966142177582,0.561722457408905
668,1775456531.9355028,165,person,0.5,0.5,0.06281083822250366,0.4344216287136078
668,1775456531.9355028,138,person,0.5,1.0,0.2637065351009369,0.5895559787750244
668,1775456531.9355028,206,person,0.5,0.5,0.07114453613758087,0.43567168712615967
668,1775456531.9355028,168,person,0.5,1.0,0.132830411195755,0.5699245929718018
668,1775456531.9355028,171,person,0.5,0.6,0.08261216431856155,0.46239182353019714
668,1775456531.9355028,125,person,0.5,0.5,0.1444995105266571,0.4466749429702759
669,1775456533.4877746,150,person,0.5,0.6,0.11420375108718872,0.46713054180145264
669,1775456533.4877746,157,person,0.5,1.0,0.0791662335395813,0.5618749260902405
669,1775456533.4877746,165,person,0.5,0.5,0.07904141396284103,0.436856210231781
669,1775456533.4877746,138,person,0.5,1.0,0.07774455845355988,0.5616617202758789
669,1775456533.4877746,206,person,0.5,0.5,0.08124138414859772,0.43718621134757996
669,1775456533.4877746,168,person,0.5,1.0,0.17425425350666046,0.5761381387710571
669,1775456533.4877746,171,person,0.5,0.6,0.06844740360975266,0.4602670967578888
669,1775456533.4877746,125,person,0.5,0.5,0.09992776811122894,0.4399891793727875
669,1775456533.4877746,176,person,0.5,0.5,0.3375910222530365,0.47563865780830383
670,1775456535.1899948,150,person,0.5,0.6,0.08204413950443268,0.4623066186904907
670,1775456535.1899948,157,person,0.5,1.0,0.10566920042037964,0.5658503770828247
670,1775456535.1899948,165,person,0.5,0.5,0.12189187109470367,0.4432837963104248
670,1775456535.1899948,138,person,0.5,1.0,0.1431114226579666,0.5714667439460754
670,1775456535.1899948,206,person,0.5,1.0,0.061368029564619064,0.5592052340507507
670,1775456535.1899948,168,person,0.5,1.0,0.09704384952783585,0.5645565986633301
670,1775456535.1899948,171,person,0.5,0.6,0.10296539962291718,0.46544480323791504
670,1775456535.1899948,125,person,0.5,0.5,0.09660276770591736,0.4394904375076294
670,1775456535.1899948,176,person,0.5,0.5,0.10307755321264267,0.4404616355895996
671,1775456536.8927596,150,person,0.5,0.6,0.05255334824323654,0.45788300037384033
671,1775456536.8927596,157,person,0.5,1.0,0.06047647073864937,0.5590714812278748
671,1775456536.8927596,165,person,0.5,1.0,0.06316700577735901,0.5594750642776489
671,1775456536.8927596,138,person,0.5,1.0,0.16161006689071655,0.5742415189743042
671,1775456536.8927596,206,person,0.5,1.0,0.1358092874288559,0.5703713893890381
671,1775456536.8927596,168,person,0.5,1.0,0.09909330308437347,0.5648639798164368
671,1775456536.8927596,171,person,0.5,0.6,0.12562024593353271,0.468843013048172
671,1775456536.8927596,125,person,0.5,0.5,0.09260088205337524,0.43889015913009644
672,1775456538.511424,150,person,0.5,0.6,0.07629378885030746,0.46144405007362366
672,1775456538.511424,157,person,0.5,1.0,0.08910304307937622,0.5633654594421387
672,1775456538.511424,165,person,0.5,0.5,0.12098196893930435,0.44314730167388916
672,1775456538.511424,138,person,0.5,1.0,0.17457905411720276,0.5761868953704834
672,1775456538.511424,206,person,0.5,1.0,0.11061067879199982,0.5665916204452515
672,1775456538.511424,168,person,0.5,1.0,0.17248615622520447,0.5758729577064514
672,1775456538.511424,171,person,0.5,0.6,0.10255590826272964,0.465383380651474
672,1775456538.511424,125,person,0.5,0.5,0.10058335214853287,0.44008752703666687
672,1775456538.511424,176,person,0.5,0.5,0.11264960467815399,0.441897451877594
673,1775456540.1336284,150,person,0.5,1.0,0.11887548863887787,0.5678313374519348
673,1775456540.1336284,157,person,0.5,1.0,0.14219161868095398,0.5713287591934204
673,1775456540.1336284,165,person,0.5,1.0,0.11379865556955338,0.5670698285102844
673,1775456540.1336284,138,person,0.5,1.0,0.13739900290966034,0.5706098675727844
673,1775456540.1336284,206,person,0.5,0.5,0.17734329402446747,0.451601505279541
673,1775456540.1336284,168,person,0.5,1.0,0.10445606708526611,0.5656684041023254
673,1775456540.1336284,171,person,0.5,0.6,0.14645832777023315,0.47196874022483826
673,1775456540.1336284,125,person,0.5,1.0,0.6020911931991577,0.6403136849403381
673,1775456540.1336284,176,person,0.5,0.5,0.1460745483636856,0.44691118597984314
674,1775456541.6730917,150,person,0.5,1.0,0.09013063460588455,0.5635195970535278
674,1775456541.6730917,157,person,0.5,1.0,0.08937416970729828,0.5634061098098755
674,1775456541.6730917,165,person,0.5,0.5,0.08690543472766876,0.4380358159542084
674,1775456541.6730917,138,person,0.5,1.0,0.11234290897846222,0.5668514370918274
674,1775456541.6730917,206,person,0.5,1.0,0.095090851187706,0.564263641834259
674,1775456541.6730917,168,person,0.5,1.0,0.04568944126367569,0.5568534135818481
674,1775456541.6730917,171,person,0.5,1.0,0.14201149344444275,0.5713017582893372
674,1775456541.6730917,125,person,0.5,0.5,1.0,0.575
674,1775456541.6730917,176,person,0.5,0.5,0.1907106339931488,0.45360660552978516
675,1775456543.3431227,150,person,0.5,1.0,0.10484053194522858,0.565726101398468
675,1775456543.3431227,157,person,0.5,1.0,0.07026906311511993,0.5605403780937195
675,1775456543.3431227,165,person,0.5,0.5,0.11251677572727203,0.441877543926239
675,1775456543.3431227,138,person,0.5,1.0,0.09766410291194916,0.5646496415138245
675,1775456543.3431227,206,person,0.5,0.5,0.13947154581546783,0.4459207355976105
675,1775456543.3431227,168,person,0.5,1.0,0.22345200181007385,0.5835177898406982
675,1775456543.3431227,171,person,0.5,1.0,0.10453994572162628,0.565680980682373
675,1775456543.3431227,125,person,0.5,0.5,0.18610306084156036,0.4529154598712921
675,1775456543.3431227,176,person,0.5,0.5,0.039706360548734665,0.4309559762477875
675,1775456543.3431227,222,person,0.5,0.5,0.0,0.425
676,1775456545.0775838,150,person,0.5,1.0,0.05885251238942146,0.5588278770446777
676,1775456545.0775838,157,person,0.5,1.0,0.11248286813497543,0.5668724179267883
676,1775456545.0775838,165,person,0.5,0.5,0.07283028215169907,0.43592455983161926
676,1775456545.0775838,138,person,0.5,1.0,0.14253613352775574,0.5713804364204407
676,1775456545.0775838,206,person,0.5,1.0,0.1504514217376709,0.5725677013397217
676,1775456545.0775838,168,person,0.5,1.0,0.07027287036180496,0.5605409145355225
676,1775456545.0775838,171,person,0.5,1.0,0.09352218359708786,0.5640283226966858
676,1775456545.0775838,125,person,0.5,0.5,0.1960703581571579,0.4544105529785156
676,1775456545.0775838,176,person,0.5,0.5,0.1712409257888794,0.45068615674972534
677,1775456546.7195694,150,person,0.5,0.6,0.081056609749794,0.4621584713459015
677,1775456546.7195694,157,person,0.5,1.0,0.2308504283428192,0.5846275687217712
677,1775456546.7195694,165,person,0.5,0.5,0.07299065589904785,0.43594861030578613
677,1775456546.7195694,138,person,0.5,1.0,0.1478392481803894,0.572175920009613
677,1775456546.7195694,206,person,0.5,1.0,0.0505736880004406,0.5575860738754272
677,1775456546.7195694,168,person,0.5,1.0,0.08472944051027298,0.5627094507217407
677,1775456546.7195694,171,person,0.5,1.0,0.1188824400305748,0.567832350730896
677,1775456546.7195694,125,person,0.5,1.0,0.13289721310138702,0.569934606552124
677,1775456546.7195694,176,person,0.5,0.5,0.1496839076280594,0.4474526047706604
677,1775456546.7195694,222,person,0.5,0.5,0.5234755873680115,0.5035213232040405
678,1775456548.541651,150,person,0.5,0.6,0.046313293278217316,0.4569469690322876
678,1775456548.541651,157,person,0.5,1.0,0.04706200584769249,0.5570592880249023
678,1775456548.541651,165,person,0.5,0.5,0.1583145558834076,0.4487471878528595
678,1775456548.541651,138,person,0.5,1.0,0.18731339275836945,0.5780970454216003
678,1775456548.541651,206,person,0.5,0.5,0.18018671870231628,0.4520280361175537
678,1775456548.541651,168,person,0.5,1.0,0.06402230262756348,0.5596033334732056
678,1775456548.541651,171,person,0.5,1.0,0.19800008833408356,0.5797000527381897
678,1775456548.541651,125,person,0.5,1.0,0.5258074402809143,0.6288711428642273
678,1775456548.541651,176,person,0.5,0.5,0.1607130616903305,0.44910696148872375
679,1775456550.1412904,150,person,0.5,0.6,0.08735699951648712,0.4631035327911377
679,1775456550.1412904,157,person,0.5,1.0,0.12391551584005356,0.5685873627662659
679,1775456550.1412904,165,person,0.5,0.5,0.13210374116897583,0.44481557607650757
679,1775456550.1412904,138,person,0.5,1.0,0.1652301549911499,0.574784517288208
679,1775456550.1412904,206,person,0.5,0.5,0.07920387387275696,0.43688058853149414
679,1775456550.1412904,168,person,0.5,1.0,0.0664384514093399,0.5599657893180847
679,1775456550.1412904,171,person,0.5,1.0,0.10008492320775986,0.5650127530097961
679,1775456550.1412904,125,person,0.5,1.0,0.7050474882125854,0.6557571291923523
679,1775456550.1412904,176,person,0.5,0.5,0.10730580985546112,0.44109588861465454
679,1775456550.1412904,222,person,0.5,0.5,0.4697669446468353,0.4954650402069092
680,1775456552.1038368,150,person,0.5,0.6,0.07022172957658768,0.4605332612991333
680,1775456552.1038368,157,person,0.5,1.0,0.11635091155767441,0.5674526691436768
680,1775456552.1038368,165,person,0.5,0.5,0.13632282614707947,0.4454484283924103
680,1775456552.1038368,138,person,0.5,1.0,0.102192223072052,0.56532883644104
680,1775456552.1038368,206,person,0.5,0.5,0.10339906066656113,0.4405098855495453
680,1775456552.1038368,168,person,0.5,1.0,0.0873839259147644,0.5631076097488403
680,1775456552.1038368,171,person,0.5,1.0,0.21486923098564148,0.5822303891181946
680,1775456552.1038368,125,person,0.5,1.0,0.3019351661205292,0.5952903032302856
680,1775456552.1038368,176,person,0.5,0.5,0.07739758491516113,0.4366096556186676
680,1775456552.1038368,222,person,0.5,0.5,0.9400617480278015,0.5660092830657959
681,1775456553.9993205,150,person,0.5,1.0,0.11387734115123749,0.56708163022995
681,1775456553.9993205,157,person,0.5,1.0,0.0994761735200882,0.5649214386940002
681,1775456553.9993205,165,person,0.5,0.5,0.15890082716941833,0.4488351345062256
681,1775456553.9993205,138,person,0.5,1.0,0.06004350632429123,0.5590065121650696
681,1775456553.9993205,206,person,0.5,0.5,0.14230863749980927,0.44634631276130676
681,1775456553.9993205,168,person,0.5,1.0,0.10419900715351105,0.5656298398971558
681,1775456553.9993205,171,person,0.5,1.0,0.860672116279602,0.6791008710861206
681,1775456553.9993205,125,person,0.5,0.5,0.21246615052223206,0.4568699300289154
681,1775456553.9993205,176,person,0.5,0.5,0.10739787667989731,0.44110968708992004
681,1775456553.9993205,222,person,0.5,0.5,0.9203603863716125,0.563054084777832
681,1775456553.9993205,223,person,0.5,0.6,0.0,0.44999999999999996
682,1775456555.9754257,150,person,0.5,0.6,0.06095346808433533,0.4591430127620697
682,1775456555.9754257,157,person,0.5,0.6,0.11127559095621109,0.4666913151741028
682,1775456555.9754257,165,person,0.5,0.5,0.10369284451007843,0.4405539333820343
682,1775456555.9754257,138,person,0.5,1.0,0.18696686625480652,0.5780450701713562
682,1775456555.9754257,206,person,0.5,0.5,0.17355282604694366,0.45103293657302856
682,1775456555.9754257,168,person,0.5,1.0,0.2286788523197174,0.5843018293380737
682,1775456555.9754257,171,person,0.5,0.3,0.8860546946525574,0.5079082250595093
682,1775456555.9754257,125,person,0.5,0.5,0.09209699928760529,0.43881455063819885
682,1775456555.9754257,176,person,0.5,0.5,0.12878796458244324,0.4443182051181793
682,1775456555.9754257,222,person,0.5,0.5,0.8542405962944031,0.5531361103057861
682,1775456555.9754257,223,person,0.5,0.5,0.47799140214920044,0.4966987371444702
683,1775456557.9127517,150,person,0.5,1.0,0.16957919299602509,0.5754368901252747
683,1775456557.9127517,157,person,0.5,1.0,0.09461981803178787,0.5641930103302002
683,1775456557.9127517,165,person,0.5,0.5,0.109738789498806,0.44146081805229187
683,1775456557.9127517,138,person,0.5,1.0,0.3323143422603607,0.599847137928009
683,1775456557.9127517,206,person,0.5,0.5,0.20219917595386505,0.45532989501953125
683,1775456557.9127517,168,person,0.5,1.0,0.17490893602371216,0.576236367225647
683,1775456557.9127517,171,person,0.5,1.0,0.865134060382843,0.6797701120376587
683,1775456557.9127517,176,person,0.5,0.5,0.13678042590618134,0.44551706314086914
683,1775456557.9127517,222,person,0.5,0.5,0.9123809933662415,0.5618571639060974
683,1775456557.9127517,223,person,0.5,0.5,0.8080708384513855,0.5462106466293335
684,1775456559.8851712,150,person,0.5,1.0,0.12441281229257584,0.5686619281768799
684,1775456559.8851712,157,person,0.5,1.0,0.0793699249625206,0.5619055032730103
684,1775456559.8851712,165,person,0.5,0.5,0.15649625658988953,0.4484744668006897
684,1775456559.8851712,138,person,0.5,1.0,0.32209694385528564,0.5983145833015442
684,1775456559.8851712,206,person,0.5,0.5,0.21251752972602844,0.4568776488304138
684,1775456559.8851712,168,person,0.5,1.0,0.16541491448879242,0.5748122334480286
684,1775456559.8851712,171,person,0.5,0.6,0.9143542051315308,0.5871531367301941
684,1775456559.8851712,176,person,0.5,0.5,0.07069740444421768,0.43560463190078735
684,1775456559.8851712,222,person,0.5,0.5,0.8433045148849487,0.5514956712722778
684,1775456559.8851712,223,person,0.5,0.5,0.8222173452377319,0.5483326315879822
684,1775456559.8851712,125,person,0.5,0.5,0.15396276116371155,0.4480944275856018
685,1775456561.9206681,150,person,0.5,1.0,0.1375732123851776,0.570635974407196
685,1775456561.9206681,157,person,0.5,1.0,0.07547284662723541,0.561320960521698
685,1775456561.9206681,165,person,0.5,0.5,0.16020184755325317,0.4490302801132202
685,1775456561.9206681,138,person,0.5,1.0,0.20315814018249512,0.5804737210273743
685,1775456561.9206681,206,person,0.5,0.5,0.13473555445671082,0.445210337638855
685,1775456561.9206681,168,person,0.5,1.0,0.1139732375741005,0.5670959949493408
685,1775456561.9206681,171,person,0.5,0.5,0.9316807985305786,0.5647521018981934
685,1775456561.9206681,176,person,0.5,0.5,1.0,0.575
685,1775456561.9206681,222,person,0.5,0.5,0.9140158891677856,0.5621024370193481
685,1775456561.9206681,223,person,0.5,0.5,0.8646235466003418,0.5546935796737671
685,1775456561.9206681,125,person,0.5,0.5,0.10049223899841309,0.4400738477706909
686,1775456563.9502358,150,person,0.5,1.0,0.15952661633491516,0.5739290118217468
686,1775456563.9502358,157,person,0.5,1.0,0.10369150340557098,0.5655537247657776
686,1775456563.9502358,165,person,0.5,0.5,0.1323397010564804,0.44485098123550415
686,1775456563.9502358,138,person,0.5,1.0,0.21039621531963348,0.581559419631958
686,1775456563.9502358,206,person,0.5,0.5,0.17719057202339172,0.4515785872936249
686,1775456563.9502358,168,person,0.5,1.0,0.06010522320866585,0.5590158104896545
686,1775456563.9502358,171,person,0.5,0.5,0.6311362981796265,0.5196704864501953
686,1775456563.9502358,176,person,0.5,0.5,0.6717429757118225,0.5257614850997925
686,1775456563.9502358,222,person,0.5,0.5,0.5401221513748169,0.506018340587616
686,1775456563.9502358,223,person,0.5,0.5,0.7443329095840454,0.5366499423980713
686,1775456563.9502358,125,person,0.5,0.5,0.0849408432841301,0.43774113059043884
687,1775456566.0100224,150,person,0.5,1.0,0.09427931159734726,0.5641419291496277
687,1775456566.0100224,157,person,0.5,1.0,0.05635187029838562,0.5584527850151062
687,1775456566.0100224,165,person,0.5,0.5,0.17323127388954163,0.4509847164154053
687,1775456566.0100224,138,person,0.5,1.0,0.1345331072807312,0.5701799988746643
687,1775456566.0100224,206,person,0.5,0.5,0.8181818127632141,0.5477272868156433
687,1775456566.0100224,168,person,0.5,1.0,0.13518038392066956,0.5702770948410034
687,1775456566.0100224,171,person,0.5,0.5,0.6709408164024353,0.525641143321991
687,1775456566.0100224,176,person,0.5,0.5,0.7120112180709839,0.531801700592041
687,1775456566.0100224,222,person,0.5,0.5,0.3688226044178009,0.4803234040737152
687,1775456566.0100224,125,person,0.5,0.5,0.09781868010759354,0.4396728277206421
688,1775456568.1287155,150,person,0.5,1.0,0.07454924285411835,0.5611823797225952
688,1775456568.1287155,157,person,0.5,1.0,0.04706856980919838,0.5570603013038635
688,1775456568.1287155,165,person,0.5,0.5,0.1720411777496338,0.450806200504303
688,1775456568.1287155,138,person,0.5,1.0,0.16357502341270447,0.5745362639427185
688,1775456568.1287155,206,person,0.5,0.5,0.05250650644302368,0.43287599086761475
688,1775456568.1287155,168,person,0.5,1.0,0.18398922681808472,0.5775983929634094
688,1775456568.1287155,171,person,0.5,0.5,0.5711711645126343,0.5106756687164307
688,1775456568.1287155,176,person,0.5,0.5,0.6505991816520691,0.522589921951294
688,1775456568.1287155,222,person,0.5,0.5,0.09955374151468277,0.43993306159973145
688,1775456568.1287155,125,person,0.5,0.5,0.08805479854345322,0.4382082223892212
688,1775456568.1287155,223,person,0.5,0.5,1.0,0.575
689,1775456570.2037647,150,person,0.5,0.6,0.13143190741539001,0.4697147607803345
689,1775456570.2037647,157,person,0.5,1.0,0.06999847292900085,0.5604997873306274
689,1775456570.2037647,165,person,0.5,0.5,0.16964074969291687,0.45044612884521484
689,1775456570.2037647,138,person,0.5,1.0,0.19441914558410645,0.5791628956794739
689,1775456570.2037647,206,person,0.5,0.5,0.3839523494243622,0.4825928807258606
689,1775456570.2037647,168,person,0.5,1.0,0.06425490230321884,0.559638261795044
689,1775456570.2037647,171,person,0.5,0.5,0.5320888757705688,0.5048133134841919
689,1775456570.2037647,176,person,0.5,0.5,0.6211486458778381,0.5181723237037659
689,1775456570.2037647,222,person,0.5,0.5,0.1149045005440712,0.44223567843437195
689,1775456570.2037647,125,person,0.5,0.5,0.5506859421730042,0.5076029300689697
689,1775456570.2037647,223,person,0.5,0.5,0.610795259475708,0.5166193246841431
690,1775456572.2407472,150,person,0.5,0.6,0.12178017944097519,0.468267023563385
690,1775456572.2407472,157,person,0.5,1.0,0.08686377108097076,0.5630295872688293
690,1775456572.2407472,165,person,0.5,0.5,0.20234565436840057,0.455351859331131
690,1775456572.2407472,138,person,0.5,1.0,0.3063189387321472,0.5959478616714478
690,1775456572.2407472,206,person,0.5,0.5,0.16087700426578522,0.4491315484046936
690,1775456572.2407472,168,person,0.5,1.0,0.09130409359931946,0.5636956095695496
690,1775456572.2407472,171,person,0.5,0.5,0.5678268671035767,0.510174036026001
690,1775456572.2407472,176,person,0.5,0.5,0.5377060770988464,0.5056559443473816
690,1775456572.2407472,222,person,0.5,0.5,0.12255891412496567,0.4433838427066803
690,1775456572.2407472,125,person,0.5,0.5,0.5645561814308167,0.5096834301948547
690,1775456572.2407472,223,person,0.5,0.5,0.5269660353660583,0.5040448904037476
691,1775456574.347847,150,person,0.5,0.6,0.11141286790370941,0.4667119085788727
691,1775456574.347847,157,person,0.5,1.0,0.12334011495113373,0.5685010552406311
691,1775456574.347847,165,person,0.5,0.5,0.11000120639801025,0.441500186920166
691,1775456574.347847,138,person,0.5,1.0,0.21580210328102112,0.5823703408241272
691,1775456574.347847,206,person,0.5,0.5,0.1361338198184967,0.4454200863838196
691,1775456574.347847,168,person,0.5,1.0,0.13350336253643036,0.5700255036354065
691,1775456574.347847,171,person,0.5,0.5,0.39155444502830505,0.4837331771850586
691,1775456574.347847,176,person,0.5,0.5,0.6048312187194824,0.5157247185707092
691,1775456574.347847,222,person,0.5,0.5,0.21203532814979553,0.4568053185939789
691,1775456574.347847,125,person,0.5,0.5,0.18947261571884155,0.4534209072589874
691,1775456574.347847,223,person,0.5,0.5,0.4952723979949951,0.4992908835411072
692,1775456576.376524,150,person,0.5,1.0,0.15632173418998718,0.5734483003616333
692,1775456576.376524,157,person,0.5,1.0,0.09745942056179047,0.5646189451217651
692,1775456576.376524,165,person,0.5,0.5,0.09934250265359879,0.4399013817310333
692,1775456576.376524,138,person,0.5,1.0,0.28167569637298584,0.5922513604164124
692,1775456576.376524,206,person,0.5,0.5,0.2942841351032257,0.4691426455974579
692,1775456576.376524,168,person,0.5,1.0,0.12007306516170502,0.5680109858512878
692,1775456576.376524,171,person,0.5,0.5,0.27422815561294556,0.466134250164032
692,1775456576.376524,176,person,0.5,0.6,0.6565840840339661,0.5484876036643982
692,1775456576.376524,222,person,0.5,0.5,0.1862299144268036,0.45293450355529785
692,1775456576.376524,125,person,0.5,0.5,0.5810705423355103,0.51216059923172
692,1775456576.376524,223,person,0.5,0.5,0.5668137073516846,0.5100220441818237
693,1775456578.2883444,150,person,0.5,0.6,0.06642194092273712,0.45996329188346863
693,1775456578.2883444,157,person,0.5,1.0,0.07679106295108795,0.561518669128418
693,1775456578.2883444,165,person,0.5,0.5,0.11903619766235352,0.44285544753074646
693,1775456578.2883444,138,person,0.5,1.0,0.14656990766525269,0.5719854831695557
693,1775456578.2883444,206,person,0.5,0.5,0.3888649344444275,0.48332974314689636
693,1775456578.2883444,168,person,0.5,1.0,0.15674424171447754,0.5735116600990295
693,1775456578.2883444,171,person,0.5,0.5,0.2869526743888855,0.46804291009902954
693,1775456578.2883444,176,person,0.5,0.5,0.6810950040817261,0.5271642804145813
693,1775456578.2883444,222,person,0.5,0.3,0.15395587682724,0.3980933725833893
693,1775456578.2883444,125,person,0.5,1.0,0.35484030842781067,0.6032260656356812
693,1775456578.2883444,223,person,0.5,0.5,0.5959571599960327,0.5143935680389404
694,1775456580.1752276,150,person,0.5,0.6,0.15228880941867828,0.47284331917762756
694,1775456580.1752276,157,person,0.5,1.0,0.12535525858402252,0.5688033103942871
694,1775456580.1752276,165,person,0.5,0.5,0.19060340523719788,0.4535905122756958
694,1775456580.1752276,138,person,0.5,1.0,0.07922258228063583,0.5618833899497986
694,1775456580.1752276,206,person,0.5,0.5,0.2690716087818146,0.46536076068878174
694,1775456580.1752276,168,person,0.5,1.0,0.0920635238289833,0.5638095140457153
694,1775456580.1752276,171,person,0.5,0.5,0.46796733140945435,0.4951951205730438
694,1775456580.1752276,222,person,0.5,0.5,0.10507694631814957,0.4407615661621094
694,1775456580.1752276,125,person,0.5,0.5,0.2725580036640167,0.46588370203971863
694,1775456580.1752276,223,person,0.5,0.5,0.5434405207633972,0.5065160989761353
695,1775456581.9647915,150,person,0.5,0.6,0.0968831330537796,0.4645324647426605
695,1775456581.9647915,157,person,0.5,1.0,0.0509844608604908,0.557647705078125
695,1775456581.9647915,165,person,0.5,0.5,0.12882624566555023,0.44432395696640015
695,1775456581.9647915,138,person,0.5,1.0,0.15129587054252625,0.5726944208145142
695,1775456581.9647915,206,person,0.5,0.5,0.18191835284233093,0.4522877633571625
695,1775456581.9647915,168,person,0.5,1.0,0.11686061322689056,0.5675290822982788
695,1775456581.9647915,171,person,0.5,0.5,0.2753404378890991,0.4663010835647583
695,1775456581.9647915,125,person,0.5,0.5,0.1836567521095276,0.4525485336780548
695,1775456581.9647915,223,person,0.5,0.5,0.5022797584533691,0.5003420114517212
696,1775456583.7075026,150,person,0.5,0.6,0.06423485279083252,0.4596352279186249
696,1775456583.7075026,157,person,0.5,1.0,0.16507266461849213,0.574760913848877
696,1775456583.7075026,165,person,0.5,0.5,0.1376001536846161,0.44564002752304077
696,1775456583.7075026,138,person,0.5,1.0,0.20351934432983398,0.5805279016494751
696,1775456583.7075026,206,person,0.5,0.5,0.24914498627185822,0.4623717665672302
696,1775456583.7075026,168,person,0.5,1.0,0.12833863496780396,0.5692508220672607
696,1775456583.7075026,171,person,0.5,0.5,0.36618170142173767,0.47992727160453796
696,1775456583.7075026,125,person,0.5,0.5,0.0950564593076706,0.43925848603248596
696,1775456583.7075026,223,person,0.5,0.5,0.3627290427684784,0.4794093668460846
697,1775456585.3726206,150,person,0.5,0.6,0.07403074204921722,0.4611046016216278
697,1775456585.3726206,157,person,0.5,1.0,0.057093702256679535,0.5585640668869019
697,1775456585.3726206,165,person,0.5,0.5,0.13451720774173737,0.4451775848865509
697,1775456585.3726206,138,person,0.5,1.0,0.13847702741622925,0.5707715749740601
697,1775456585.3726206,206,person,0.5,0.5,0.36616820096969604,0.4799252450466156
697,1775456585.3726206,168,person,0.5,1.0,0.05466572195291519,0.5581998825073242
697,1775456585.3726206,171,person,0.5,0.5,0.28760963678359985,0.46814146637916565
697,1775456585.3726206,223,person,0.5,0.5,0.3472716510295868,0.4770907759666443
697,1775456585.3726206,176,person,0.5,0.5,0.8049190640449524,0.5457378625869751
698,1775456587.0875342,150,person,0.5,0.6,0.07672150433063507,0.46150821447372437
698,1775456587.0875342,157,person,0.5,1.0,0.12282907962799072,0.5684243440628052
698,1775456587.0875342,165,person,0.5,0.5,0.1282500922679901,0.44423753023147583
698,1775456587.0875342,138,person,0.5,1.0,0.09017814695835114,0.5635267496109009
698,1775456587.0875342,206,person,0.5,0.5,0.1275094598531723,0.4441264271736145
698,1775456587.0875342,168,person,0.5,1.0,0.07290869206190109,0.5609363317489624
698,1775456587.0875342,171,person,0.5,0.5,0.3403893709182739,0.4760584235191345
698,1775456587.0875342,223,person,0.5,1.0,0.3055570125579834,0.5958335399627686
698,1775456587.0875342,222,person,0.5,0.5,0.11213348805904388,0.44182002544403076
698,1775456587.0875342,125,person,0.5,1.0,0.5339213609695435,0.630088210105896
699,1775456588.9094102,150,person,0.5,0.6,0.13196542859077454,0.4697948098182678
699,1775456588.9094102,157,person,0.5,1.0,0.10932375490665436,0.566398561000824
699,1775456588.9094102,165,person,0.5,0.5,0.15851202607154846,0.44877681136131287
699,1775456588.9094102,138,person,0.5,1.0,0.1012515053153038,0.5651877522468567
699,1775456588.9094102,206,person,0.5,0.5,0.14854396879673004,0.4472815990447998
699,1775456588.9094102,168,person,0.5,1.0,0.07712441682815552,0.5615686774253845
699,1775456588.9094102,171,person,0.5,0.5,0.16389235854148865,0.44958385825157166
699,1775456588.9094102,223,person,0.5,1.0,0.4522959589958191,0.6178444027900696
699,1775456588.9094102,222,person,0.5,0.5,0.24863240122795105,0.46229487657546997
700,1775456590.5668287,150,person,0.5,0.6,0.0908593162894249,0.463628888130188
700,1775456590.5668287,157,person,0.5,1.0,0.08764386922121048,0.5631465911865234
700,1775456590.5668287,165,person,0.5,0.5,0.03035050630569458,0.4295525848865509
700,1775456590.5668287,138,person,0.5,1.0,0.23995879292488098,0.5859938263893127
700,1775456590.5668287,206,person,0.5,1.0,0.19131320714950562,0.5786969661712646
700,1775456590.5668287,168,person,0.5,1.0,0.0892338752746582,0.5633850693702698
700,1775456590.5668287,171,person,0.5,0.5,0.14880253374576569,0.4473204016685486
700,1775456590.5668287,223,person,0.5,0.6,0.4870602488517761,0.5230590105056763
700,1775456590.5668287,222,person,0.5,0.3,0.22194509208202362,0.408291757106781
700,1775456590.5668287,125,person,0.5,0.5,0.5080019235610962,0.5012003183364868
701,1775456592.4897342,150,person,0.5,0.6,0.06212671846151352,0.45931899547576904
701,1775456592.4897342,157,person,0.5,1.0,0.07117325067520142,0.5606759786605835
701,1775456592.4897342,165,person,0.5,0.5,0.13842955231666565,0.4457644522190094
701,1775456592.4897342,138,person,0.5,1.0,0.10201527178287506,0.565302312374115
701,1775456592.4897342,206,person,0.5,1.0,0.12588153779506683,0.5688822269439697
701,1775456592.4897342,168,person,0.5,1.0,0.10310208797454834,0.5654653310775757
701,1775456592.4897342,171,person,0.5,0.3,0.16319361329078674,0.3994790315628052
701,1775456592.4897342,223,person,0.5,0.3,0.3874203860759735,0.43311306834220886
701,1775456592.4897342,222,person,0.5,0.5,0.20133323967456818,0.4551999866962433
701,1775456592.4897342,125,person,0.5,0.5,0.2704026997089386,0.4655604064464569
702,1775456594.5199835,150,person,0.5,0.6,0.08087257295846939,0.4621308743953705
702,1775456594.5199835,157,person,0.5,1.0,0.114191435277462,0.5671287178993225
702,1775456594.5199835,165,person,0.5,0.5,0.0820881575345993,0.4373132288455963
702,1775456594.5199835,138,person,0.5,1.0,0.1432102620601654,0.5714815258979797
702,1775456594.5199835,206,person,0.5,0.5,0.3264787793159485,0.4739718437194824
702,1775456594.5199835,168,person,0.5,1.0,0.16948077082633972,0.5754221081733704
702,1775456594.5199835,171,person,0.5,0.5,0.14886383712291718,0.447329580783844
702,1775456594.5199835,223,person,0.5,0.6,0.4233245253562927,0.5134986639022827
702,1775456594.5199835,222,person,0.5,0.5,0.13507887721061707,0.4452618360519409
702,1775456594.5199835,125,person,0.5,0.5,0.10788805782794952,0.4411832094192505
703,1775456596.3096883,150,person,0.5,0.6,0.09610435366630554,0.46441563963890076
703,1775456596.3096883,157,person,0.5,1.0,0.07295849174261093,0.5609437823295593
703,1775456596.3096883,165,person,0.5,0.5,0.1599731594324112,0.448995977640152
703,1775456596.3096883,138,person,0.5,1.0,0.10143961757421494,0.5652159452438354
703,1775456596.3096883,206,person,0.5,0.5,0.07773201167583466,0.4366598129272461
703,1775456596.3096883,168,person,0.5,1.0,0.1559511125087738,0.5733926892280579
703,1775456596.3096883,171,person,0.5,0.5,0.2461055964231491,0.46191585063934326
703,1775456596.3096883,223,person,0.5,0.3,0.2904484272003174,0.4185672700405121
703,1775456596.3096883,222,person,0.5,0.5,0.12864485383033752,0.4442967474460602
703,1775456596.3096883,125,person,0.5,0.5,0.12114856392145157,0.44317230582237244
704,1775456598.0530443,150,person,0.5,0.6,0.10938668251037598,0.46640798449516296
704,1775456598.0530443,157,person,0.5,1.0,0.07643328607082367,0.5614650249481201
704,1775456598.0530443,165,person,0.5,1.0,0.04680666700005531,0.5570210218429565
704,1775456598.0530443,138,person,0.5,1.0,0.18094779551029205,0.5771421790122986
704,1775456598.0530443,206,person,0.5,0.5,0.46886545419692993,0.4953298270702362
704,1775456598.0530443,168,person,0.5,0.6,0.11759702861309052,0.4676395356655121
704,1775456598.0530443,171,person,0.5,0.5,0.19651126861572266,0.4544767141342163
704,1775456598.0530443,223,person,0.5,0.3,0.3615168035030365,0.4292275309562683
704,1775456598.0530443,222,person,0.5,0.5,0.07772213965654373,0.4366583228111267
704,1775456598.0530443,125,person,0.5,0.5,0.07622237503528595,0.4364333748817444
705,1775456599.8157463,150,person,0.5,0.6,0.10230523347854614,0.4653457701206207
705,1775456599.8157463,157,person,0.5,1.0,0.10893936455249786,0.5663409233093262
705,1775456599.8157463,165,person,0.5,0.5,0.13775800168514252,0.445663720369339
705,1775456599.8157463,138,person,0.5,1.0,0.21349883079528809,0.5820248126983643
705,1775456599.8157463,206,person,0.5,1.0,0.26875102519989014,0.590312659740448
705,1775456599.8157463,168,person,0.5,0.6,0.07805704325437546,0.46170854568481445
705,1775456599.8157463,171,person,0.5,0.5,0.19654302299022675,0.45448145270347595
705,1775456599.8157463,223,person,0.5,0.3,0.454437255859375,0.4431656002998352
705,1775456599.8157463,222,person,0.5,0.3,0.09746081382036209,0.3896191120147705
706,1775456601.3970754,150,person,0.5,0.6,0.12462011724710464,0.4686930179595947
706,1775456601.3970754,157,person,0.5,1.0,0.14722970128059387,0.5720844864845276
706,1775456601.3970754,165,person,0.5,0.5,0.10173328220844269,0.44025999307632446
706,1775456601.3970754,138,person,0.5,1.0,0.16224582493305206,0.5743368864059448
706,1775456601.3970754,206,person,0.5,0.5,0.5333074331283569,0.504996120929718
706,1775456601.3970754,168,person,0.5,1.0,0.13755175471305847,0.5706327557563782
706,1775456601.3970754,171,person,0.5,0.5,0.20328085124492645,0.45549213886260986
706,1775456601.3970754,223,person,0.5,0.3,0.28097352385520935,0.4171460270881653
706,1775456601.3970754,222,person,0.5,0.5,0.08605106920003891,0.4379076659679413
706,1775456601.3970754,125,person,0.5,0.5,0.14889958500862122,0.4473349452018738
707,1775456603.3621106,150,person,0.5,0.6,0.2540462613105774,0.48810693621635437
707,1775456603.3621106,157,person,0.5,1.0,0.1737845242023468,0.5760676860809326
707,1775456603.3621106,165,person,0.5,0.5,0.17277248203754425,0.4509158730506897
707,1775456603.3621106,138,person,0.5,1.0,0.12542109191417694,0.5688132047653198
707,1775456603.3621106,206,person,0.5,0.5,0.11761756241321564,0.4426426589488983
707,1775456603.3621106,168,person,0.5,1.0,0.1745656430721283,0.576184868812561
707,1775456603.3621106,171,person,0.5,0.5,0.3409584164619446,0.4761437773704529
707,1775456603.3621106,223,person,0.5,0.3,0.2855960428714752,0.4178394079208374
707,1775456603.3621106,222,person,0.5,0.5,0.07238291949033737,0.4358574450016022
708,1775456605.110649,150,person,0.5,0.6,0.1071881502866745,0.4660782217979431
708,1775456605.110649,157,person,0.5,1.0,0.14116594195365906,0.5711749196052551
708,1775456605.110649,165,person,0.5,0.5,0.12551596760749817,0.44382742047309875
708,1775456605.110649,138,person,0.5,1.0,0.0904657170176506,0.5635698437690735
708,1775456605.110649,206,person,0.5,1.0,0.6395747065544128,0.6459362506866455
708,1775456605.110649,168,person,0.5,0.6,0.34232592582702637,0.5013488531112671
708,1775456605.110649,171,person,0.5,0.5,0.3884136974811554,0.4832620620727539
708,1775456605.110649,223,person,0.5,0.3,0.2198670655488968,0.4079800546169281
708,1775456605.110649,222,person,0.5,0.6,0.0936250239610672,0.4640437364578247
708,1775456605.110649,125,person,0.5,0.5,0.09914834052324295,0.43987226486206055
709,1775456606.933318,150,person,0.5,0.6,0.05457352474331856,0.4581860303878784
709,1775456606.933318,157,person,0.5,1.0,0.09369716793298721,0.5640546083450317
709,1775456606.933318,165,person,0.5,0.5,0.13180318474769592,0.444770485162735
709,1775456606.933318,138,person,0.5,1.0,0.11602486670017242,0.5674037337303162
709,1775456606.933318,206,person,0.5,1.0,0.3481723666191101,0.6022258996963501
709,1775456606.933318,168,person,0.5,1.0,0.2415744811296463,0.5862361788749695
709,1775456606.933318,171,person,0.5,0.3,0.3637194037437439,0.4295579195022583
709,1775456606.933318,223,person,0.5,0.3,0.26369044184684753,0.41455358266830444
709,1775456606.933318,125,person,0.5,0.5,0.07130970060825348,0.43569648265838623
710,1775456608.5253258,150,person,0.5,0.6,0.1803169846534729,0.47704753279685974
710,1775456608.5253258,157,person,0.5,0.6,0.1357881724834442,0.4703682065010071
710,1775456608.5253258,165,person,0.5,0.5,0.1514246165752411,0.447713702917099
710,1775456608.5253258,138,person,0.5,1.0,0.08359504491090775,0.562539279460907
710,1775456608.5253258,206,person,0.5,0.5,0.10843797773122787,0.44126570224761963
710,1775456608.5253258,168,person,0.5,1.0,0.30687469244003296,0.5960311889648438
710,1775456608.5253258,171,person,0.5,0.5,0.16631348431110382,0.4499470293521881
710,1775456608.5253258,223,person,0.5,0.3,0.16247642040252686,0.399371474981308
710,1775456608.5253258,125,person,0.5,0.5,0.03824528306722641,0.43073680996894836
710,1775456608.5253258,222,person,0.8054920434951782,0.6,0.11482664197683334,0.6505192518234253
711,1775456610.2400062,150,person,0.5,0.6,0.08129934221506119,0.46219488978385925
711,1775456610.2400062,157,person,0.5,1.0,0.06853768974542618,0.5602806806564331
711,1775456610.2400062,165,person,0.5,0.5,0.19612273573875427,0.454418420791626
711,1775456610.2400062,138,person,0.5,1.0,0.16204139590263367,0.5743062496185303
711,1775456610.2400062,206,person,0.5,1.0,0.3602587878704071,0.6040388345718384
711,1775456610.2400062,168,person,0.5,1.0,0.14805203676223755,0.5722078084945679
711,1775456610.2400062,171,person,0.5,0.5,0.18353679776191711,0.45253053307533264
711,1775456610.2400062,223,person,0.5,0.3,0.1953362226486206,0.40430042147636414
711,1775456610.2400062,125,person,0.5,0.5,0.13547468185424805,0.4453212022781372
712,1775456611.8398254,150,person,0.5,0.6,0.08989764750003815,0.46348464488983154
712,1775456611.8398254,157,person,0.5,1.0,0.06371001899242401,0.5595565438270569
712,1775456611.8398254,165,person,0.5,0.5,0.134944885969162,0.4452417492866516
712,1775456611.8398254,138,person,0.5,1.0,0.09145087748765945,0.5637176632881165
712,1775456611.8398254,206,person,0.5,1.0,0.09751555323600769,0.5646273493766785
712,1775456611.8398254,168,person,0.5,1.0,0.3163009285926819,0.5974451303482056
712,1775456611.8398254,171,person,0.5,0.5,0.4472598433494568,0.4920889735221863
712,1775456611.8398254,223,person,0.5,0.3,0.15831232070922852,0.3987468481063843
712,1775456611.8398254,125,person,0.5,0.5,0.08444079011678696,0.437666118144989
713,1775456613.5068252,150,person,0.5,0.6,0.09624962508678436,0.46443742513656616
713,1775456613.5068252,157,person,0.5,1.0,0.07713393867015839,0.5615701079368591
713,1775456613.5068252,165,person,0.5,0.5,0.21111047267913818,0.45666658878326416
713,1775456613.5068252,138,person,0.5,1.0,0.1312280297279358,0.5696842074394226
713,1775456613.5068252,206,person,0.5,1.0,0.2535633444786072,0.5880345106124878
713,1775456613.5068252,168,person,0.5,1.0,0.16202819347381592,0.5743042230606079
713,1775456613.5068252,171,person,0.5,0.5,0.4383554458618164,0.49075332283973694
713,1775456613.5068252,223,person,0.5,0.3,0.1964833289384842,0.4044725000858307
713,1775456613.5068252,125,person,0.5,0.5,0.07752648741006851,0.4366289973258972
713,1775456613.5068252,222,person,0.5,1.0,0.08656029403209686,0.562984049320221
714,1775456615.2436616,150,person,0.5,0.6,0.08294890075922012,0.4624423384666443
714,1775456615.2436616,157,person,0.5,1.0,0.09509901702404022,0.5642648935317993
714,1775456615.2436616,165,person,0.5,0.5,0.18794578313827515,0.453191876411438
714,1775456615.2436616,138,person,0.5,1.0,0.14937938749790192,0.5724069476127625
714,1775456615.2436616,206,person,0.5,1.0,0.1350780427455902,0.5702617168426514
714,1775456615.2436616,168,person,0.5,1.0,0.2886802554130554,0.5933020710945129
714,1775456615.2436616,171,person,0.5,0.5,0.3153122365474701,0.4722968339920044
714,1775456615.2436616,223,person,0.5,0.3,0.2110261619091034,0.4066539406776428
714,1775456615.2436616,125,person,0.5,0.5,0.07672902941703796,0.436509370803833
714,1775456615.2436616,222,person,0.5,0.3,0.07352111488580704,0.3860281705856323
715,1775456617.225253,150,person,0.5,0.6,0.11127676069736481,0.4666914939880371
715,1775456617.225253,157,person,0.5,1.0,0.08859141170978546,0.5632887482643127
715,1775456617.225253,165,person,0.5,0.5,0.10576361417770386,0.44086456298828125
715,1775456617.225253,138,person,0.5,1.0,0.14869675040245056,0.5723045468330383
715,1775456617.225253,206,person,0.5,1.0,0.2564167380332947,0.5884625315666199
715,1775456617.225253,168,person,0.5,1.0,0.30729788541793823,0.5960947275161743
715,1775456617.225253,223,person,0.5,0.3,0.21820609271526337,0.40773090720176697
715,1775456617.225253,125,person,0.5,0.5,0.06857147812843323,0.435285747051239
715,1775456617.225253,222,person,0.5,0.5,0.12875090539455414,0.4443126618862152
716,1775456619.003026,150,person,0.5,0.6,0.18886509537696838,0.47832974791526794
716,1775456619.003026,157,person,0.5,1.0,0.126454696059227,0.5689682364463806
716,1775456619.003026,165,person,0.5,0.5,0.06777720153331757,0.435166597366333
716,1775456619.003026,138,person,0.5,1.0,0.16368001699447632,0.5745519995689392
716,1775456619.003026,206,person,0.5,1.0,0.1643093377351761,0.5746464133262634
716,1775456619.003026,168,person,0.5,1.0,0.2639826834201813,0.5895974040031433
716,1775456619.003026,223,person,0.5,0.3,0.31862306594848633,0.422793447971344
716,1775456619.003026,125,person,0.5,0.5,0.11462569236755371,0.442193865776062
716,1775456619.003026,222,person,0.5,0.3,0.1330385059118271,0.3949557840824127
716,1775456619.003026,171,person,0.5,0.5,0.6087570786476135,0.5163135528564453
717,1775456620.7649906,150,person,0.5,0.6,0.16691716015338898,0.4750375747680664
717,1775456620.7649906,157,person,0.5,1.0,0.06330850720405579,0.559496283531189
717,1775456620.7649906,165,person,0.5,0.5,0.09766537696123123,0.4396498203277588
717,1775456620.7649906,138,person,0.5,1.0,0.03712097555398941,0.5555681586265564
717,1775456620.7649906,206,person,0.5,0.5,1.0,0.575
717,1775456620.7649906,168,person,0.5,1.0,0.325730562210083,0.5988596081733704
717,1775456620.7649906,223,person,0.5,0.3,0.3031037151813507,0.4204655587673187
717,1775456620.7649906,125,person,0.5,0.5,0.10915057361125946,0.4413726031780243
717,1775456620.7649906,222,person,0.5,0.3,0.18538489937782288,0.40280774235725403
718,1775456622.5657368,150,person,0.5,0.6,0.08065460622310638,0.4620981812477112
718,1775456622.5657368,157,person,0.5,1.0,0.08584360033273697,0.5628765821456909
718,1775456622.5657368,165,person,0.5,0.5,0.1233149990439415,0.44349727034568787
718,1775456622.5657368,138,person,0.5,1.0,0.10034134238958359,0.5650511980056763
718,1775456622.5657368,206,person,0.5,1.0,0.30746757984161377,0.5961201190948486
718,1775456622.5657368,223,person,0.5,0.3,0.30604296922683716,0.4209064543247223
718,1775456622.5657368,125,person,0.5,0.5,0.11815012991428375,0.44272252917289734
718,1775456622.5657368,222,person,0.5,0.5,0.10201195627450943,0.4403018057346344
719,1775456624.1471863,150,person,0.5,0.6,0.07092688977718353,0.46063902974128723
719,1775456624.1471863,157,person,0.5,1.0,0.06590129435062408,0.5598852038383484
719,1775456624.1471863,165,person,0.5,0.5,0.13306637108325958,0.44495996832847595
719,1775456624.1471863,138,person,0.5,1.0,0.14030689001083374,0.5710460543632507
719,1775456624.1471863,206,person,0.5,1.0,0.1411856859922409,0.5711778402328491
719,1775456624.1471863,223,person,0.5,0.3,0.21834683418273926,0.40775203704833984
719,1775456624.1471863,125,person,0.5,0.5,0.09627584367990494,0.43944138288497925
719,1775456624.1471863,222,person,0.5,0.5,0.07879401743412018,0.4368191063404083
719,1775456624.1471863,168,person,0.5,0.3,0.8091796040534973,0.4963769316673279
720,1775456625.8885047,150,person,0.5,0.6,0.12002761662006378,0.46800413727760315
720,1775456625.8885047,157,person,0.5,1.0,0.3672916889190674,0.605093777179718
720,1775456625.8885047,165,person,0.5,0.5,0.15618684887886047,0.44842803478240967
720,1775456625.8885047,138,person,0.5,1.0,0.06063485145568848,0.5590952634811401
720,1775456625.8885047,206,person,0.5,1.0,0.25670066475868225,0.5885050892829895
720,1775456625.8885047,223,person,0.5,0.3,0.9052732586860657,0.510791003704071
720,1775456625.8885047,125,person,0.5,0.5,0.18085645139217377,0.45212846994400024
720,1775456625.8885047,222,person,0.5,0.5,0.08075209707021713,0.43711283802986145
720,1775456625.8885047,168,person,0.5,0.3,0.33520907163619995,0.4252813756465912
721,1775456627.5361245,150,person,0.5,0.6,0.12030154466629028,0.4680452346801758
721,1775456627.5361245,157,person,0.5,1.0,0.3662332594394684,0.6049349904060364
721,1775456627.5361245,165,person,0.5,0.5,0.15481813251972198,0.44822272658348083
721,1775456627.5361245,138,person,0.5,1.0,0.08536235988140106,0.5628043413162231
721,1775456627.5361245,206,person,0.5,1.0,0.1270774006843567,0.5690616369247437
721,1775456627.5361245,223,person,0.5,0.5,0.5050281882286072,0.5007542371749878
721,1775456627.5361245,125,person,0.5,0.5,0.11459217220544815,0.4421888291835785
721,1775456627.5361245,222,person,0.5,0.5,0.07423316687345505,0.4361349940299988
721,1775456627.5361245,168,person,0.5,0.3,0.4078029692173004,0.43617045879364014
722,1775456629.1182706,150,person,0.5,0.6,0.17327062785625458,0.4759905934333801
722,1775456629.1182706,157,person,0.5,1.0,0.636915922164917,0.6455373764038086
722,1775456629.1182706,165,person,0.5,0.5,0.13090239465236664,0.4446353614330292
722,1775456629.1182706,138,person,0.5,1.0,0.08354756236076355,0.5625321269035339
722,1775456629.1182706,206,person,0.5,1.0,0.10959292948246002,0.5664389729499817
722,1775456629.1182706,223,person,0.5,0.3,0.8904522061347961,0.5085678100585938
722,1775456629.1182706,222,person,0.5,0.5,0.061503082513809204,0.434225469827652
722,1775456629.1182706,168,person,0.5,0.3,0.3634782135486603,0.42952173948287964
723,1775456630.5341597,150,person,0.5,0.6,0.08356495201587677,0.46253472566604614
723,1775456630.5341597,157,person,0.5,0.6,1.0,0.6
723,1775456630.5341597,165,person,0.5,0.5,0.14905960857868195,0.44735896587371826
723,1775456630.5341597,138,person,0.5,1.0,0.27500611543655396,0.5912509560585022
723,1775456630.5341597,206,person,0.5,1.0,0.18141144514083862,0.5772117376327515
723,1775456630.5341597,223,person,0.5,0.3,0.3984573483467102,0.4347686171531677
723,1775456630.5341597,222,person,0.5,0.5,0.16840218007564545,0.45026034116744995
723,1775456630.5341597,168,person,0.5,1.0,0.44392603635787964,0.6165889501571655
724,1775456632.0150645,150,person,0.5,0.6,0.13249675929546356,0.4698745012283325
724,1775456632.0150645,157,person,0.5,0.6,0.11362115293741226,0.4670431613922119
724,1775456632.0150645,165,person,0.5,0.5,0.10089744627475739,0.4401346445083618
724,1775456632.0150645,138,person,0.5,1.0,0.10956545174121857,0.5664348602294922
724,1775456632.0150645,206,person,0.5,1.0,0.0841226726770401,0.5626184344291687
724,1775456632.0150645,223,person,0.5,0.6,0.1498112827539444,0.472471684217453
724,1775456632.0150645,222,person,0.5,0.5,0.1303069293498993,0.44454604387283325
724,1775456632.0150645,168,person,0.5,1.0,0.3365105986595154,0.6004766225814819
724,1775456632.0150645,125,person,0.5,0.5,0.09312896430492401,0.43896934390068054
725,1775456633.647479,150,person,0.5,0.6,0.11053900420665741,0.4665808379650116
725,1775456633.647479,157,person,0.5,0.6,0.2529502511024475,0.48794251680374146
725,1775456633.647479,165,person,0.5,0.5,0.11058109998703003,0.4415871798992157
725,1775456633.647479,138,person,0.5,1.0,0.16331776976585388,0.5744976997375488
725,1775456633.647479,206,person,0.5,1.0,0.10608278214931488,0.5659124255180359
725,1775456633.647479,223,person,0.5,0.3,0.18293890357017517,0.4024408459663391
725,1775456633.647479,222,person,0.5,0.5,0.10204331576824188,0.44030651450157166
725,1775456633.647479,168,person,0.5,0.3,0.31502631306648254,0.42225393652915955
725,1775456633.647479,125,person,0.5,0.5,0.08931230753660202,0.4383968710899353
726,1775456635.2184794,150,person,0.5,0.3,0.129083514213562,0.39436253905296326
726,1775456635.2184794,157,person,0.5,0.6,0.24564452469348907,0.4868466556072235
726,1775456635.2184794,165,person,0.5,0.5,0.2095242291688919,0.4564286470413208
726,1775456635.2184794,138,person,0.5,1.0,0.2189318686723709,0.5828397870063782
726,1775456635.2184794,206,person,0.5,1.0,0.38811418414115906,0.6082171201705933
726,1775456635.2184794,223,person,0.5,0.3,0.15808725357055664,0.398713082075119
726,1775456635.2184794,222,person,0.5,0.5,0.14404089748859406,0.4466061592102051
726,1775456635.2184794,168,person,0.5,0.6,0.38873177766799927,0.5083097815513611
726,1775456635.2184794,125,person,0.5,0.3,0.1258336305618286,0.39387503266334534
726,1775456635.2184794,239,person,0.5,0.3,0.0,0.375
727,1775456636.9065595,150,person,0.5,0.6,0.08649615198373795,0.4629743993282318
727,1775456636.9065595,157,person,0.5,0.6,0.34396618604660034,0.5015949010848999
727,1775456636.9065595,165,person,0.5,0.5,0.4419443607330322,0.49129167199134827
727,1775456636.9065595,138,person,0.5,1.0,0.07417341321706772,0.5611260533332825
727,1775456636.9065595,206,person,0.5,0.6,0.5081989765167236,0.5262298583984375
727,1775456636.9065595,223,person,0.5,0.3,0.06417208164930344,0.3846258223056793
727,1775456636.9065595,222,person,0.5,0.5,0.14914672076702118,0.4473720192909241
727,1775456636.9065595,168,person,0.5,1.0,0.36987942457199097,0.6054819226264954
727,1775456636.9065595,125,person,0.5,0.5,0.1796548217535019,0.45194822549819946
727,1775456636.9065595,239,person,0.5,0.3,0.46086421608924866,0.4441296458244324
728,1775456638.648642,150,person,0.5,0.6,0.14291074872016907,0.47143658995628357
728,1775456638.648642,157,person,0.5,1.0,0.1687544584274292,0.5753132104873657
728,1775456638.648642,165,person,0.5,0.5,0.3435817360877991,0.47653728723526
728,1775456638.648642,138,person,0.5,1.0,0.13144314289093018,0.5697164535522461
728,1775456638.648642,206,person,0.5,0.6,0.3279743194580078,0.4991961419582367
728,1775456638.648642,223,person,0.5,0.6,0.115473173558712,0.46732097864151
728,1775456638.648642,222,person,0.5,0.5,0.1475222408771515,0.4471283555030823
728,1775456638.648642,168,person,0.5,1.0,0.4484308362007141,0.6172646284103394
728,1775456638.648642,125,person,0.5,0.5,0.08008886873722076,0.43701332807540894
728,1775456638.648642,239,person,0.5,0.3,0.374910444021225,0.4312365651130676
729,1775456640.4612334,150,person,0.5,0.6,0.17521747946739197,0.47628259658813477
729,1775456640.4612334,157,person,0.5,1.0,0.30626389384269714,0.595939576625824
729,1775456640.4612334,165,person,0.5,0.5,0.41387811303138733,0.48708173632621765
729,1775456640.4612334,138,person,0.5,1.0,0.094152070581913,0.5641227960586548
729,1775456640.4612334,206,person,0.5,0.5,0.1965174525976181,0.4544776380062103
729,1775456640.4612334,223,person,0.5,0.6,0.11786322295665741,0.4676794707775116
729,1775456640.4612334,222,person,0.5,0.5,0.08942890912294388,0.4384143352508545
729,1775456640.4612334,168,person,0.5,0.5,0.530365526676178,0.5045548677444458
729,1775456640.4612334,125,person,0.5,0.5,0.19920198619365692,0.4548802971839905
729,1775456640.4612334,239,person,0.5,0.6,0.44401708245277405,0.5166025757789612
730,1775456642.2805328,150,person,0.5,0.6,0.13029371201992035,0.46954405307769775
730,1775456642.2805328,157,person,0.5,1.0,0.35783761739730835,0.6036756634712219
730,1775456642.2805328,165,person,0.5,0.5,0.3560587763786316,0.4784088432788849
730,1775456642.2805328,138,person,0.5,1.0,0.11987219005823135,0.5679808259010315
730,1775456642.2805328,206,person,0.5,1.0,0.23731811344623566,0.5855977535247803
730,1775456642.2805328,223,person,0.5,0.3,0.1083533987402916,0.3912530243396759
730,1775456642.2805328,222,person,0.5,0.6,0.1133718341588974,0.46700575947761536
730,1775456642.2805328,168,person,0.5,0.5,0.5101232528686523,0.5015184879302979
730,1775456642.2805328,125,person,0.5,0.5,0.061429183930158615,0.43421438336372375
730,1775456642.2805328,239,person,0.5,0.3,0.6115972995758057,0.46673959493637085
731,1775456644.0115604,150,person,0.5,0.6,0.15426385402679443,0.47313955426216125
731,1775456644.0115604,157,person,0.5,1.0,0.3883049786090851,0.6082457304000854
731,1775456644.0115604,165,person,0.5,0.3,0.3815450072288513,0.43223175406455994
731,1775456644.0115604,138,person,0.5,1.0,0.18646076321601868,0.5779691338539124
731,1775456644.0115604,206,person,0.5,1.0,0.18467000126838684,0.5777004957199097
731,1775456644.0115604,223,person,0.5,0.6,0.09869943559169769,0.46480491757392883
731,1775456644.0115604,222,person,0.5,0.5,0.20060095191001892,0.45509016513824463
731,1775456644.0115604,168,person,0.5,0.5,0.6055586934089661,0.5158337950706482
732,1775456645.3863976,150,person,0.5,0.6,0.09387391060590744,0.4640810787677765
732,1775456645.3863976,157,person,0.5,1.0,0.2736535966396332,0.5910480618476868
732,1775456645.3863976,165,person,0.5,0.5,0.32650747895240784,0.47397613525390625
732,1775456645.3863976,138,person,0.5,1.0,0.12335840612649918,0.5685037970542908
732,1775456645.3863976,206,person,0.5,1.0,0.4097529351711273,0.6114629507064819
732,1775456645.3863976,223,person,0.5,0.3,0.0744006484746933,0.38616010546684265
732,1775456645.3863976,222,person,0.5,0.3,0.15941792726516724,0.3989126980304718
732,1775456645.3863976,168,person,0.5,0.5,0.5066168308258057,0.5009925365447998
732,1775456645.3863976,239,person,0.5,0.3,0.6386982798576355,0.47080475091934204
733,1775456647.0037413,150,person,0.5,0.6,0.23798954486846924,0.4856984317302704
733,1775456647.0037413,157,person,0.5,1.0,0.3059767782688141,0.5958965420722961
733,1775456647.0037413,165,person,0.5,0.3,0.3852699398994446,0.43279048800468445
733,1775456647.0037413,138,person,0.5,1.0,0.15267595648765564,0.5729014277458191
733,1775456647.0037413,206,person,0.5,0.6,0.17922475934028625,0.4768837094306946
733,1775456647.0037413,223,person,0.5,0.3,0.1549369990825653,0.3982405662536621
733,1775456647.0037413,222,person,0.5,0.6,0.11694557964801788,0.46754181385040283
733,1775456647.0037413,168,person,0.5,0.5,0.5057247281074524,0.500858724117279
733,1775456647.0037413,239,person,0.5,0.3,0.4401557445526123,0.4410233497619629
734,1775456648.5634112,150,person,0.5,0.6,0.21075162291526794,0.4816127419471741
734,1775456648.5634112,157,person,0.5,1.0,0.22257199883460999,0.5833858251571655
734,1775456648.5634112,165,person,0.5,0.5,0.2990686297416687,0.469860315322876
734,1775456648.5634112,138,person,0.5,1.0,0.0684821754693985,0.5602723360061646
734,1775456648.5634112,206,person,0.5,0.6,0.19245973229408264,0.4788689613342285
734,1775456648.5634112,223,person,0.5,0.3,0.14057913422584534,0.3960868716239929
734,1775456648.5634112,222,person,0.5,0.3,0.07001703232526779,0.38550254702568054
734,1775456648.5634112,168,person,0.5,0.5,0.49049752950668335,0.4985746443271637
734,1775456648.5634112,239,person,0.5,0.3,0.44908565282821655,0.44236284494400024
734,1775456648.5634112,125,person,0.9633931517601013,0.5,0.06669764220714569,0.7130405306816101
735,1775456650.2465813,150,person,0.5,0.6,0.16262391209602356,0.4743935763835907
735,1775456650.2465813,157,person,0.5,0.6,0.24957899749279022,0.48743683099746704
735,1775456650.2465813,165,person,0.5,0.3,0.33288735151290894,0.4249331057071686
735,1775456650.2465813,138,person,0.5,1.0,0.1680585891008377,0.5752087831497192
735,1775456650.2465813,206,person,0.5,0.6,0.80305016040802,0.5704575181007385
735,1775456650.2465813,223,person,0.5,0.3,0.09803555905818939,0.3897053301334381
735,1775456650.2465813,222,person,0.5,0.3,0.0722915530204773,0.3858437240123749
735,1775456650.2465813,168,person,0.5,0.5,0.3327638506889343,0.4749145805835724
735,1775456650.2465813,239,person,0.5,0.5,0.2883300185203552,0.46824949979782104
735,1775456650.2465813,125,person,0.5,0.5,0.04615468531847,0.4319232106208801
736,1775456651.9366148,150,person,0.5,0.6,0.11032114177942276,0.4665481448173523
736,1775456651.9366148,157,person,0.5,1.0,0.2377234697341919,0.5856585502624512
736,1775456651.9366148,138,person,0.5,1.0,0.14537271857261658,0.5718058943748474
736,1775456651.9366148,206,person,0.5,0.6,0.42460888624191284,0.5136913061141968
736,1775456651.9366148,223,person,0.5,0.3,0.07851822674274445,0.38677772879600525
736,1775456651.9366148,222,person,0.5,0.5,0.10537101328372955,0.44080567359924316
736,1775456651.9366148,168,person,0.5,0.5,0.5777751207351685,0.5116662979125977
736,1775456651.9366148,239,person,0.5,0.5,0.2528154253959656,0.4629223346710205
737,1775456653.3532748,150,person,0.5,0.6,0.23116548359394073,0.4846748113632202
737,1775456653.3532748,157,person,0.5,1.0,0.23608127236366272,0.5854122042655945
737,1775456653.3532748,138,person,0.5,1.0,0.3154272437095642,0.5973141193389893
737,1775456653.3532748,206,person,0.5,1.0,0.30722808837890625,0.5960842370986938
737,1775456653.3532748,223,person,0.5,0.3,0.07490698248147964,0.3862360417842865
737,1775456653.3532748,222,person,0.5,0.5,0.14897486567497253,0.4473462402820587
737,1775456653.3532748,168,person,0.5,0.5,0.590362012386322,0.5135543346405029
737,1775456653.3532748,239,person,0.5,0.3,0.3576408326625824,0.42864611744880676
737,1775456653.3532748,125,person,0.5,0.5,0.17148107290267944,0.45072218775749207
738,1775456654.9590228,150,person,0.5,0.6,0.0843028575181961,0.46264541149139404
738,1775456654.9590228,157,person,0.5,1.0,0.16855400800704956,0.5752831101417542
738,1775456654.9590228,138,person,0.5,1.0,0.07132326066493988,0.5606985092163086
738,1775456654.9590228,206,person,0.5,1.0,0.2251465767621994,0.5837720036506653
738,1775456654.9590228,223,person,0.5,0.3,0.05168559029698372,0.38275283575057983
738,1775456654.9590228,222,person,0.5,0.5,0.18963177502155304,0.45344477891921997
738,1775456654.9590228,168,person,0.5,0.5,0.6999220252037048,0.5299882888793945
738,1775456654.9590228,239,person,0.5,0.3,0.22540540993213654,0.4088108241558075
738,1775456654.9590228,125,person,0.5,0.5,0.09248505532741547,0.4388727843761444
738,1775456654.9590228,165,person,0.5,0.5,0.5404127240180969,0.5060619115829468
739,1775456656.6839697,150,person,0.5,0.6,0.19253897666931152,0.4788808226585388
739,1775456656.6839697,157,person,0.5,1.0,0.17489030957221985,0.5762335658073425
739,1775456656.6839697,138,person,0.5,1.0,0.12865886092185974,0.5692988634109497
739,1775456656.6839697,206,person,0.5,0.5,0.1979275941848755,0.4546891450881958
739,1775456656.6839697,223,person,0.5,0.6,0.09028423577547073,0.4635426104068756
739,1775456656.6839697,222,person,0.5,0.5,0.13637524843215942,0.44545629620552063
739,1775456656.6839697,168,person,0.5,0.5,0.5299909710884094,0.5044986605644226
739,1775456656.6839697,239,person,0.5,0.6,0.23736397922039032,0.48560458421707153
739,1775456656.6839697,165,person,0.5,0.5,0.3342709243297577,0.47514066100120544
740,1775456659.00606,150,person,0.5,0.6,0.12195174396038055,0.4682927429676056
740,1775456659.00606,157,person,0.5,1.0,0.13752898573875427,0.570629358291626
740,1775456659.00606,138,person,0.5,1.0,0.11943528801202774,0.5679153203964233
740,1775456659.00606,206,person,0.5,0.6,0.13816063106060028,0.47072407603263855
740,1775456659.00606,223,person,0.5,0.6,0.06206955388188362,0.4593104124069214
740,1775456659.00606,222,person,0.5,0.5,0.1276988834142685,0.44415485858917236
740,1775456659.00606,168,person,0.5,0.5,0.13982123136520386,0.4459731876850128
740,1775456659.00606,239,person,0.8397752046585083,0.6,0.11785109341144562,0.671542763710022
740,1775456659.00606,165,person,0.5,0.5,0.6774595379829407,0.5266189575195312
740,1775456659.00606,125,person,0.5,0.5,0.5563567876815796,0.5084535479545593
741,1775456661.102074,150,person,0.5,0.6,0.08538229763507843,0.4628073275089264
741,1775456661.102074,157,person,0.5,0.6,0.1538017988204956,0.47307026386260986
741,1775456661.102074,138,person,0.5,1.0,0.11645694077014923,0.567468523979187
741,1775456661.102074,206,person,0.5,0.6,0.1421210765838623,0.47131815552711487
741,1775456661.102074,223,person,0.5,0.6,0.0898011177778244,0.4634701609611511
741,1775456661.102074,222,person,0.5,0.5,0.12310142815113068,0.4434652328491211
741,1775456661.102074,168,person,0.5,0.5,0.14885550737380981,0.4473283290863037
741,1775456661.102074,239,person,0.896923840045929,0.6,0.10813474655151367,0.7043744921684265
741,1775456661.102074,165,person,0.5,0.5,0.506884753704071,0.5010327100753784
741,1775456661.102074,125,person,0.5,0.5,0.08717799931764603,0.4380767047405243
742,1775456664.67007,150,person,0.5,0.6,0.22519341111183167,0.48377901315689087
742,1775456664.67007,157,person,0.5,1.0,0.06255153566598892,0.5593827366828918
742,1775456664.67007,138,person,0.5,1.0,0.08239797502756119,0.5623596906661987
742,1775456664.67007,206,person,0.5,0.6,0.10524068027734756,0.4657860994338989
742,1775456664.67007,223,person,0.5,0.6,0.10955395549535751,0.4664330780506134
742,1775456664.67007,222,person,0.5,0.5,0.12169114500284195,0.44325369596481323
742,1775456664.67007,168,person,0.5,0.5,0.07840399444103241,0.4367606043815613
742,1775456664.67007,239,person,0.8452440500259399,0.3,0.18994200229644775,0.6106377243995667
742,1775456664.67007,165,person,0.5,0.5,0.20561483502388,0.4558422267436981
743,1775456667.379541,150,person,0.5,0.6,1.0,0.6
743,1775456667.379541,157,person,0.5,0.6,0.16884827613830566,0.4753272235393524
743,1775456667.379541,138,person,0.5,1.0,0.1304354965686798,0.5695653557777405
743,1775456667.379541,206,person,0.5,0.5,0.12569861114025116,0.44385480880737305
743,1775456667.379541,223,person,0.5,0.6,0.07430185377597809,0.461145281791687
743,1775456667.379541,222,person,0.5,0.5,0.06310410797595978,0.434465616941452
743,1775456667.379541,168,person,0.5,0.5,0.08636897802352905,0.4379553496837616
743,1775456667.379541,239,person,0.8545539379119873,0.3,0.0915553867816925,0.6014657020568848
743,1775456667.379541,165,person,0.5,0.5,0.06573807448148727,0.4348607361316681
743,1775456667.379541,125,person,0.5,0.5,0.4402407705783844,0.4910361170768738
744,1775456669.7731638,150,person,0.5,0.6,0.565308690071106,0.5347962975502014
744,1775456669.7731638,157,person,0.5,0.6,0.07667701691389084,0.4615015387535095
744,1775456669.7731638,138,person,0.5,1.0,0.15614525973796844,0.5734217762947083
744,1775456669.7731638,206,person,0.5,0.5,0.15217013657093048,0.44782552123069763
744,1775456669.7731638,223,person,0.5,0.3,0.03623638302087784,0.3804354667663574
744,1775456669.7731638,222,person,0.5,0.5,0.11044760793447495,0.44156715273857117
744,1775456669.7731638,168,person,0.5,0.5,0.11765502393245697,0.4426482617855072
744,1775456669.7731638,239,person,0.775661289691925,0.3,0.09802593290805817,0.5551006197929382
744,1775456669.7731638,165,person,0.5,0.5,0.12943942844867706,0.4444159269332886
744,1775456669.7731638,125,person,0.5,0.5,0.6888760328292847,0.5283313989639282
745,1775456671.704445,150,person,0.5,0.6,0.15771690011024475,0.4736575186252594
745,1775456671.704445,157,person,0.5,1.0,0.1306312531232834,0.56959468126297
745,1775456671.704445,138,person,0.5,1.0,0.14717510342597961,0.5720762610435486
745,1775456671.704445,206,person,0.5,0.6,0.19484536349773407,0.4792267978191376
745,1775456671.704445,223,person,0.5,0.6,0.0821489542722702,0.46232232451438904
745,1775456671.704445,222,person,0.5,0.5,0.058121562004089355,0.4337182343006134
745,1775456671.704445,168,person,0.5,0.5,0.09078064560890198,0.43861711025238037
745,1775456671.704445,239,person,0.881205677986145,0.3,0.18399032950401306,0.6313219666481018
745,1775456671.704445,165,person,0.5,0.5,0.10369986295700073,0.44055500626564026
745,1775456671.704445,125,person,0.5,0.5,0.2760973870754242,0.4664146304130554
746,1775456673.7333224,150,person,0.5,0.6,0.6644119024276733,0.5496617555618286
746,1775456673.7333224,157,person,0.5,1.0,0.1847711056470871,0.5777156949043274
746,1775456673.7333224,138,person,0.5,1.0,0.08296852558851242,0.5624452829360962
746,1775456673.7333224,206,person,0.5,0.6,1.0,0.6
746,1775456673.7333224,223,person,0.5,0.6,0.05858101695775986,0.45878714323043823
746,1775456673.7333224,222,person,0.5,0.5,0.12579098343849182,0.4438686668872833
746,1775456673.7333224,168,person,0.5,0.5,0.08678360283374786,0.4380175471305847
746,1775456673.7333224,239,person,0.5,0.3,0.0537133626639843,0.38305699825286865
746,1775456673.7333224,165,person,0.5,0.5,0.11542346328496933,0.4423135221004486
746,1775456673.7333224,125,person,0.5,0.5,0.11953632533550262,0.4429304599761963
747,1775456675.6404305,150,person,0.5,0.6,0.6171806454658508,0.5425770878791809
747,1775456675.6404305,157,person,0.5,1.0,0.2691262662410736,0.590368926525116
747,1775456675.6404305,138,person,0.5,1.0,0.06672914326190948,0.5600093603134155
747,1775456675.6404305,206,person,0.5,1.0,0.5584048628807068,0.6337607502937317
747,1775456675.6404305,223,person,0.5,0.3,0.06641074270009995,0.3849616050720215
747,1775456675.6404305,222,person,0.5,0.5,0.11575363576412201,0.44236305356025696
747,1775456675.6404305,168,person,0.5,0.5,0.2581239938735962,0.46371862292289734
747,1775456675.6404305,239,person,0.9932743906974792,0.3,0.13513794541358948,0.691235363483429
747,1775456675.6404305,165,person,0.5,0.5,0.3593762516975403,0.47890645265579224
747,1775456675.6404305,125,person,0.5,0.5,0.2669646441936493,0.46504470705986023
748,1775456677.834322,150,person,0.5,0.6,0.6501368880271912,0.5475205183029175
748,1775456677.834322,157,person,0.5,1.0,0.35341158509254456,0.6030117273330688
748,1775456677.834322,138,person,0.5,1.0,0.09302116185426712,0.563953161239624
748,1775456677.834322,206,person,0.5,1.0,0.45140305161476135,0.6177104711532593
748,1775456677.834322,223,person,0.5,0.3,0.18966713547706604,0.403450071811676
748,1775456677.834322,222,person,0.5,0.5,0.17461858689785004,0.45119279623031616
748,1775456677.834322,168,person,0.5,0.5,0.2956816554069519,0.46935224533081055
748,1775456677.834322,239,person,0.5,0.6,0.08058644831180573,0.4620879590511322
748,1775456677.834322,165,person,0.5,0.5,0.21309241652488708,0.4569638669490814
748,1775456677.834322,125,person,0.5,0.5,0.5017117261886597,0.5002567768096924
749,1775456679.8950074,150,person,0.5,0.3,0.45795226097106934,0.4436928331851959
749,1775456679.8950074,157,person,0.5,1.0,0.2982538938522339,0.5947381258010864
749,1775456679.8950074,138,person,0.5,1.0,0.17161652445793152,0.5757424831390381
749,1775456679.8950074,206,person,0.5,0.6,0.3651885986328125,0.504778265953064
749,1775456679.8950074,223,person,0.5,0.3,0.11138461530208588,0.3917076885700226
749,1775456679.8950074,222,person,0.5,0.5,0.1550593078136444,0.4482589066028595
749,1775456679.8950074,239,person,0.5,0.6,0.2077864706516266,0.4811679720878601
749,1775456679.8950074,165,person,0.5,0.5,0.25308459997177124,0.46296268701553345
749,1775456679.8950074,125,person,0.5,0.5,0.6399609446525574,0.5209941864013672
750,1775456681.8146098,150,person,0.5,0.6,0.28064581751823425,0.492096871137619
750,1775456681.8146098,157,person,0.5,1.0,0.34315794706344604,0.6014736890792847
750,1775456681.8146098,138,person,0.5,1.0,0.17573398351669312,0.5763601064682007
750,1775456681.8146098,206,person,0.5,1.0,0.7213531732559204,0.6582030057907104
750,1775456681.8146098,223,person,0.5,0.3,0.09215682744979858,0.388823539018631
750,1775456681.8146098,222,person,0.5,0.5,0.14330536127090454,0.44649583101272583
750,1775456681.8146098,239,person,0.5,0.3,0.16930004954338074,0.400395005941391
750,1775456681.8146098,125,person,0.5,0.5,0.19492271542549133,0.4542384147644043
751,1775456683.416935,150,person,0.5,0.6,0.2109939157962799,0.4816490709781647
751,1775456683.416935,157,person,0.5,1.0,0.4119493365287781,0.6117924451828003
751,1775456683.416935,138,person,0.5,1.0,0.11930966377258301,0.5678964853286743
751,1775456683.416935,206,person,0.5,1.0,0.3228447735309601,0.5984266996383667
751,1775456683.416935,223,person,0.5,0.3,0.08417068421840668,0.3876256048679352
751,1775456683.416935,222,person,0.5,0.5,0.13088126480579376,0.4446322023868561
751,1775456683.416935,239,person,0.5,0.3,0.11396242678165436,0.39209437370300293
751,1775456683.416935,125,person,0.5,0.5,0.11603587865829468,0.4424054026603699
752,1775456685.3739405,150,person,0.5,0.6,0.297076940536499,0.4945615231990814
752,1775456685.3739405,157,person,0.5,0.6,0.3636566996574402,0.5045484900474548
752,1775456685.3739405,138,person,0.5,1.0,0.14211569726467133,0.5713173747062683
752,1775456685.3739405,206,person,0.5,0.5,0.41094326972961426,0.4866414964199066
752,1775456685.3739405,223,person,0.5,0.6,0.1201273649930954,0.4680190980434418
752,1775456685.3739405,222,person,0.5,0.5,0.034975335001945496,0.4302463233470917
752,1775456685.3739405,239,person,0.5,0.3,0.045598652213811874,0.3818398118019104
752,1775456685.3739405,125,person,0.7679740190505981,0.5,0.10535955429077148,0.6015883684158325
753,1775456687.5397446,150,person,0.5,0.6,0.14974455535411835,0.47246167063713074
753,1775456687.5397446,157,person,0.5,0.6,0.31577596068382263,0.49736636877059937
753,1775456687.5397446,138,person,0.5,1.0,0.07704992592334747,0.5615575313568115
753,1775456687.5397446,206,person,0.5,0.5,0.2842458486557007,0.4676368832588196
753,1775456687.5397446,223,person,0.5,0.6,0.06537462025880814,0.4598061740398407
753,1775456687.5397446,222,person,0.5,0.5,0.0382281057536602,0.43073421716690063
753,1775456687.5397446,239,person,0.5,0.3,0.16295373439788818,0.3994430601596832
753,1775456687.5397446,125,person,0.5,0.5,0.09482680261135101,0.4392240345478058
754,1775456689.1309295,150,person,0.5,0.6,0.08724691718816757,0.4630870223045349
754,1775456689.1309295,157,person,0.5,0.3,0.3392442762851715,0.4258866310119629
754,1775456689.1309295,138,person,0.5,1.0,0.191165030002594,0.5786747932434082
754,1775456689.1309295,206,person,0.5,0.5,0.11989407241344452,0.44298413395881653
754,1775456689.1309295,223,person,0.5,0.6,0.09791351854801178,0.4646870195865631
754,1775456689.1309295,222,person,0.5,0.5,0.045793138444423676,0.4318689703941345
754,1775456689.1309295,239,person,0.5,0.3,0.10534952580928802,0.39080244302749634
754,1775456689.1309295,125,person,0.5,0.5,0.10567174106836319,0.44085076451301575
755,1775456690.6938007,150,person,0.5,0.6,0.13574017584323883,0.47036102414131165
755,1775456690.6938007,157,person,0.5,0.6,0.29286259412765503,0.493929386138916
755,1775456690.6938007,138,person,0.5,1.0,0.1376749575138092,0.5706512331962585
755,1775456690.6938007,206,person,0.5,0.5,0.16608349978923798,0.44991254806518555
755,1775456690.6938007,223,person,0.5,0.3,0.0735958144068718,0.3860393762588501
755,1775456690.6938007,222,person,0.5,0.5,0.12571536004543304,0.4438573122024536
755,1775456690.6938007,239,person,0.5,0.6,0.07375248521566391,0.46106284856796265
755,1775456690.6938007,125,person,0.5,0.5,0.09715684503316879,0.4395735263824463
756,1775456692.1269038,150,person,0.5,0.6,0.12470503896474838,0.4687057435512543
756,1775456692.1269038,157,person,0.5,1.0,0.30492761731147766,0.5957391262054443
756,1775456692.1269038,138,person,0.5,1.0,0.06454508006572723,0.55968177318573
756,1775456692.1269038,206,person,0.5,0.5,0.10897229611873627,0.44134587049484253
756,1775456692.1269038,223,person,0.5,0.6,0.08335388451814651,0.4625030755996704
756,1775456692.1269038,222,person,0.5,0.5,0.1604691445827484,0.44907039403915405
756,1775456692.1269038,239,person,0.5,0.6,0.11484618484973907,0.46722692251205444
756,1775456692.1269038,125,person,0.5,0.5,0.06684844195842743,0.43502727150917053
757,1775456693.6573412,150,person,0.5,0.6,0.12832126021385193,0.4692481756210327
757,1775456693.6573412,157,person,0.5,0.5,0.3396276831626892,0.4759441614151001
757,1775456693.6573412,138,person,0.5,1.0,0.14799022674560547,0.5721985697746277
757,1775456693.6573412,206,person,0.5,0.6,0.276515394449234,0.4914773106575012
757,1775456693.6573412,223,person,0.5,0.3,0.09047526866197586,0.38857129216194153
757,1775456693.6573412,222,person,0.5,0.5,0.15238633751869202,0.44785797595977783
757,1775456693.6573412,239,person,0.5,0.6,0.09178034216165543,0.46376705169677734
757,1775456693.6573412,125,person,0.5,0.5,0.08896628022193909,0.43834495544433594
758,1775456695.0858958,150,person,0.5,0.6,0.12696020305156708,0.469044029712677
758,1775456695.0858958,157,person,0.5,1.0,0.34816041588783264,0.6022240519523621
758,1775456695.0858958,138,person,0.5,1.0,0.10680258274078369,0.5660203695297241
758,1775456695.0858958,206,person,0.5,0.5,0.2035692036151886,0.4555353820323944
758,1775456695.0858958,223,person,0.5,0.6,0.15430748462677002,0.47314611077308655
758,1775456695.0858958,222,person,0.5,0.5,0.0719832107424736,0.43579748272895813
758,1775456695.0858958,239,person,0.5,0.6,0.32042983174324036,0.49806445837020874
758,1775456695.0858958,125,person,0.5,0.5,0.05306999012827873,0.43296051025390625
759,1775456696.5254161,150,person,0.5,0.6,0.16583307087421417,0.47487494349479675
759,1775456696.5254161,157,person,0.5,1.0,0.3405894637107849,0.6010884046554565
759,1775456696.5254161,138,person,0.5,1.0,0.27326518297195435,0.5909897685050964
759,1775456696.5254161,206,person,0.5,0.5,0.22926604747772217,0.45938992500305176
759,1775456696.5254161,223,person,0.5,0.6,0.17559048533439636,0.47633856534957886
759,1775456696.5254161,222,person,0.5,0.5,0.12231707572937012,0.4433475732803345
759,1775456696.5254161,239,person,0.5,0.6,0.08640951663255692,0.4629614055156708
759,1775456696.5254161,125,person,0.5,0.5,0.1191617026925087,0.4428742527961731
760,1775456697.9626968,150,person,0.5,0.6,0.10638062655925751,0.46595707535743713
760,1775456697.9626968,157,person,0.5,0.5,0.32426053285598755,0.4736391007900238
760,1775456697.9626968,138,person,0.5,1.0,0.12240232527256012,0.5683603882789612
760,1775456697.9626968,206,person,0.5,0.5,0.184658020734787,0.4526987075805664
760,1775456697.9626968,223,person,0.5,0.3,0.14897707104682922,0.397346556186676
760,1775456697.9626968,222,person,0.5,0.5,0.12741999328136444,0.44411301612854004
760,1775456697.9626968,239,person,0.5,0.6,0.5426333546638489,0.5313950181007385
760,1775456697.9626968,125,person,0.5,0.5,0.02335677109658718,0.42850351333618164
761,1775456699.385914,150,person,0.5,0.6,0.18398872017860413,0.47759830951690674
761,1775456699.385914,157,person,0.5,0.5,0.35772377252578735,0.4786585867404938
761,1775456699.385914,138,person,0.5,1.0,0.13094407320022583,0.569641649723053
761,1775456699.385914,206,person,0.5,0.6,0.43523460626602173,0.5152851939201355
761,1775456699.385914,223,person,0.5,0.3,0.0674402266740799,0.3851160407066345
761,1775456699.385914,222,person,0.5,0.5,0.07859478145837784,0.43678921461105347
761,1775456699.385914,239,person,0.5,0.6,0.11725443601608276,0.4675881564617157
761,1775456699.385914,125,person,0.5,0.5,0.14302481710910797,0.4464537501335144
762,1775456700.868498,150,person,0.5,0.6,0.1568591296672821,0.4735288619995117
762,1775456700.868498,157,person,0.5,0.5,0.386210173368454,0.48293155431747437
762,1775456700.868498,138,person,0.5,1.0,0.10266277939081192,0.5653994083404541
762,1775456700.868498,206,person,0.5,0.6,0.5255833268165588,0.5288375020027161
762,1775456700.868498,223,person,0.5,0.3,0.06352847069501877,0.3845292627811432
762,1775456700.868498,222,person,0.5,0.5,0.10241154581308365,0.44036173820495605
762,1775456700.868498,239,person,0.5,0.6,0.3533613979816437,0.5030041933059692
762,1775456700.868498,125,person,0.5,0.5,0.0902184247970581,0.4385327696800232
763,1775456702.3086624,150,person,0.5,0.6,0.24580533802509308,0.48687079548835754
763,1775456702.3086624,157,person,0.5,0.5,0.33048364520072937,0.4745725691318512
763,1775456702.3086624,138,person,0.5,1.0,0.1999860405921936,0.5799978971481323
763,1775456702.3086624,206,person,0.5,0.6,0.10208314657211304,0.4653124511241913
763,1775456702.3086624,223,person,0.5,0.6,0.13811273872852325,0.4707168936729431
763,1775456702.3086624,222,person,0.5,0.5,0.1528666913509369,0.4479300081729889
763,1775456702.3086624,239,person,0.5,0.6,0.14368028938770294,0.4715520441532135
763,1775456702.3086624,125,person,0.5,0.5,0.09395712614059448,0.43909358978271484
764,1775456703.8423643,150,person,0.5,0.6,0.6342653632164001,0.5451397895812988
764,1775456703.8423643,157,person,0.5,0.5,0.31973597407341003,0.4729604125022888
764,1775456703.8423643,138,person,0.5,1.0,0.15748247504234314,0.5736224055290222
764,1775456703.8423643,206,person,0.5,0.6,0.36170557141304016,0.5042558312416077
764,1775456703.8423643,223,person,0.5,0.6,0.09385271370410919,0.464077889919281
764,1775456703.8423643,222,person,0.5,0.5,0.13583256304264069,0.44537490606307983
764,1775456703.8423643,239,person,0.5,0.6,0.07953812927007675,0.4619307219982147
764,1775456703.8423643,125,person,0.5,0.5,0.034783411771059036,0.43021753430366516
765,1775456705.4453619,150,person,0.5,0.6,0.3909316658973694,0.5086397528648376
765,1775456705.4453619,157,person,0.5,0.5,0.38585102558135986,0.4828776717185974
765,1775456705.4453619,138,person,0.5,1.0,0.4242922365665436,0.6136438250541687
765,1775456705.4453619,206,person,0.5,0.5,0.46771544218063354,0.4951573312282562
765,1775456705.4453619,223,person,0.5,0.6,0.14151248335838318,0.47122687101364136
765,1775456705.4453619,222,person,0.5,0.5,0.04301837086677551,0.43145278096199036
765,1775456705.4453619,239,person,0.5,0.3,0.24477270245552063,0.41171589493751526
765,1775456705.4453619,125,person,0.5,0.5,0.07782129943370819,0.43667319416999817
766,1775456706.8843665,150,person,0.5,0.6,0.16407331824302673,0.47461098432540894
766,1775456706.8843665,157,person,0.5,0.5,0.32615819573402405,0.4739237427711487
766,1775456706.8843665,138,person,0.5,1.0,0.3205213248729706,0.598078191280365
766,1775456706.8843665,206,person,0.5,0.5,0.3099507689476013,0.47149261832237244
766,1775456706.8843665,223,person,0.5,0.6,0.16396866738796234,0.4745952785015106
766,1775456706.8843665,222,person,0.5,0.5,0.14895734190940857,0.4473436176776886
766,1775456706.8843665,239,person,0.5,0.6,0.2008497416973114,0.4801274538040161
766,1775456706.8843665,125,person,0.5,0.5,0.047126349061727524,0.43206897377967834
767,1775456708.3231108,150,person,0.5,0.6,0.1533213108778,0.47299817204475403
767,1775456708.3231108,157,person,0.5,0.5,0.24376638233661652,0.46156495809555054
767,1775456708.3231108,138,person,0.5,1.0,0.1554509550333023,0.5733176469802856
767,1775456708.3231108,206,person,0.5,0.5,0.16481506824493408,0.4497222602367401
767,1775456708.3231108,223,person,0.5,0.6,0.06530795991420746,0.4597961902618408
767,1775456708.3231108,222,person,0.5,0.5,0.12504175305366516,0.4437562823295593
767,1775456708.3231108,239,person,0.9434343576431274,0.3,0.26883912086486816,0.6813864707946777
767,1775456708.3231108,125,person,0.5,0.5,0.048587653785943985,0.43228816986083984
768,1775456709.9033437,150,person,0.5,0.6,0.15818403661251068,0.47372758388519287
768,1775456709.9033437,157,person,0.5,0.5,0.2756485044956207,0.46634727716445923
768,1775456709.9033437,138,person,0.5,1.0,0.1271362602710724,0.5690704584121704
768,1775456709.9033437,206,person,0.5,0.5,0.16608823835849762,0.44991326332092285
768,1775456709.9033437,223,person,0.5,0.6,0.13032156229019165,0.46954822540283203
768,1775456709.9033437,222,person,0.5,0.5,0.08169065415859222,0.4372536242008209
768,1775456709.9033437,239,person,0.5,0.6,0.056715261191129684,0.4585072696208954
768,1775456709.9033437,125,person,0.5,0.5,0.18607762455940247,0.4529116451740265
769,1775456712.0424821,150,person,0.5,0.6,0.0760711058974266,0.46141064167022705
769,1775456712.0424821,157,person,0.5,0.5,0.28099533915519714,0.4671493172645569
769,1775456712.0424821,138,person,0.5,1.0,0.1851939857006073,0.5777791142463684
769,1775456712.0424821,206,person,0.5,0.5,0.130502387881279,0.44457536935806274
769,1775456712.0424821,223,person,0.5,0.6,0.09096120297908783,0.4636441767215729
769,1775456712.0424821,222,person,0.5,0.5,0.10356734693050385,0.44053512811660767
769,1775456712.0424821,239,person,0.5,0.6,0.12740103900432587,0.4691101312637329
769,1775456712.0424821,125,person,0.5,0.5,0.09010384976863861,0.4385156035423279
770,1775456714.4080784,150,person,0.5,0.6,0.12267424166202545,0.46840113401412964
770,1775456714.4080784,157,person,0.5,0.5,0.23579725623130798,0.4603695869445801
770,1775456714.4080784,138,person,0.5,1.0,0.1602647602558136,0.5740396976470947
770,1775456714.4080784,206,person,0.5,0.5,0.11613531410694122,0.4424203038215637
770,1775456714.4080784,223,person,0.5,0.6,0.07711033523082733,0.4615665376186371
770,1775456714.4080784,222,person,0.5,0.5,0.10943281650543213,0.4414149224758148
770,1775456714.4080784,239,person,0.5,0.3,0.11980836093425751,0.3929712474346161
770,1775456714.4080784,125,person,0.5,0.5,0.10945097357034683,0.4414176642894745
771,1775456716.0567365,150,person,0.5,0.6,0.1366073042154312,0.47049108147621155
771,1775456716.0567365,157,person,0.5,0.5,0.1974467784166336,0.4546170234680176
771,1775456716.0567365,138,person,0.5,1.0,0.18484808504581451,0.577727198600769
771,1775456716.0567365,206,person,0.5,0.5,0.06951029598712921,0.4354265630245209
771,1775456716.0567365,223,person,0.5,0.6,0.06704428046941757,0.4600566327571869
771,1775456716.0567365,222,person,0.5,0.5,0.08193627744913101,0.4372904598712921
771,1775456716.0567365,239,person,0.5,0.3,0.5386486053466797,0.4557972848415375
771,1775456716.0567365,125,person,0.5,0.5,0.18472538888454437,0.45270881056785583
772,1775456717.8213022,150,person,0.5,0.6,0.0817231833934784,0.4622584581375122
772,1775456717.8213022,157,person,0.5,0.5,0.24206380546092987,0.4613095819950104
772,1775456717.8213022,138,person,0.5,1.0,0.07036865502595901,0.5605553388595581
772,1775456717.8213022,206,person,0.5,0.5,0.07682768255472183,0.4365241527557373
772,1775456717.8213022,223,person,0.5,0.6,0.09459578990936279,0.464189350605011
772,1775456717.8213022,222,person,0.5,0.5,0.20808155834674835,0.45621225237846375
772,1775456717.8213022,239,person,0.5,0.3,0.16951820254325867,0.4004277288913727
772,1775456717.8213022,125,person,0.5,0.5,0.07925142347812653,0.4368877410888672
773,1775456719.4821627,150,person,0.5,0.6,0.0765390545129776,0.46148085594177246
773,1775456719.4821627,157,person,0.5,0.5,0.14709167182445526,0.44706377387046814
773,1775456719.4821627,138,person,0.5,1.0,0.13895194232463837,0.5708428025245667
773,1775456719.4821627,206,person,0.5,0.5,0.11277276277542114,0.44191592931747437
773,1775456719.4821627,223,person,0.5,0.6,0.07521273195743561,0.4612818956375122
773,1775456719.4821627,222,person,0.5,0.5,0.10135485976934433,0.4402032494544983
773,1775456719.4821627,239,person,0.5,0.3,0.4605638384819031,0.4440845847129822
773,1775456719.4821627,125,person,0.5,0.5,0.12760736048221588,0.44414111971855164
774,1775456721.0418997,150,person,0.5,0.6,0.15053340792655945,0.4725800156593323
774,1775456721.0418997,157,person,0.5,0.5,0.32778307795524597,0.47416746616363525
774,1775456721.0418997,138,person,0.5,1.0,0.22506141662597656,0.5837592482566833
774,1775456721.0418997,206,person,0.5,0.5,0.23335078358650208,0.4600026309490204
774,1775456721.0418997,223,person,0.5,0.6,0.12535881996154785,0.4688038229942322
774,1775456721.0418997,222,person,0.5,0.5,0.0717763751745224,0.43576645851135254
774,1775456721.0418997,239,person,0.5,0.6,0.15007030963897705,0.47251054644584656
774,1775456721.0418997,125,person,0.5,0.5,0.09125812351703644,0.438688725233078
775,1775456722.476061,150,person,0.5,1.0,0.17303434014320374,0.5759551525115967
775,1775456722.476061,157,person,0.5,0.5,0.18004409968852997,0.45200663805007935
775,1775456722.476061,138,person,0.5,1.0,0.14999666810035706,0.5724995136260986
775,1775456722.476061,206,person,0.5,0.5,0.07337140291929245,0.43600571155548096
775,1775456722.476061,223,person,0.5,0.6,0.06179395318031311,0.45926907658576965
775,1775456722.476061,222,person,0.5,0.5,0.08932732790708542,0.4383991062641144
775,1775456722.476061,239,person,0.5,0.6,0.5419737100601196,0.5312960147857666
775,1775456722.476061,125,person,0.5,0.5,0.1640714406967163,0.44961073994636536
776,1775456724.2384288,150,person,0.5,1.0,0.08461196720600128,0.5626918077468872
776,1775456724.2384288,157,person,0.5,0.5,0.340348482131958,0.47605228424072266
776,1775456724.2384288,138,person,0.5,1.0,0.15417851507663727,0.5731267929077148
776,1775456724.2384288,206,person,0.5,0.5,0.15776486694812775,0.44866475462913513
776,1775456724.2384288,223,person,0.5,0.6,0.08695748448371887,0.46304360032081604
776,1775456724.2384288,222,person,0.5,0.5,0.0833970233798027,0.43750956654548645
776,1775456724.2384288,239,person,0.5,0.6,0.09913136065006256,0.4648696780204773
776,1775456724.2384288,125,person,0.5,0.5,0.15958121418952942,0.44893720746040344
776,1775456724.2384288,256,person,0.5,0.5,0.0,0.425
777,1775456726.0973418,150,person,0.5,0.6,0.07352177798748016,0.46102824807167053
777,1775456726.0973418,157,person,0.5,0.5,0.36467409133911133,0.47970113158226013
777,1775456726.0973418,138,person,0.5,1.0,0.17963919043540955,0.5769459009170532
777,1775456726.0973418,206,person,0.5,0.5,0.1400824785232544,0.44601237773895264
777,1775456726.0973418,223,person,0.5,0.6,0.06447264552116394,0.45967087149620056
777,1775456726.0973418,222,person,0.5,0.5,0.06457964330911636,0.43468695878982544
777,1775456726.0973418,239,person,0.5,0.3,0.3318467140197754,0.42477700114250183
777,1775456726.0973418,125,person,0.5,0.5,0.13310034573078156,0.44496506452560425
777,1775456726.0973418,256,person,0.5,0.5,0.37386369705200195,0.4810795783996582
778,1775456727.6322262,150,person,0.5,0.6,0.1169610470533371,0.4675441384315491
778,1775456727.6322262,157,person,0.5,0.5,0.39300453662872314,0.4839507043361664
778,1775456727.6322262,138,person,0.5,1.0,0.12190599739551544,0.5682859420776367
778,1775456727.6322262,206,person,0.5,0.5,0.15951183438301086,0.44892677664756775
778,1775456727.6322262,223,person,0.5,0.6,0.12886382639408112,0.4693295657634735
778,1775456727.6322262,222,person,0.5,0.5,0.17482498288154602,0.451223760843277
778,1775456727.6322262,239,person,0.5,0.3,0.19099868834018707,0.40364980697631836
778,1775456727.6322262,125,person,0.5,0.5,0.09161075949668884,0.43874162435531616
778,1775456727.6322262,256,person,0.5,0.5,0.570533812046051,0.5105800628662109
779,1775456729.2119708,150,person,0.5,1.0,0.1467122584581375,0.5720068216323853
779,1775456729.2119708,157,person,0.5,0.5,0.43400517106056213,0.49010080099105835
779,1775456729.2119708,138,person,0.5,1.0,0.12050613015890121,0.568075954914093
779,1775456729.2119708,206,person,0.5,0.5,0.0730888620018959,0.43596333265304565
779,1775456729.2119708,223,person,0.5,0.6,0.11004021018743515,0.4665060341358185
779,1775456729.2119708,222,person,0.5,0.5,0.0875052884221077,0.4381258189678192
779,1775456729.2119708,239,person,0.5,0.6,0.34281042218208313,0.5014215707778931
779,1775456729.2119708,125,person,0.5,0.5,0.038669854402542114,0.43080049753189087
779,1775456729.2119708,256,person,0.5,0.5,0.5474504232406616,0.5071175694465637
780,1775456731.2451859,150,person,0.5,0.6,0.22138941287994385,0.48320841789245605
780,1775456731.2451859,157,person,0.5,0.5,0.467390775680542,0.49510863423347473
780,1775456731.2451859,138,person,0.5,1.0,0.07811934500932693,0.5617179274559021
780,1775456731.2451859,206,person,0.5,0.5,0.07743101567029953,0.43661466240882874
780,1775456731.2451859,223,person,0.5,0.6,0.14861884713172913,0.47229281067848206
780,1775456731.2451859,222,person,0.5,0.5,0.19085747003555298,0.45362862944602966
780,1775456731.2451859,239,person,0.5,0.6,0.0437958762049675,0.4565693736076355
780,1775456731.2451859,125,person,0.5,0.5,0.06871512532234192,0.4353072941303253
780,1775456731.2451859,256,person,0.5,0.5,0.5666142702102661,0.5099921226501465
781,1775456732.889869,150,person,0.5,1.0,0.07595665752887726,0.5613934993743896
781,1775456732.889869,157,person,0.5,0.5,0.6320661306381226,0.5198099613189697
781,1775456732.889869,138,person,0.5,1.0,0.13978980481624603,0.570968508720398
781,1775456732.889869,206,person,0.5,0.5,0.19412033259868622,0.4541180729866028
781,1775456732.889869,223,person,0.5,0.6,0.1405748426914215,0.47108620405197144
781,1775456732.889869,222,person,0.5,0.5,0.1922687590122223,0.45384031534194946
781,1775456732.889869,239,person,0.5,0.3,0.3120061159133911,0.4218009114265442
781,1775456732.889869,125,person,0.5,0.5,0.08639848232269287,0.43795979022979736
781,1775456732.889869,256,person,0.5,0.5,0.4607245922088623,0.4941087067127228
782,1775456734.5485175,150,person,0.5,0.6,0.15121230483055115,0.47268182039260864
782,1775456734.5485175,157,person,0.5,0.5,1.0,0.575
782,1775456734.5485175,138,person,0.5,1.0,0.17521007359027863,0.5762815475463867
782,1775456734.5485175,206,person,0.5,0.5,0.13133761286735535,0.4447006583213806
782,1775456734.5485175,223,person,0.5,0.6,0.08385994285345078,0.46257898211479187
782,1775456734.5485175,222,person,0.5,0.5,0.12151400744915009,0.4432271122932434
782,1775456734.5485175,239,person,0.5,0.6,0.7158836722373962,0.5573825240135193
782,1775456734.5485175,125,person,0.5,0.5,0.08006281405687332,0.43700942397117615
782,1775456734.5485175,256,person,0.5,0.5,0.6987365484237671,0.5298104882240295
783,1775456736.1642332,150,person,0.5,1.0,0.09071367979049683,0.5636070370674133
783,1775456736.1642332,157,person,0.5,0.5,0.9035436511039734,0.5605315566062927
783,1775456736.1642332,138,person,0.5,1.0,0.10783696174621582,0.5661755800247192
783,1775456736.1642332,206,person,0.5,0.5,0.12071378529071808,0.44310706853866577
783,1775456736.1642332,223,person,0.5,0.6,0.09280280768871307,0.4639204144477844
783,1775456736.1642332,222,person,0.5,0.5,0.0907345861196518,0.4386101961135864
783,1775456736.1642332,239,person,0.5,0.3,0.07857340574264526,0.38678601384162903
783,1775456736.1642332,256,person,0.5,0.5,0.5399176478385925,0.5059876441955566
784,1775456737.628754,150,person,0.5,1.0,0.18164049088954926,0.5772460699081421
784,1775456737.628754,157,person,0.5,0.5,0.7555292844772339,0.5383294224739075
784,1775456737.628754,138,person,0.5,1.0,0.15467146039009094,0.5732007026672363
784,1775456737.628754,206,person,0.5,0.5,0.2886461615562439,0.46829694509506226
784,1775456737.628754,223,person,0.5,0.6,0.1014254242181778,0.465213805437088
784,1775456737.628754,222,person,0.5,0.5,0.13227173686027527,0.44484078884124756
784,1775456737.628754,239,person,0.5,0.3,0.36301732063293457,0.4294525980949402
784,1775456737.628754,256,person,0.5,0.5,0.5328496694564819,0.5049274563789368
784,1775456737.628754,125,person,0.5,0.5,0.059514354914426804,0.43392717838287354
785,1775456739.4213293,150,person,0.5,1.0,0.07669942080974579,0.5615049004554749
785,1775456739.4213293,157,person,0.5,0.5,0.822576642036438,0.5483865141868591
785,1775456739.4213293,138,person,0.5,1.0,0.20615701377391815,0.5809235572814941
785,1775456739.4213293,206,person,0.5,0.5,0.49756932258605957,0.49963539838790894
785,1775456739.4213293,223,person,0.5,0.6,0.07470126450061798,0.4612051844596863
785,1775456739.4213293,222,person,0.5,0.5,0.08854715526103973,0.4382820725440979
785,1775456739.4213293,239,person,0.5,0.3,0.43689998984336853,0.4405350089073181
785,1775456739.4213293,256,person,0.5,0.5,0.5083889365196228,0.501258373260498
785,1775456739.4213293,125,person,0.5,0.5,0.11146507412195206,0.44171977043151855
786,1775456741.0173898,150,person,0.5,0.6,0.13070601224899292,0.4696058928966522
786,1775456741.0173898,157,person,0.5,0.5,0.7375122308731079,0.5356268286705017
786,1775456741.0173898,138,person,0.5,1.0,0.09620888531208038,0.564431369304657
786,1775456741.0173898,206,person,0.5,0.5,0.3038167655467987,0.4705725312232971
786,1775456741.0173898,223,person,0.5,0.6,0.12085770070552826,0.46812865138053894
786,1775456741.0173898,222,person,0.5,0.5,0.09089196473360062,0.4386337995529175
786,1775456741.0173898,239,person,0.5,0.3,0.1952907145023346,0.40429359674453735
786,1775456741.0173898,256,person,0.5,0.5,0.4505577087402344,0.49258366227149963
787,1775456742.6573446,150,person,0.5,0.6,0.1560005247592926,0.4734000563621521
787,1775456742.6573446,157,person,0.5,0.5,0.47476404905319214,0.4962146282196045
787,1775456742.6573446,138,person,0.5,1.0,0.10723210871219635,0.5660848021507263
787,1775456742.6573446,206,person,0.5,0.5,0.4102935791015625,0.48654404282569885
787,1775456742.6573446,223,person,0.5,0.6,0.13451452553272247,0.47017717361450195
787,1775456742.6573446,222,person,0.5,0.5,0.049446169286966324,0.4324169456958771
787,1775456742.6573446,239,person,0.5,0.6,0.10878169536590576,0.46631723642349243
787,1775456742.6573446,256,person,0.5,0.5,0.39828839898109436,0.48474326729774475
787,1775456742.6573446,125,person,0.5,0.5,0.044362735003232956,0.4316544234752655
788,1775456744.2320757,150,person,0.5,1.0,0.26146048307418823,0.5892190933227539
788,1775456744.2320757,157,person,0.5,0.5,0.44626960158348083,0.491940438747406
788,1775456744.2320757,138,person,0.5,1.0,0.13098913431167603,0.5696483850479126
788,1775456744.2320757,206,person,0.5,0.5,0.3481856882572174,0.4772278666496277
788,1775456744.2320757,223,person,0.5,0.6,0.19392403960227966,0.47908860445022583
788,1775456744.2320757,222,person,0.5,0.5,0.08822757750749588,0.4382341504096985
788,1775456744.2320757,239,person,0.5,0.6,0.1345355063676834,0.47018030285835266
788,1775456744.2320757,256,person,0.5,0.5,0.2995923161506653,0.46993887424468994
789,1775456745.6431985,150,person,0.5,1.0,0.2769708037376404,0.5915456414222717
789,1775456745.6431985,157,person,0.5,0.5,0.4443383812904358,0.4916507601737976
789,1775456745.6431985,138,person,0.5,1.0,0.13115182518959045,0.5696727633476257
789,1775456745.6431985,206,person,0.5,0.5,0.26918914914131165,0.46537837386131287
789,1775456745.6431985,223,person,0.5,0.6,0.11695902049541473,0.4675438404083252
789,1775456745.6431985,222,person,0.5,0.5,0.1811576783657074,0.45217365026474
789,1775456745.6431985,239,person,0.5,0.6,0.19595885276794434,0.4793938100337982
789,1775456745.6431985,256,person,0.5,0.5,0.31008169054985046,0.4715122580528259
789,1775456745.6431985,125,person,0.5,0.5,0.17453671991825104,0.45118051767349243
790,1775456747.179271,150,person,0.5,1.0,0.28803884983062744,0.5932058095932007
790,1775456747.179271,157,person,0.5,0.5,0.48446783423423767,0.49767017364501953
790,1775456747.179271,138,person,0.5,1.0,0.10910743474960327,0.5663661360740662
790,1775456747.179271,206,person,0.5,0.5,0.27397850155830383,0.46609678864479065
790,1775456747.179271,223,person,0.5,0.6,0.09626387059688568,0.4644395709037781
790,1775456747.179271,222,person,0.5,0.5,0.14056167006492615,0.44608426094055176
790,1775456747.179271,239,person,0.5,0.6,0.11976250261068344,0.4679643511772156
790,1775456747.179271,256,person,0.5,0.5,0.2751932740211487,0.466279000043869
790,1775456747.179271,125,person,0.5,0.5,0.09358546882867813,0.43903782963752747
791,1775456748.7638454,150,person,0.5,1.0,0.28658822178840637,0.5929882526397705
791,1775456748.7638454,157,person,0.5,0.5,0.5126665830612183,0.5019000172615051
791,1775456748.7638454,138,person,0.5,1.0,0.09475357830524445,0.5642130374908447
791,1775456748.7638454,206,person,0.5,0.5,0.30693066120147705,0.47103962302207947
791,1775456748.7638454,223,person,0.5,0.6,0.11426137387752533,0.46713918447494507
791,1775456748.7638454,222,person,0.5,0.5,0.05567510053515434,0.4333512783050537
791,1775456748.7638454,239,person,0.5,0.6,0.5161426663398743,0.5274214148521423
791,1775456748.7638454,256,person,0.5,0.5,0.2468796670436859,0.4620319604873657
791,1775456748.7638454,125,person,0.5,0.5,0.12088241428136826,0.4431323707103729
792,1775456750.399396,150,person,0.5,1.0,0.26439136266708374,0.5896587371826172
792,1775456750.399396,157,person,0.5,0.5,0.5033912658691406,0.500508725643158
792,1775456750.399396,138,person,0.5,1.0,0.15240733325481415,0.5728611350059509
792,1775456750.399396,206,person,0.5,0.5,0.5248267650604248,0.5037240386009216
792,1775456750.399396,223,person,0.5,0.6,0.21521827578544617,0.48228272795677185
792,1775456750.399396,222,person,0.5,0.5,0.1236947625875473,0.44355422258377075
792,1775456750.399396,239,person,0.9282413125038147,0.3,0.16255390644073486,0.6563278436660767
792,1775456750.399396,256,person,0.5,0.5,0.2729807496070862,0.46594712138175964
792,1775456750.399396,125,person,0.5,0.5,0.03082740306854248,0.42962411046028137
793,1775456752.2431762,150,person,0.5,1.0,0.29683637619018555,0.5945254564285278
793,1775456752.2431762,157,person,0.5,0.5,0.40929779410362244,0.4863946735858917
793,1775456752.2431762,138,person,0.5,1.0,0.06633205711841583,0.5599498152732849
793,1775456752.2431762,223,person,0.5,0.6,0.17498131096363068,0.4762471914291382
793,1775456752.2431762,222,person,0.5,0.5,0.1302356719970703,0.44453537464141846
793,1775456752.2431762,239,person,0.5,0.6,0.15967635810375214,0.47395142912864685
793,1775456752.2431762,256,person,0.5,0.5,0.220364049077034,0.45805463194847107
793,1775456752.2431762,125,person,0.5,0.5,0.11642849445343018,0.44246429204940796
794,1775456754.0527852,150,person,0.5,1.0,0.17733769118785858,0.5766006708145142
794,1775456754.0527852,157,person,0.5,0.5,0.4650863707065582,0.49476295709609985
794,1775456754.0527852,138,person,0.5,1.0,0.1614791303873062,0.5742219090461731
794,1775456754.0527852,223,person,0.5,0.6,0.07966035604476929,0.46194905042648315
794,1775456754.0527852,222,person,0.5,0.5,0.15756012499332428,0.4486340284347534
794,1775456754.0527852,239,person,0.5,0.6,0.4456484913825989,0.5168472528457642
794,1775456754.0527852,256,person,0.5,0.5,0.28039178252220154,0.46705877780914307
794,1775456754.0527852,125,person,0.5,0.5,0.06816326081752777,0.4352245032787323
794,1775456754.0527852,206,person,0.5,0.5,0.35093924403190613,0.47764089703559875
795,1775456755.8193803,150,person,0.5,1.0,0.1599196493625641,0.5739879608154297
795,1775456755.8193803,157,person,0.5,0.5,0.6290106177330017,0.519351601600647
795,1775456755.8193803,138,person,0.5,1.0,0.15150555968284607,0.5727258324623108
795,1775456755.8193803,223,person,0.5,0.6,0.15090779960155487,0.4726361632347107
795,1775456755.8193803,222,person,0.5,0.5,0.11029007285833359,0.4415435194969177
795,1775456755.8193803,239,person,0.8700656890869141,0.6,0.2926950454711914,0.7159436345100403
795,1775456755.8193803,256,person,0.5,0.5,0.1766429990530014,0.4514964520931244
795,1775456755.8193803,125,person,0.5,0.5,0.08493731915950775,0.43774062395095825
796,1775456757.465499,150,person,0.5,1.0,0.14418545365333557,0.5716278553009033
796,1775456757.465499,157,person,0.5,0.5,0.41712474822998047,0.487568736076355
796,1775456757.465499,138,person,0.5,1.0,0.19960561394691467,0.5799408555030823
796,1775456757.465499,223,person,0.5,0.6,0.11282099783420563,0.46692314743995667
796,1775456757.465499,222,person,0.5,0.5,0.09664777666330338,0.439497172832489
796,1775456757.465499,239,person,0.9844468832015991,0.6,0.0807744637131691,0.7527843117713928
796,1775456757.465499,256,person,0.5,0.6,0.22432272136211395,0.4836483895778656
796,1775456757.465499,125,person,0.5,0.5,0.07134510576725006,0.43570178747177124
797,1775456758.9833846,150,person,0.5,1.0,0.20684857666492462,0.5810272693634033
797,1775456758.9833846,157,person,0.5,0.5,0.21668119728565216,0.45750218629837036
797,1775456758.9833846,138,person,0.5,1.0,0.1349697858095169,0.5702455043792725
797,1775456758.9833846,223,person,0.5,0.6,0.09163017570972443,0.46374452114105225
797,1775456758.9833846,222,person,0.5,0.5,0.11898287385702133,0.44284743070602417
797,1775456758.9833846,239,person,0.5,0.6,0.11136849224567413,0.4667052626609802
797,1775456758.9833846,256,person,0.5,0.5,0.3156825602054596,0.47235238552093506
797,1775456758.9833846,125,person,0.5,0.5,0.0510113351047039,0.43265169858932495
798,1775456760.5634112,150,person,0.5,1.0,0.21960973739624023,0.582941472530365
798,1775456760.5634112,157,person,0.5,0.5,0.6141317486763,0.5171197652816772
798,1775456760.5634112,138,person,0.5,1.0,0.09947802126407623,0.5649217367172241
798,1775456760.5634112,223,person,0.5,0.6,0.0993974357843399,0.4649096131324768
798,1775456760.5634112,222,person,0.5,0.5,0.22500531375408173,0.45875081419944763
798,1775456760.5634112,239,person,0.8756845593452454,0.6,0.2197982370853424,0.7083804607391357
798,1775456760.5634112,256,person,0.5,0.5,0.2081928253173828,0.45622894167900085
798,1775456760.5634112,125,person,0.5,0.5,0.0997358039021492,0.43996039032936096
799,1775456762.0672472,150,person,0.5,1.0,0.14075762033462524,0.571113646030426
799,1775456762.0672472,157,person,0.5,0.5,0.20447488129138947,0.4556712508201599
799,1775456762.0672472,138,person,0.5,1.0,0.13315102458000183,0.5699726939201355
799,1775456762.0672472,223,person,0.5,0.6,0.07300861179828644,0.4609512686729431
799,1775456762.0672472,222,person,0.5,0.5,0.15008136630058289,0.4475122094154358
799,1775456762.0672472,239,person,0.9336390495300293,0.6,0.1589963287115097,0.7340328693389893
799,1775456762.0672472,256,person,0.5,0.5,0.14772924780845642,0.44715940952301025
799,1775456762.0672472,125,person,0.5,0.5,0.09010399878025055,0.4385156035423279
800,1775456763.589168,150,person,0.5,1.0,0.06491772830486298,0.5597376823425293
800,1775456763.589168,157,person,0.5,0.5,0.1078711748123169,0.44118067622184753
800,1775456763.589168,138,person,0.5,1.0,0.14461174607276917,0.5716917514801025
800,1775456763.589168,223,person,0.5,0.6,0.08481292426586151,0.46272191405296326
800,1775456763.589168,222,person,0.5,0.5,0.14784811437129974,0.4471772313117981
800,1775456763.589168,239,person,0.8409624695777893,0.6,0.17759864032268524,0.6812173128128052
800,1775456763.589168,256,person,0.5,0.5,0.13312867283821106,0.4449693262577057
800,1775456763.589168,125,person,0.5,0.5,0.12697169184684753,0.4440457820892334
801,1775456765.1863177,150,person,0.5,1.0,0.13785767555236816,0.5706786513328552
801,1775456765.1863177,157,person,0.5,0.5,0.10455133020877838,0.44068270921707153
801,1775456765.1863177,138,person,0.5,1.0,0.1393500715494156,0.5709025263786316
801,1775456765.1863177,223,person,0.5,0.6,0.14990124106407166,0.47248518466949463
801,1775456765.1863177,222,person,0.5,0.6,0.1987690031528473,0.4798153340816498
801,1775456765.1863177,239,person,0.971386194229126,0.6,0.09903489053249359,0.7476869225502014
801,1775456765.1863177,256,person,0.5,0.3,0.13572125136852264,0.3953581750392914
801,1775456765.1863177,125,person,0.5,0.5,0.06851028650999069,0.4352765679359436
802,1775456766.9629972,150,person,0.5,1.0,0.09134168177843094,0.5637012720108032
802,1775456766.9629972,138,person,0.5,1.0,0.0788177028298378,0.5618226528167725
802,1775456766.9629972,223,person,0.5,0.6,0.17838993668556213,0.4767584800720215
802,1775456766.9629972,222,person,0.5,0.5,0.10627361387014389,0.44094106554985046
802,1775456766.9629972,239,person,0.5,0.6,0.3533169627189636,0.5029975175857544
802,1775456766.9629972,256,person,0.5,0.3,0.14278066158294678,0.39641711115837097
802,1775456766.9629972,125,person,0.5,0.5,0.1385486125946045,0.44578230381011963
803,1775456768.4575105,150,person,0.5,1.0,0.06385999172925949,0.5595790147781372
803,1775456768.4575105,138,person,0.5,1.0,0.11868785321712494,0.5678032040596008
803,1775456768.4575105,223,person,0.5,0.6,0.15467718243598938,0.47320157289505005
803,1775456768.4575105,222,person,0.5,0.5,0.06365709006786346,0.43454858660697937
803,1775456768.4575105,239,person,0.5,0.6,0.14429858326911926,0.471644788980484
803,1775456768.4575105,256,person,0.5,0.3,0.10883400589227676,0.39132511615753174
803,1775456768.4575105,125,person,0.5,0.5,0.07000954449176788,0.43550145626068115
804,1775456769.7871475,150,person,0.5,1.0,0.05015137046575546,0.557522714138031
804,1775456769.7871475,138,person,0.5,1.0,0.10089166462421417,0.5651337504386902
804,1775456769.7871475,223,person,0.5,0.6,0.10725031793117523,0.46608754992485046
804,1775456769.7871475,222,person,0.5,0.5,0.21687570214271545,0.4575313627719879
804,1775456769.7871475,239,person,0.5,0.6,0.10885180532932281,0.4663277566432953
804,1775456769.7871475,256,person,0.5,0.3,0.08625627309083939,0.3879384398460388
804,1775456769.7871475,125,person,0.5,0.5,0.13857100903987885,0.44578567147254944
805,1775456771.135513,150,person,0.5,1.0,0.07543997466564178,0.5613160133361816
805,1775456771.135513,138,person,0.5,1.0,0.12779349088668823,0.5691690444946289
805,1775456771.135513,223,person,0.5,0.6,0.09403317421674728,0.46410495042800903
805,1775456771.135513,222,person,0.5,0.5,0.12479312717914581,0.44371896982192993
805,1775456771.135513,239,person,0.5,0.6,0.2777540385723114,0.4916630983352661
805,1775456771.135513,256,person,0.5,0.3,0.10266189277172089,0.3903992772102356
805,1775456771.135513,125,person,0.5,0.5,0.09010802954435349,0.438516229391098
805,1775456771.135513,275,person,0.5,0.5,0.0,0.425
806,1775456772.6077828,150,person,0.5,1.0,0.13716106116771698,0.570574164390564
806,1775456772.6077828,138,person,0.5,1.0,0.0882926732301712,0.5632439255714417
806,1775456772.6077828,223,person,0.5,0.6,0.07787150144577026,0.46168071031570435
806,1775456772.6077828,222,person,0.5,0.6,0.09993742406368256,0.46499061584472656
806,1775456772.6077828,239,person,0.8587932586669922,0.6,0.13983163237571716,0.6862506866455078
806,1775456772.6077828,256,person,0.5,0.3,0.12458349764347076,0.39368751645088196
806,1775456772.6077828,125,person,0.5,0.5,0.10769104957580566,0.4411536753177643
806,1775456772.6077828,157,person,0.5,0.5,0.40300607681274414,0.4854509234428406
807,1775456774.0542643,150,person,0.5,1.0,0.06304904073476791,0.5594573616981506
807,1775456774.0542643,138,person,0.5,1.0,0.11434809863567352,0.567152202129364
807,1775456774.0542643,223,person,0.5,0.6,0.06723226606845856,0.46008482575416565
807,1775456774.0542643,222,person,0.5,0.5,0.11833808571100235,0.4427507221698761
807,1775456774.0542643,239,person,0.8378323912620544,0.6,0.09927557408809662,0.6675907373428345
807,1775456774.0542643,256,person,0.5,0.5,0.09129779785871506,0.43869468569755554
807,1775456774.0542643,125,person,0.5,0.5,0.07960404455661774,0.43694061040878296
807,1775456774.0542643,275,person,0.5,0.5,1.0,0.575
808,1775456775.6069388,150,person,0.5,1.0,0.08114604651927948,0.5621719360351562
808,1775456775.6069388,138,person,0.5,1.0,0.040582332760095596,0.5560873746871948
808,1775456775.6069388,223,person,0.5,0.6,0.168176531791687,0.4752264618873596
808,1775456775.6069388,222,person,0.5,0.3,0.14561410248279572,0.3968421220779419
808,1775456775.6069388,239,person,0.9963164329528809,0.6,0.10268602520227432,0.7631927728652954
808,1775456775.6069388,256,person,0.08026915788650513,0.3,0.18508252501487732,0.15092387795448303
808,1775456775.6069388,125,person,0.5,0.5,0.03776213899254799,0.4306643307209015
808,1775456775.6069388,275,person,0.5,0.5,0.8946678042411804,0.5592001676559448
808,1775456775.6069388,157,person,0.5,0.5,0.20435330271720886,0.45565301179885864
809,1775456778.1137905,150,person,0.5,1.0,0.09756588190793991,0.5646349191665649
809,1775456778.1137905,138,person,0.5,1.0,0.06296056509017944,0.5594440698623657
809,1775456778.1137905,223,person,0.5,0.6,0.11326030641794205,0.46698904037475586
809,1775456778.1137905,222,person,0.5,0.5,0.08840468525886536,0.4382607042789459
809,1775456778.1137905,239,person,0.8467800617218018,0.6,0.0944114476442337,0.6722297668457031
809,1775456778.1137905,256,person,0.5,0.3,0.14963750541210175,0.3974456191062927
809,1775456778.1137905,125,person,0.5,0.6,0.06578513979911804,0.4598677456378937
809,1775456778.1137905,275,person,0.5,0.5,0.3904077410697937,0.4835611879825592
810,1775456780.1860101,150,person,0.5,1.0,0.0791015475988388,0.5618652701377869
810,1775456780.1860101,138,person,0.5,1.0,0.11230746656656265,0.5668461322784424
810,1775456780.1860101,223,person,0.5,0.6,0.0971110612154007,0.4645666480064392
810,1775456780.1860101,222,person,0.5,0.6,0.19984637200832367,0.47997695207595825
810,1775456780.1860101,239,person,0.8343074917793274,0.6,0.06887759268283844,0.6609161496162415
810,1775456780.1860101,256,person,0.5,0.3,0.17614437639713287,0.4014216661453247
810,1775456780.1860101,125,person,0.5,0.5,0.10188525915145874,0.44028279185295105
811,1775456781.8197796,150,person,0.5,1.0,0.08351137489080429,0.5625267028808594
811,1775456781.8197796,138,person,0.5,1.0,0.10851459205150604,0.5662772059440613
811,1775456781.8197796,223,person,0.5,0.6,0.09910377860069275,0.4648655652999878
811,1775456781.8197796,222,person,0.5,0.5,0.18184901773929596,0.45227736234664917
811,1775456781.8197796,239,person,0.7885312438011169,0.6,0.2536867558956146,0.6611717939376831
811,1775456781.8197796,256,person,0.5,0.3,0.19866043329238892,0.40479907393455505
811,1775456781.8197796,125,person,0.5,1.0,0.11393551528453827,0.5670903325080872
812,1775456783.5177581,150,person,0.5,1.0,0.1461000293493271,0.5719150304794312
812,1775456783.5177581,138,person,0.5,1.0,0.12714451551437378,0.5690717101097107
812,1775456783.5177581,223,person,0.5,0.6,0.0780983716249466,0.4617147445678711
812,1775456783.5177581,222,person,0.5,0.5,0.20814724266529083,0.4562220871448517
812,1775456783.5177581,239,person,0.5,0.6,0.2299562692642212,0.4844934344291687
812,1775456783.5177581,256,person,0.5,0.3,0.18503224849700928,0.40275484323501587
812,1775456783.5177581,125,person,0.5,0.5,0.08178561925888062,0.43726786971092224
812,1775456783.5177581,157,person,0.5,0.5,0.4194498062133789,0.4879174828529358
812,1775456783.5177581,275,person,0.5,0.3,0.8135302662849426,0.49702954292297363
813,1775456785.4211957,150,person,0.5,1.0,0.14153295755386353,0.5712299346923828
813,1775456785.4211957,138,person,0.5,1.0,0.04328218474984169,0.5564923286437988
813,1775456785.4211957,223,person,0.5,0.6,0.06488454341888428,0.45973268151283264
813,1775456785.4211957,222,person,0.5,0.5,0.11620473861694336,0.4424307346343994
813,1775456785.4211957,239,person,0.9661051034927368,0.6,0.1250225305557251,0.7484164237976074
813,1775456785.4211957,256,person,0.5,0.5,1.0,0.575
813,1775456785.4211957,125,person,0.5,0.3,0.08884182572364807,0.3883262872695923
813,1775456785.4211957,275,person,0.5,0.5,1.0,0.575
